id,gt,a,b,c,bleu_a,bleu_b,bleu_c
30,yes,"user
You are an expert radiologist.





<image>
Does the lung look abnormal?
model
Based on the provided image, the lungs appear relatively normal. There are no obvious signs of consolidation, nodules, masses, or other significant abnormalities. The lung markings are present and appear consistent with normal lung tissue.

However, it's important to note that this is a single slice of a CT scan, and a","user
You are an expert radiologist.





<image>
Does the lung look abnormal?
model
Based on the provided image, the lungs appear relatively normal. There are no obvious signs of consolidation, nodules, masses, or other significant abnormalities. The lung markings are present and appear consistent with normal lung tissue.

However, it's important to note that this is a single image and a full assessment would require reviewing","user
You are an expert radiologist.





<image>
Does the lung look abnormal?
model
Based on the provided image, the lungs appear relatively normal. There are no obvious signs of consolidation, nodules, masses, or other significant abnormalities. The lung markings are present and appear consistent with normal lung tissue.

However, it's important to note that this is a single slice of a CT scan, and a",0.000000,0.000000,0.000000
51,left lung right upper lobe,"user
You are an expert radiologist.





<image>
Where is/are the abnormality located?
model
Based on the image provided, there are no obvious abnormalities identified. The heart size appears within normal limits, and the lung fields are clear. The mediastinum is unremarkable.","user
You are an expert radiologist.





<image>
Where is/are the abnormality located?
model
Based on the image provided, there are no obvious abnormalities detected. The heart size appears within normal limits, and the lung fields are clear with no evidence of consolidation, masses, or significant nodules. The mediastinum is also unremarkable.

However, it is important to note that this is a single image and a full assessment","user
You are an expert radiologist.





<image>
Where is/are the abnormality located?
model
Based on the image provided, there are no obvious abnormalities detected. The heart size appears within normal limits, and the lung fields are clear with no evidence of consolidation, masses, or significant pleural effusions. The mediastinal structures are also unremarkable.

However, it's important to note that this is a single image",0.000000,0.000000,0.000000
61,left lung lower right,"user
You are an expert radiologist.





<image>
Where is/are the abnormality located?
model
Based on the image provided, there appears to be a **mass/lesion in the right lung**. It is located in the upper lobe, near the pleura.

It is difficult to provide a definitive diagnosis without more information, such as the patient's clinical history, previous imaging, and the full series of","user
You are an expert radiologist.





<image>
Where is/are the abnormality located?
model
Based on the image provided, there is a **left upper lobe lung mass** that appears as a hypodense (darker) area within the lung parenchyma.

It is important to note that this is a single image and a full interpretation requires reviewing the entire CT scan series, including the patient's clinical history","user
You are an expert radiologist.





<image>
Where is/are the abnormality located?
model
Based on the provided image, there appears to be a mass in the right upper lobe of the lung. The mass is located near the hilum.

It is important to note that this is a single image and a full assessment would require reviewing the entire CT scan series, including the lung windows, mediastinal windows,",0.000000,0.000000,0.000000
67,no,"user
You are an expert radiologist.





<image>
Does spleen look abnormal?
model
Based on the image provided, it is difficult to definitively determine if the spleen is abnormal. The image quality is low, and the visualization of the spleen is limited. However, I can make some observations:

*   **Spleen Appearance:** The image shows a structure that could potentially represent the spleen. It appears","user
You are an expert radiologist.





<image>
Does spleen look abnormal?
model
Based on the image provided, it is difficult to definitively determine if the spleen is abnormal. The image is a highly processed, likely digital representation of a medical scan. The lack of clear anatomical structures and the presence of noise and artifacts make it challenging to assess the spleen's appearance.

To determine if the spleen is","user
You are an expert radiologist.





<image>
Does spleen look abnormal?
model
Based on the provided image, the spleen appears to be present and visible. However, it is difficult to assess the spleen's size, shape, and texture with certainty from this single image. A full assessment would require a complete series of images, including axial, coronal, and sagittal views, as well as potentially contrast",0.000000,0.000000,0.000000
81,left lung lower right,"user
You are an expert radiologist.





<image>
Where is/are the abnormality located?
model
Based on the image provided, there is a **cardiomegaly**, which is an enlarged heart. The heart appears to be significantly larger than normal in size.

It's important to note that this is a single slice of a CT scan. A full evaluation would require reviewing the entire series of images to assess the","user
You are an expert radiologist.





<image>
Where is/are the abnormality located?
model
Based on the image provided, there are no obvious abnormalities identified. The heart size appears within normal limits, and the lungs are clear with no evidence of consolidation, masses, or significant pleural effusions. The mediastinum is unremarkable.

However, it is important to note that this is a single image and a full evaluation","user
You are an expert radiologist.





<image>
Where is/are the abnormality located?
model
Based on the provided image, there appears to be a **left upper lobe lung mass** in the upper lobe of the left lung. It is a well-defined, roundish opacity with a slightly irregular border.

It is important to note that this is a single image and a full assessment would require reviewing the entire",0.000000,0.000000,0.000000
120,right lower lobe,"user
You are an expert radiologist.





<image>
Where is/are the abnormality located?
model
Based on the image provided, there are no obvious abnormalities identified. The lungs appear clear, the heart size is within normal limits, and there are no obvious masses or lesions. The mediastinum appears unremarkable.

However, it's important to note that this is a single axial slice. A full evaluation would require reviewing","user
You are an expert radiologist.





<image>
Where is/are the abnormality located?
model
Based on the image provided, there are no obvious abnormalities detected. The lungs appear clear, the heart size is within normal limits, and there are no obvious masses or lesions. The mediastinum is unremarkable.

However, it's important to note that this is a single slice of a CT scan. A full evaluation","user
You are an expert radiologist.





<image>
Where is/are the abnormality located?
model
Based on the image provided, there are no obvious abnormalities identified. The lungs appear clear, and the mediastinum and heart are within normal limits. The bony structures are also unremarkable.

However, it's important to note that this is a single slice of a CT scan. A full evaluation would require reviewing the entire",0.000000,0.000000,0.000000
153,yes,"user
You are an expert radiologist.





<image>
Are there abnormalities in this image?
model
Based on the chest X-ray provided, there are a few observations that warrant attention:

*   **Right-sided central line:** There appears to be a central line in place, likely a subclavian line, terminating in the superior vena cava. The line appears to be in good position.

*   **","user
You are an expert radiologist.





<image>
Are there abnormalities in this image?
model
Based on the provided chest X-ray image, I can see the following:

*   **Normal Lung Fields:** The lung fields appear relatively clear, with no obvious consolidation, nodules, or masses.
*   **Heart Size:** The heart size appears within normal limits.
*   **Mediastinum:**","user
You are an expert radiologist.





<image>
Are there abnormalities in this image?
model
Based on the chest X-ray provided, there are a few observations that warrant attention:

*   **Right-sided central line:** There appears to be a central line in place, likely a subclavian line, terminating in the superior vena cava. The line appears to be in good position.

*   **",0.000000,0.000000,0.000000
156,right lung lower left,"user
You are an expert radiologist.





<image>
Where is/are the abnormality located?
model
Based on the chest X-ray provided, there is a **right-sided subclavian line** that appears to be terminating in the superior vena cava. The line is not well visualized, but it is present.

There are no other obvious abnormalities identified in the lungs, heart, or mediastinum.","user
You are an expert radiologist.





<image>
Where is/are the abnormality located?
model
Based on the provided chest X-ray image, I can see the following:

*   **The image is a lateral view of the chest.** This means the X-ray beam is coming from the left side.
*   **The heart size appears within normal limits.**
*   **The lungs appear clear","user
You are an expert radiologist.





<image>
Where is/are the abnormality located?
model
Based on the chest X-ray provided, there is a **right-sided subclavian line** that appears to be terminating in the superior vena cava. The line is not well visualized, but it is present.

There are no obvious abnormalities in the lung fields, mediastinum, or heart border that are immediately apparent",0.000000,0.000000,0.000000
160,yes,"user
You are an expert radiologist.





<image>
Are there abnormalities in this image?
model
Based on the provided chest X-ray image, there are some potential abnormalities that warrant further investigation.

*   **Right-sided pleural effusion:** There appears to be a significant opacity in the right hemithorax, which could represent a pleural effusion. The fluid level is not clearly defined, but the overall density","user
You are an expert radiologist.





<image>
Are there abnormalities in this image?
model
Based on the provided image, there are some potential abnormalities that warrant further investigation.

*   **Possible Pneumothorax:** There appears to be a lucency in the left hemithorax, which could indicate a pneumothorax (air in the pleural space). However, it's difficult to definitively confirm this","user
You are an expert radiologist.





<image>
Are there abnormalities in this image?
model
Yes, there are several abnormalities visible in this chest X-ray. Here's a breakdown:

*   **Right-sided chest tube:** A chest tube is present on the right side, likely placed for drainage of fluid or air from the pleural space.

*   **Possible pneumothorax:** There is",0.000000,0.000000,0.000000
163,left lung upper right and right side of the trachea,"user
You are an expert radiologist.





<image>
Where is/are the abnormality located?
model
Based on the provided chest X-ray image, there appears to be a **right-sided pneumothorax**.

The presence of a collapsed right lung (hyperlucency) and the absence of lung markings in the right hemithorax are indicative of a pneumothorax. The mediastinum is shifted to the","user
You are an expert radiologist.





<image>
Where is/are the abnormality located?
model
Based on the provided image, there appears to be a **large opacity in the left hemithorax**. This could be due to a number of possibilities, including:

*   **Mass:** A tumor or other mass.
*   **Fluid:** Pleural effusion (fluid in the pleural space).
*","user
You are an expert radiologist.





<image>
Where is/are the abnormality located?
model
Based on the provided chest X-ray image, the abnormality appears to be located in the **left lung**.

Specifically, there is a **large opacity** in the left lung field, which could represent a mass, consolidation, or other pathological process.

It is important to note that this is a preliminary assessment based",0.000000,0.000000,0.000000
167,yes,"user
You are an expert radiologist.





<image>
Are there abnormalities in this image?
model
Based on the provided image, there are some potential abnormalities that warrant further investigation.

*   **Significant opacity in the right hemithorax:** The right lung field appears significantly denser than the left, which could indicate a number of possibilities, including:
    *   **Pneumonia:** Infection in the right","user
You are an expert radiologist.





<image>
Are there abnormalities in this image?
model
Based on the provided image, there are some observations that warrant further investigation.

*   **Technical Factors:** The image is a portable AP (anteroposterior) chest X-ray. This means the X-ray beam passes from the front (anterior) to the back (posterior) of the patient. This","user
You are an expert radiologist.





<image>
Are there abnormalities in this image?
model
Based on the provided image, there are several potential abnormalities that warrant further investigation. Here's a breakdown of my observations:

*   **Technical Artifacts:** The image is a portable AP (anteroposterior) radiograph, which is known to be prone to artifacts. These artifacts can obscure the underlying anatomy",0.000000,0.000000,0.000000
170,center left lung,"user
You are an expert radiologist.





<image>
Where is/are the abnormality located?
model
Based on the provided image, the abnormality appears to be located in the **right lung**. It is a large, dense opacity that obscures the right hemidiaphragm and right heart border. This could represent a mass, consolidation, or other process.

It is important to note that this is a single image and","user
You are an expert radiologist.





<image>
Where is/are the abnormality located?
model
Based on the provided image, there is a **significant opacity in the right hemithorax**. This could be due to a number of factors, including:

*   **Pneumothorax:** Air in the pleural space, causing lung collapse.
*   **Mass:** A tumor or other mass lesion.","user
You are an expert radiologist.





<image>
Where is/are the abnormality located?
model
Based on the provided image, the abnormality appears to be located in the **right upper lung field**.

Specifically, there is a large, dense opacity in the right upper lobe, which could represent a mass, consolidation, or other pathological process.

It is important to note that this is a preliminary assessment based on a",0.000000,0.000000,0.000000
172,both,"user
You are an expert radiologist.





<image>
Which organ is abnormal, heart or lung?
model
Based on the provided image, the **lung** appears to be abnormal. The image shows a significant opacity in the right lung field, which could indicate a number of conditions such as pneumonia, atelectasis, or a mass. The heart is not clearly visible in this image.","user
You are an expert radiologist.





<image>
Which organ is abnormal, heart or lung?
model
Based on the provided image, the **lung** appears to be the organ of primary concern.

Here's why:

*   **Lung Fields:** The lung fields are the areas on either side of the mediastinum (the central compartment of the chest). They are typically dark (black) on an X-","user
You are an expert radiologist.





<image>
Which organ is abnormal, heart or lung?
model
Based on the provided image, the **lung** appears to be abnormal. The image shows a portable chest X-ray with a significant amount of opacity in the right lung field, obscuring the normal lung markings. This could be due to various factors such as pneumonia, atelectasis, or other lung pathology. The",0.000000,0.000000,0.000000
175,question does this image look abnormal yes,"user
You are an expert radiologist.





<image>
Does this image look abnormal?
model
Yes, the image appears abnormal. There is a nodule present in the left lung.","user
You are an expert radiologist.





<image>
Does this image look abnormal?
model
Based on the provided image, it appears to be a chest X-ray.

**Initial Impression:**

The image shows the lungs, heart, and mediastinum. There are no obvious signs of acute pathology such as pneumothorax, large pleural effusion, or significant consolidation. The heart size appears within normal limits.","user
You are an expert radiologist.





<image>
Does this image look abnormal?
model
Yes, the image appears abnormal. There is a nodule present in the left lung.",0.141539,0.058591,0.141539
178,left lung lower right,"user
You are an expert radiologist.





<image>
Where is/are the abnormality located?
model
Based on the provided chest X-ray image, there appears to be a nodule in the left lung. The nodule is located in the upper lobe of the left lung.

It is important to note that this is a single image and a full evaluation would require reviewing the entire series of images, including the lateral","user
You are an expert radiologist.





<image>
Where is/are the abnormality located?
model
Based on the provided image, there are no obvious abnormalities identified. The lung fields appear clear, and there are no masses, consolidations, or other suspicious findings.

However, it's important to note that this is a single image and a full interpretation requires reviewing the entire study, including the patient's history","user
You are an expert radiologist.





<image>
Where is/are the abnormality located?
model
Based on the chest X-ray provided, there appears to be a nodule in the left lung. The nodule is located in the lower lobe of the left lung.

It is important to note that this is a single image and further evaluation, including comparison to prior imaging and potentially additional imaging modalities (such as",0.000000,0.000000,0.000000
184,right lung right side of the trachea,"user
You are an expert radiologist.





<image>
Where is/are the abnormality located?
model
Based on the provided chest X-ray, the most prominent abnormality appears to be **multiple metallic foreign bodies/fragments** located in the right upper chest region. These are likely shrapnel or other metallic debris.

The location is most likely in the soft tissues of the right upper chest, potentially near the shoulder or","user
You are an expert radiologist.





<image>
Where is/are the abnormality located?
model
Based on the provided chest X-ray image, there are several abnormalities present.

1.  **Multiple metallic foreign bodies/fragments:** There are numerous small metallic fragments/foreign bodies scattered throughout the right hemithorax, particularly in the upper lung fields. These appear as bright, metallic densities.

2.","user
You are an expert radiologist.





<image>
Where is/are the abnormality located?
model
Based on the chest X-ray provided, the most prominent abnormality appears to be **multiple metallic foreign bodies** located in the **left upper chest region**. These are likely surgical clips or other metallic implants.

The location is consistent with the area of the left upper chest, potentially near the clavicle or the chest wall",0.000000,0.000000,0.000000
185,yes the xray image shows a nodule which is an abnormality,"user
You are an expert radiologist.





<image>
Are there abnormalities in this image?
model
Yes, there are several abnormalities visible in this chest X-ray. Here's a breakdown:

*   **Multiple metallic foreign bodies/fragments:** There are numerous small metallic fragments/foreign bodies scattered throughout the right hemithorax, particularly in the upper lung fields. These are likely related to a previous injury","user
You are an expert radiologist.





<image>
Are there abnormalities in this image?
model
Yes, there are several abnormalities visible in this chest X-ray. Here's a breakdown:

*   **Multiple metallic foreign bodies/fragments:** There are numerous small metallic fragments/foreign bodies scattered throughout the right hemithorax, particularly in the upper lung fields. These are likely related to a previous injury","user
You are an expert radiologist.





<image>
Are there abnormalities in this image?
model
Yes, there are several abnormalities visible in this chest X-ray. Here's a breakdown:

*   **Multiple metallic densities/foreign bodies:** There are numerous small, metallic densities scattered throughout the left hemithorax, particularly in the upper lung fields. These are likely foreign bodies, possibly shrapnel",0.000000,0.000000,0.000000
189,yes,"user
You are an expert radiologist.





<image>
Are there abnormalities in this image?
model
Yes, there are several abnormalities visible in this chest X-ray. Here's a breakdown:

*   **Cardiomegaly:** The heart appears enlarged, which is indicated by the increased size of the cardiac silhouette. This could be due to various factors, including hypertension, valvular heart disease, cardiomyopathy,","user
You are an expert radiologist.





<image>
Are there abnormalities in this image?
model
Based on the chest X-ray provided, there are several observations that warrant further investigation.

*   **Cardiomegaly:** The heart appears enlarged, which could indicate cardiomegaly. This could be due to various factors, including hypertension, valvular heart disease, cardiomyopathy, or pericardial effusion.

*","user
You are an expert radiologist.





<image>
Are there abnormalities in this image?
model
Based on the chest X-ray provided, there are several observations that warrant attention:

*   **Cardiomegaly:** The heart appears enlarged, which could indicate cardiomegaly. This is a significant finding that requires further evaluation.

*   **Possible Pleural Effusion:** There is a hazy opacity in",0.000000,0.000000,0.000000
192,right lung lower left,"user
You are an expert radiologist.





<image>
Where is/are the abnormality located?
model
Based on the chest X-ray provided, there appears to be a significant opacity in the right hemithorax, obscuring the right lung field. This could be due to a number of factors, including:

*   **Mass:** A tumor or other mass could be present.
*   **Fluid:**","user
You are an expert radiologist.





<image>
Where is/are the abnormality located?
model
Based on the chest X-ray provided, there appears to be a significant opacity in the right hemithorax, obscuring the right lung field. This could be due to a number of factors, including:

*   **Mass:** A tumor or other mass could be present.
*   **Fluid:**","user
You are an expert radiologist.





<image>
Where is/are the abnormality located?
model
Based on the chest X-ray provided, there appears to be a **right-sided pleural effusion**. The fluid density is obscuring the right hemidiaphragm and the right lung base.

It's important to note that this is a preliminary interpretation based on a single image. A full assessment would require",0.000000,0.000000,0.000000
199,right lung,"user
You are an expert radiologist.





<image>
Where is/are the abnormality located?
model
Based on the chest X-ray provided, the abnormality appears to be located in the **right lung**. There is increased opacity in the right lung field, which could be due to various factors such as consolidation, fluid, or mass. Further evaluation with additional imaging or clinical correlation is needed to determine the exact cause.","user
You are an expert radiologist.





<image>
Where is/are the abnormality located?
model
Based on the chest X-ray provided, the abnormality appears to be located in the **cardiac silhouette**. Specifically, there is a large, round, opaque structure within the heart shadow, which could represent a **cardiac mass, enlarged heart, or other cardiac pathology**.

It is important to note that this is","user
You are an expert radiologist.





<image>
Where is/are the abnormality located?
model
Based on the chest X-ray provided, the abnormality appears to be located in the right lung field. There is increased opacity in the lower portion of the right lung, which could be indicative of consolidation, fluid, or other pathology.

It is important to note that this is a preliminary assessment based on a single image",0.000000,0.000000,0.000000
200,heart,"user
You are an expert radiologist.





<image>
Which organ is abnormal, heart or lung?
model
Based on the chest X-ray provided, the **heart** appears to be the abnormal organ.

Here's why:

*   **Heart Size:** The heart appears enlarged (cardiomegaly). The cardiac silhouette is significantly larger than normal.
*   **Cardiac Devices:** The presence of multiple cardiac devices","user
You are an expert radiologist.





<image>
Which organ is abnormal, heart or lung?
model
Based on the chest X-ray provided, the **heart** appears to be abnormal. The heart size seems enlarged, and there may be some evidence of cardiac enlargement. The lungs appear relatively clear.","user
You are an expert radiologist.





<image>
Which organ is abnormal, heart or lung?
model
Based on the chest X-ray provided, the **heart** appears to be the organ that is abnormal.

The heart appears enlarged (cardiomegaly). The cardiac silhouette is significantly increased in size, which could indicate cardiomegaly.

The lungs appear relatively clear, with no obvious signs of consolidation, effusion,",0.000000,0.000000,0.000000
203,yes,"user
You are an expert radiologist.





<image>
Are there abnormalities in this image?
model
Yes, there are some abnormalities visible in this chest X-ray.

*   **Right Hemithorax Opacity:** There appears to be increased opacity in the right hemithorax, which could indicate a number of possibilities, including:
    *   **Pneumonia:** An infection in the lung","user
You are an expert radiologist.





<image>
Are there abnormalities in this image?
model
Based on the provided image, there are some potential abnormalities that warrant further investigation.

*   **Right Lung Opacity:** There appears to be an area of increased density in the right lung field. This could be due to various factors, including consolidation (pneumonia), atelectasis, or a mass.

*","user
You are an expert radiologist.





<image>
Are there abnormalities in this image?
model
Yes, there are abnormalities in this image.

The most prominent abnormality is a large opacity in the right hemithorax. This could be due to a number of things, including:

*   **Pneumonia:** Infection in the lung tissue.
*   **Pleural effusion:** Fluid accumulation in the",0.000000,0.000000,0.000000
206,right lung,"user
You are an expert radiologist.





<image>
Where is/are the abnormality located?
model
Based on the provided chest X-ray, there appears to be a **right-sided pleural effusion**. The opacity in the right hemithorax suggests fluid accumulation in the pleural space.

It's important to note that this is a preliminary assessment based on a single image. Further evaluation, including comparison with prior","user
You are an expert radiologist.





<image>
Where is/are the abnormality located?
model
Based on the provided image, there appears to be a significant opacity in the right lung field. This could be due to a variety of factors, including:

*   **Pneumonia:** An infection causing inflammation and fluid accumulation in the lung tissue.
*   **Pleural effusion:** Fluid accumulation in the pleural","user
You are an expert radiologist.





<image>
Where is/are the abnormality located?
model
Based on the provided chest X-ray, there appears to be a significant opacity in the right lung field. This could be due to various factors, including pneumonia, pulmonary edema, or a mass. Further evaluation with additional imaging or clinical correlation is needed to determine the exact cause.",0.000000,0.000000,0.000000
208,lung,"user
You are an expert radiologist.





<image>
Which organ is abnormal, heart or lung?
model
Based on the provided chest X-ray, the **lung** appears to be abnormal.

Specifically, there is a significant opacity in the right lung field, which could represent a variety of conditions such as pneumonia, atelectasis, or pleural effusion. Further evaluation with additional imaging or clinical correlation is needed to determine the","user
You are an expert radiologist.





<image>
Which organ is abnormal, heart or lung?
model
Based on the provided image, the **lung** appears to be abnormal. There is a significant opacity in the right lung field, which could represent a consolidation, mass, or other pathology. The left lung appears relatively clear.

It's important to note that this is a single image and a full evaluation would require","user
You are an expert radiologist.





<image>
Which organ is abnormal, heart or lung?
model
Based on the provided chest X-ray, the **lung** appears abnormal.

Specifically, there is a significant opacity in the right lung field, which could represent a variety of conditions such as pneumonia, pulmonary edema, or pleural effusion. The left lung appears relatively clear.

It is important to note that this is",0.000000,0.000000,0.000000
211,yes,"user
You are an expert radiologist.





<image>
Are there abnormalities in this image?
model
Based on the provided image, there are some potential abnormalities that warrant further investigation.

*   **Possible Mass/Lesion:** There appears to be a somewhat ill-defined area of increased density in the upper abdomen, near the midline. This could represent a mass, lesion, or other abnormal structure.

*","user
You are an expert radiologist.





<image>
Are there abnormalities in this image?
model
Based on the image provided, it is difficult to definitively determine the presence of abnormalities without additional clinical information and comparison to prior imaging. However, I can offer some observations:

*   **Image Quality:** The image appears to be a high-resolution image, which is good.
*   **Overall Appearance:** The","user
You are an expert radiologist.





<image>
Are there abnormalities in this image?
model
Based on the chest X-ray provided, there are a few observations that could be considered abnormalities, although further clinical context is needed for a definitive diagnosis.

*   **Mediastinal clips:** The presence of multiple clips in the mediastinum suggests prior surgical intervention, likely related to cardiac surgery. This is a common",0.000000,0.000000,0.000000
214,center,"user
You are an expert radiologist.





<image>
Where is/are the abnormality located?
model
Based on the provided image, there is a **large, dense, and irregular mass** located in the **left upper quadrant** of the abdomen. It appears to be displacing the bowel loops.

It is difficult to provide a definitive diagnosis without more information, such as the patient's clinical history, previous imaging,","user
You are an expert radiologist.





<image>
Where is/are the abnormality located?
model
Based on the image provided, it is difficult to definitively identify any specific abnormalities without additional clinical information and comparison to prior imaging. However, I can offer some general observations:

*   **Overall Appearance:** The image appears to be a cross-sectional view, likely from a CT or MRI scan. The density of the","user
You are an expert radiologist.





<image>
Where is/are the abnormality located?
model
Based on the chest X-ray provided, there are a few observations that could be considered abnormalities, although further clinical context is needed for a definitive diagnosis.

*   **Mediastinal clips:** The presence of multiple clips in the mediastinum is a common finding, especially in patients with a history of cardiac surgery.",0.000000,0.000000,0.000000
215,heart,"user
You are an expert radiologist.





<image>
Which organ is abnormal, heart or lung?
model
Based on the image provided, the **lung** appears to be the abnormal organ.

The image shows a chest X-ray. The lung fields are relatively clear, with no obvious signs of consolidation, masses, or significant infiltrates. The heart size appears within normal limits.

Therefore, the lung is the organ","user
You are an expert radiologist.





<image>
Which organ is abnormal, heart or lung?
model
Based on the image provided, it is difficult to definitively determine if the heart or lungs are abnormal. The image appears to be a high-resolution medical image, likely from a CT scan or MRI. However, without additional information such as the patient's clinical history, the specific imaging protocol used, and comparison to prior","user
You are an expert radiologist.





<image>
Which organ is abnormal, heart or lung?
model
Based on the chest X-ray provided, the **lung** appears to be the primary area of concern.

Here's why:

*   **Lung Fields:** The lung fields are relatively clear, with no obvious large consolidations, effusions, or masses.
*   **Heart Size:** The heart",0.000000,0.000000,0.000000
220,right lung,"user
You are an expert radiologist.





<image>
Where is/are the abnormality located?
model
Based on the chest X-ray provided, there is a **mass/opacity** located in the **right upper lobe** of the lung. It appears as a dense, white area obscuring the normal lung tissue.

It's important to note that this is a preliminary assessment based on a single image. Further","user
You are an expert radiologist.





<image>
Where is/are the abnormality located?
model
Based on the provided image, there is a **large opacity in the right hemithorax**, obscuring the right lung field. This could be due to a number of possibilities, including:

*   **Mass:** A tumor or other mass.
*   **Pleural effusion:** Fluid accumulation in the pleural","user
You are an expert radiologist.





<image>
Where is/are the abnormality located?
model
Based on the chest X-ray provided, there is a **right-sided pleural effusion**. The fluid density is obscuring the right lung field.

It's important to note that this is a preliminary interpretation based on a single image. A full assessment would require reviewing the entire series of images, including lateral views",0.000000,0.000000,0.000000
221,yes the xray image shows an effusion,"user
You are an expert radiologist.





<image>
Are there abnormalities in this image?
model
Based on the chest X-ray provided, there are a few observations that warrant attention:

*   **Mediastinal Mass:** There appears to be a significant opacity in the superior mediastinum, obscuring the superior border of the right clavicle. This could represent a mass, enlarged lymph nodes, or other mediast","user
You are an expert radiologist.





<image>
Are there abnormalities in this image?
model
Based on the provided image, there are several potential abnormalities that warrant further investigation. Here's a breakdown of my observations:

*   **Cardiomegaly:** The heart appears enlarged, which could indicate cardiomegaly. This requires further evaluation with echocardiography or other cardiac imaging.

*   **Mediast","user
You are an expert radiologist.





<image>
Are there abnormalities in this image?
model
Based on the chest X-ray provided, there are several observations that warrant attention:

*   **Right-sided chest tube:** There is a visible chest tube on the right side of the image, suggesting a previous pneumothorax or pleural effusion. The position of the chest tube is consistent with its intended function.",0.000000,0.000000,0.000000
222,yes,"user
You are an expert radiologist.





<image>
Does the lung look abnormal?
model
Based on the provided chest X-ray image, the lungs appear relatively clear. There are no obvious signs of consolidation, large masses, or significant pleural effusions. The heart size appears within normal limits. The mediastinum is also unremarkable.

However, it's important to note that this is a single image and","user
You are an expert radiologist.





<image>
Does the lung look abnormal?
model
Based on the provided image, the lungs appear relatively clear. There are no obvious signs of consolidation, large masses, or significant pleural effusions. The heart size appears within normal limits. However, it's important to note that this is a single image and a full assessment would require reviewing the entire study, including the","user
You are an expert radiologist.





<image>
Does the lung look abnormal?
model
Based on the chest X-ray provided, the lungs appear relatively clear. There are no obvious signs of consolidation, large masses, or significant pleural effusions. The heart size appears within normal limits. The mediastinum is also unremarkable.

However, it's important to note that this is a single image and a",0.000000,0.000000,0.000000
223,lung,"user
You are an expert radiologist.





<image>
Which organ is abnormal, heart or lung?
model
Based on the chest X-ray provided, the **lung** appears to be the organ that is abnormal.

The image shows a significant opacity in the right upper lung field, which could indicate a consolidation, mass, or other abnormality. The heart size appears within normal limits.","user
You are an expert radiologist.





<image>
Which organ is abnormal, heart or lung?
model
Based on the provided image, the **lung** appears to be abnormal.

Here's why:

*   **Lung Opacity:** There is a significant area of increased density (opacity) in the right lung field, which could represent a consolidation, mass, or other abnormality.
*   **Heart:**","user
You are an expert radiologist.





<image>
Which organ is abnormal, heart or lung?
model
Based on the chest X-ray provided, the **lung** appears to be the primary area of concern.

Here's why:

*   **Lung Fields:** The lung fields are relatively clear, with no obvious large consolidations, effusions, or masses. However, there is a significant amount of white",0.000000,0.000000,0.000000
226,yes the xray image shows a nodule,"user
You are an expert radiologist.





<image>
Are there abnormalities in this image?
model
Yes, there are abnormalities present in the image.

The most obvious abnormality is a large opacity in the left hemithorax, obscuring the lung markings. This could be due to a number of things, including:

*   **Pleural effusion:** Fluid accumulation in the pleural space.
*   **","user
You are an expert radiologist.





<image>
Are there abnormalities in this image?
model
Based on the chest X-ray image provided, there are some potential abnormalities that warrant further investigation.

*   **Possible opacity in the lower left lung field:** There appears to be a hazy opacity in the lower left lung field. This could be due to various factors, including pneumonia, atelectasis, or pleural","user
You are an expert radiologist.





<image>
Are there abnormalities in this image?
model
Yes, there are abnormalities in this chest X-ray.

The most obvious abnormality is a large opacity in the left hemithorax, obscuring the lung markings. This could be due to a number of things, including:

*   **Mass:** A tumor or other mass.
*   **Ple",0.000000,0.000000,0.000000
229,both lungs,"user
You are an expert radiologist.





<image>
Where is/are the abnormality located?
model
Based on the chest X-ray provided, there appears to be a significant opacity in the left lower lung field. This could be due to a variety of factors, including:

*   **Pneumonia:** An infection causing inflammation and fluid accumulation in the lung tissue.
*   **Pleural effusion:** Fluid","user
You are an expert radiologist.





<image>
Where is/are the abnormality located?
model
Based on the chest X-ray provided, there appears to be a **left lower lobe opacity**. This could be due to various reasons, including pneumonia, atelectasis, or other infiltrates. Further evaluation with additional imaging or clinical correlation is recommended to determine the exact cause.","user
You are an expert radiologist.





<image>
Where is/are the abnormality located?
model
Based on the chest X-ray provided, there appears to be a significant opacity in the left hemithorax, obscuring the lung markings. This could be due to a number of possibilities, including:

*   **Pleural effusion:** Fluid accumulation in the pleural space.
*   **Mass:** A",0.000000,0.000000,0.000000
231,lung,"user
You are an expert radiologist.





<image>
Which organ is abnormal, heart or lung?
model
Based on the chest X-ray provided, the **lung** appears to be abnormal.

Specifically, there is a large opacity in the lower left lung field, which could represent a pleural effusion (fluid in the pleural space), consolidation (pneumonia), or atelectasis (lung collapse). Further evaluation with additional imaging","user
You are an expert radiologist.





<image>
Which organ is abnormal, heart or lung?
model
Based on the chest X-ray provided, the **lung** appears to be abnormal.

Specifically, there is a large opacity in the lower left lung field, which could represent a number of things, including pneumonia, atelectasis, or a mass. Further evaluation with additional imaging (e.g., CT scan","user
You are an expert radiologist.





<image>
Which organ is abnormal, heart or lung?
model
Based on the chest X-ray provided, the **lung** appears to be abnormal. The lung field on the left side is significantly denser than the right lung field, which could indicate a consolidation, effusion, or other abnormality.",0.000000,0.000000,0.000000
237,yes the xray image shows cardiomegaly,"user
You are an expert radiologist.





<image>
Are there abnormalities in this image?
model
Based on the chest X-ray provided, there are some notable findings that warrant further investigation.

*   **Cardiomegaly:** The heart appears enlarged, which could indicate cardiomegaly. This requires further evaluation to determine the underlying cause.
*   **Increased Lung Markings:** There appears to be increased","user
You are an expert radiologist.





<image>
Are there abnormalities in this image?
model
Based on the provided chest X-ray image, there are several observations that warrant further investigation.

1.  **Obscuration of the Lung Fields:** The lung fields appear significantly obscured, particularly on the right side. This could be due to various factors, including:
    *   **Mass/Tumor","user
You are an expert radiologist.





<image>
Are there abnormalities in this image?
model
Based on the chest X-ray provided, there are several observations that warrant attention:

*   **Significant Right-Sided Pleural Effusion:** There appears to be a large amount of fluid in the right pleural space, obscuring the right lung. This is a significant finding and could be due to various causes",0.000000,0.000000,0.000000
251,right lung,"user
You are an expert radiologist.





<image>
Where is/are the abnormality located?
model
Based on the provided image, there appears to be a **left upper lobe opacity**. This could be due to various reasons, including pneumonia, atelectasis, or a mass. Further evaluation with additional imaging (e.g., CT scan) would be needed to determine the exact cause.","user
You are an expert radiologist.





<image>
Where is/are the abnormality located?
model
Based on the provided image, the abnormality appears to be located in the **left lung**. There is a significant opacity or consolidation in the left lung field, obscuring the normal lung markings. This could be due to various conditions such as pneumonia, atelectasis, or other infiltrative processes.

It's important","user
You are an expert radiologist.





<image>
Where is/are the abnormality located?
model
Based on the provided chest X-ray, the abnormality appears to be located in the **left lung**.

Specifically, there is a significant opacity (whiteness) in the left lung field, obscuring the normal lung markings. This could be due to various causes, including:

*   **Pneumonia:**",0.000000,0.000000,0.000000
252,yes,"user
You are an expert radiologist.





<image>
Are there abnormalities in this image?
model
Based on the provided image, there are some potential abnormalities that warrant further investigation.

*   **Possible Pneumothorax:** There appears to be a lucency in the left hemithorax, which could indicate a pneumothorax (air in the pleural space). This is a critical finding that needs to be confirmed","user
You are an expert radiologist.





<image>
Are there abnormalities in this image?
model
Based on the provided image, there are several abnormalities that are immediately apparent:

*   **Significant opacity in the left hemithorax:** This suggests a possible mass, consolidation, or other process obscuring the lung tissue. The location and extent of this opacity need further evaluation.
*   **Possible pleural effusion","user
You are an expert radiologist.





<image>
Are there abnormalities in this image?
model
Yes, there are abnormalities in this image.

Here's a breakdown of what I see:

*   **Right Hemothorax:** There appears to be a significant amount of fluid in the right hemithorax, likely a hemothorax. This is indicated by the blunting of the right costoph",0.000000,0.000000,0.000000
254,lung,"user
You are an expert radiologist.





<image>
Which organ is abnormal, heart or lung?
model
Based on the provided image, the **lung** appears to be the abnormal organ.

The image shows a portable chest X-ray. The lung fields are not fully expanded, and there is some increased opacity in the lower lung zones. This could be due to various factors such as atelectasis, consolidation, or","user
You are an expert radiologist.





<image>
Which organ is abnormal, heart or lung?
model
Based on the provided image, the **lung** appears to be the abnormal organ. The image shows a chest X-ray, and the lung field on the left side is significantly obscured by what appears to be a large mass or consolidation. The right lung field is more visible.","user
You are an expert radiologist.





<image>
Which organ is abnormal, heart or lung?
model
Based on the provided chest X-ray, the **lung** appears to be abnormal.

Specifically, there is increased opacity in the left lung field, which could indicate a number of possibilities, including:

*   **Pneumonia:** An infection causing inflammation and fluid accumulation in the lung tissue.
*",0.000000,0.000000,0.000000
259,right lower lobe right side of the trachea,"user
You are an expert radiologist.





<image>
Where is/are the abnormality located?
model
Based on the provided image, there is a **prominent mediastinal shadow** in the chest. This could be due to several factors, including:

*   **Mass or Enlargement:** A mass or enlargement of a mediastinal structure (e.g., lymph node, thymus, aorta, etc.) could cause","user
You are an expert radiologist.





<image>
Where is/are the abnormality located?
model
Based on the provided image, there is a **prominent mediastinal shadow** that appears to be obscuring the right hilum. This could be due to a number of factors, including:

*   **Mass or Enlargement:** A mass or enlargement of the right hilum (e.g., lymph node","user
You are an expert radiologist.





<image>
Where is/are the abnormality located?
model
Based on the chest X-ray provided, there appears to be a **possible opacity in the right lung field**. It is difficult to definitively determine the nature of this opacity without additional information, such as the patient's clinical history, previous imaging, and comparison to prior studies.

However, the location and appearance of",0.000000,0.000000,0.000000
262,lung,"user
You are an expert radiologist.





<image>
Which organ is abnormal, heart or lung?
model
Based on the provided chest X-ray, the **lung** appears to be abnormal.

Specifically, there is a significant opacity in the right lung field, which could represent a consolidation, mass, or other abnormality. The left lung appears relatively clear.

It is important to note that this is a preliminary assessment based","user
You are an expert radiologist.





<image>
Which organ is abnormal, heart or lung?
model
Based on the provided image, the **lung** appears to be abnormal.

The lung field is not fully expanded, and there is a possible opacity in the lower lung region. This could be due to various factors, including atelectasis, consolidation, or other lung pathology.

The heart size appears within normal limits","user
You are an expert radiologist.





<image>
Which organ is abnormal, heart or lung?
model
Based on the chest X-ray provided, the **lung** appears to be abnormal.

Specifically, there is increased opacity in the lower lung fields, which could be indicative of pneumonia, atelectasis, or other lung pathology. The heart size appears within normal limits.",0.000000,0.000000,0.000000
267,right lung right side of the trachea,"user
You are an expert radiologist.





<image>
Where is/are the abnormality located?
model
Based on the chest X-ray provided, there appears to be a **right-sided chest tube** in place. The tube is likely positioned in the right pleural space, as indicated by the presence of a radiolucent area (air) in the right hemithorax.

It is difficult to definitively","user
You are an expert radiologist.





<image>
Where is/are the abnormality located?
model
Based on the provided chest X-ray image, there appears to be a **right-sided chest tube** in place. The tube's tip is likely located in the right pleural space, potentially near the apex.

It's difficult to definitively assess for other abnormalities without more information, such as the patient'","user
You are an expert radiologist.





<image>
Where is/are the abnormality located?
model
Based on the chest X-ray provided, there appears to be a **left-sided chest tube** in place. The tube is likely positioned in the lower portion of the left hemithorax.

There is also a **right-sided chest tube** in place. The tube is likely positioned in the lower",0.000000,0.000000,0.000000
268,yes the xray image shows effusion,"user
You are an expert radiologist.





<image>
Are there abnormalities in this image?
model
Based on the chest X-ray provided, there are several potential abnormalities that warrant further investigation. Here's a breakdown of my observations:

*   **Right-sided chest tube:** A chest tube is present on the right side, suggesting a possible pneumothorax or pleural effusion. The position of the chest tube","user
You are an expert radiologist.





<image>
Are there abnormalities in this image?
model
Based on the provided image, there are several potential abnormalities that warrant further investigation. Here's a breakdown of my observations:

*   **Right-sided chest tube:** There appears to be a chest tube in place on the right side of the chest. This suggests a previous pneumothorax or pleural effusion that has","user
You are an expert radiologist.





<image>
Are there abnormalities in this image?
model
Yes, there are several abnormalities visible in this chest X-ray. Here's a breakdown:

*   **Right-sided chest tube:** A chest tube is present on the right side, likely placed to drain fluid or air from the pleural space. The position of the chest tube is consistent with its intended purpose",0.000000,0.000000,0.000000
270,lung,"user
You are an expert radiologist.





<image>
Which organ is abnormal, heart or lung?
model
Based on the chest X-ray provided, the **lung** appears to be abnormal.

Specifically, there is a significant opacity in the left lung field, which could represent a consolidation, infiltrate, or other process. The right lung appears relatively clear.

It is important to note that this is a preliminary assessment based","user
You are an expert radiologist.





<image>
Which organ is abnormal, heart or lung?
model
Based on the chest X-ray provided, the **lung** appears to be abnormal.

Specifically, there is a large opacity in the left lung field, which could represent a consolidation, mass, or other abnormality. The right lung appears relatively clear.

It is important to note that this is a preliminary assessment based","user
You are an expert radiologist.





<image>
Which organ is abnormal, heart or lung?
model
Based on the chest X-ray provided, the **lung** appears to be abnormal.

Specifically, there is a significant opacity in the left hemithorax, obscuring the lung markings. This could be due to a variety of factors, including:

*   **Pneumonia:** Infection in the lung",0.000000,0.000000,0.000000
273,yes,"user
You are an expert radiologist.





<image>
Are there abnormalities in this image?
model
Yes, there are several abnormalities visible in the chest X-ray.

*   **Multiple metallic densities/foreign bodies:** There are numerous small, metallic densities scattered throughout the right hemithorax, particularly in the upper lung fields. These are likely foreign bodies, possibly from prior procedures or trauma.

*","user
You are an expert radiologist.





<image>
Are there abnormalities in this image?
model
Yes, there are several abnormalities visible in the image. Here's a breakdown:

*   **Multiple metallic densities/foreign bodies:** There are numerous small, metallic densities scattered throughout the right shoulder region. These appear to be foreign bodies, possibly shrapnel or surgical hardware. The exact nature and origin of these","user
You are an expert radiologist.





<image>
Are there abnormalities in this image?
model
Yes, there are several abnormalities visible in this chest X-ray.

*   **Multiple metallic densities/foreign bodies:** There are numerous small metallic densities scattered throughout the right hemithorax, particularly in the upper lung fields. These likely represent foreign bodies, possibly shrapnel or other metallic objects.

*",0.000000,0.000000,0.000000
276,left lung lower right,"user
You are an expert radiologist.





<image>
Where is/are the abnormality located?
model
Based on the provided chest X-ray image, the abnormality appears to be located in the **right upper lung field**.

Specifically, there are multiple small, radiopaque (white) densities scattered throughout the right upper lung. These densities are likely representing **foreign bodies** or **metallic fragments**.

It's important","user
You are an expert radiologist.





<image>
Where is/are the abnormality located?
model
Based on the provided image, the abnormality appears to be located in the **right shoulder region**. There are multiple metallic densities/foreign bodies present in the soft tissues of the right shoulder.

It is difficult to provide a definitive diagnosis without more information, such as the patient's history and clinical presentation. However, the","user
You are an expert radiologist.





<image>
Where is/are the abnormality located?
model
Based on the chest X-ray provided, the abnormality appears to be located in the right upper lung field. There are multiple small, round metallic densities scattered throughout the right upper lung. These likely represent metallic foreign bodies or surgical clips.

It is important to note that without clinical context, it is difficult to determine the",0.000000,0.000000,0.000000
278,lung,"user
You are an expert radiologist.





<image>
Which organ is abnormal, heart or lung?
model
Based on the provided chest X-ray, the **lung** appears to be the abnormal organ.

The image shows a significant amount of metallic foreign material (likely shrapnel) in the right upper lung field. This is a clear indication of a possible injury to the lung tissue. The heart appears to be in","user
You are an expert radiologist.





<image>
Which organ is abnormal, heart or lung?
model
Based on the provided image, the **lung** appears to be the abnormal organ.

The image shows a chest X-ray. The lungs are the dark, air-filled structures visible on either side of the heart. There are some areas of increased density within the lung fields, which could represent various conditions such as","user
You are an expert radiologist.





<image>
Which organ is abnormal, heart or lung?
model
Based on the chest X-ray provided, the **lung** appears to be the primary area of concern.

The image shows a significant amount of metallic foreign material (likely shrapnel) in the right upper lung field. This is a clear indication of a possible injury to the lung tissue. The heart is visible",0.000000,0.000000,0.000000
283,the abnormality is located in the right lung,"user
You are an expert radiologist.





<image>
Where is/are the abnormality located?
model
Based on the chest X-ray provided, there appears to be a **left upper lobe consolidation**. This is indicated by the increased opacity in the left upper lung field, obscuring the normal lung markings.

It's important to note that this is a single image and further evaluation is needed to confirm the diagnosis and","user
You are an expert radiologist.





<image>
Where is/are the abnormality located?
model
Based on the provided chest X-ray image, there appears to be a **left upper lobe opacity**. This could be due to various reasons, including pneumonia, consolidation, or a mass. Further evaluation with additional imaging or clinical correlation is recommended to determine the exact cause.","user
You are an expert radiologist.





<image>
Where is/are the abnormality located?
model
Based on the chest X-ray provided, there appears to be a **left upper lobe opacity**. This could be due to various reasons, including pneumonia, consolidation, or other infiltrates. Further evaluation with additional imaging or clinical correlation is recommended to determine the exact cause.",0.000000,0.000000,0.000000
286,lung,"user
You are an expert radiologist.





<image>
Which organ is abnormal, heart or lung?
model
Based on the chest X-ray provided, the **lung** appears to be abnormal.

Specifically, there is a white area in the upper left lung field, which could indicate a consolidation, pneumonia, or other lung pathology.

The heart size appears within normal limits on this single image. However, a full assessment","user
You are an expert radiologist.





<image>
Which organ is abnormal, heart or lung?
model
Based on the provided chest X-ray image, the **lung** appears to be the primary organ of concern.

Here's why:

*   **Lung Fields:** The lung fields are the areas of the chest that are primarily filled with air. They appear dark (black) on an X-ray.","user
You are an expert radiologist.





<image>
Which organ is abnormal, heart or lung?
model
Based on the chest X-ray provided, the **lung** appears to be abnormal.

Specifically, there is some increased opacity in the lower lung fields, which could be indicative of pneumonia, pulmonary edema, or other lung pathology. The heart size appears within normal limits.",0.000000,0.000000,0.000000
289,yes,"user
You are an expert radiologist.





<image>
Does this image look abnormal?
model
Yes, the image appears abnormal. There are several findings that raise concern:

*   **Right-sided Pleural Effusion:** There is a significant opacity in the right hemithorax, suggesting a pleural effusion. The fluid obscures the normal lung markings.
*   **Possible Pneumothorax:** There is","user
You are an expert radiologist.





<image>
Does this image look abnormal?
model
Yes, the image appears abnormal. There are several findings that raise concern:

*   **Right-sided opacity:** There is a significant opacity in the right lung field, which could represent a consolidation, mass, or other process.
*   **Possible pleural effusion:** There may be a small pleural effusion on the","user
You are an expert radiologist.





<image>
Does this image look abnormal?
model
Yes, the image appears abnormal. There are several findings that raise concern:

*   **Right-sided opacity:** There is a significant opacity in the right hemithorax, obscuring the right hemidiaphragm. This could be due to a variety of causes, including pneumonia, pleural effusion, ate",0.000000,0.000000,0.000000
292,left lung right lung right side of the trachea,"user
You are an expert radiologist.





<image>
Where is/are the abnormality located?
model
Based on the chest X-ray provided, the abnormality appears to be located in the **right lung**.

Specifically, there is a **dense opacity** in the right lung field, which could represent a consolidation, mass, or other infiltrative process. The location is likely in the lower lobe of the right lung.","user
You are an expert radiologist.





<image>
Where is/are the abnormality located?
model
Based on the chest X-ray provided, there appears to be a **right-sided pleural effusion**. The opacity in the right hemithorax suggests fluid accumulation in the pleural space.

The image also shows a **central venous catheter** in the right subclavian vein, likely for central venous access.

It","user
You are an expert radiologist.





<image>
Where is/are the abnormality located?
model
Based on the chest X-ray provided, the abnormality appears to be located in the **right lung**. There is increased opacity in the right lung field, which could be indicative of consolidation, fluid, or other infiltrative processes.

It is important to note that this is a preliminary interpretation based on a single image.",0.000000,0.000000,0.000000
294,yes the xray image shows abnormalities indicative of pneumonia,"user
You are an expert radiologist.





<image>
Are there abnormalities in this image?
model
Yes, there are several abnormalities visible in this chest X-ray. Here's a breakdown:

*   **Right-sided Pleural Effusion:** There appears to be a significant amount of fluid in the right pleural space, obscuring the right hemidiaphragm and the right costophrenic angle","user
You are an expert radiologist.





<image>
Are there abnormalities in this image?
model
Yes, there are abnormalities present in the image.

Here's a breakdown of what I see:

*   **Right Hemithorax:** There appears to be a significant opacity in the right hemithorax, obscuring the right hemidiaphragm. This could be due to a number of","user
You are an expert radiologist.





<image>
Are there abnormalities in this image?
model
Yes, there are several abnormalities visible in this chest X-ray. Here's a breakdown:

*   **Right-sided Pleural Effusion:** There appears to be a significant amount of fluid in the right pleural space, obscuring the right hemidiaphragm and the right lung base. This is",0.000000,0.000000,0.000000
295,lung,"user
You are an expert radiologist.





<image>
Which organ is abnormal, heart or lung?
model
Based on the chest X-ray provided, the **lung** appears to be abnormal.

Specifically, there is a significant opacity in the left lung field, which could indicate a number of possibilities, including pneumonia, pulmonary edema, or other infiltrative processes. The right lung appears relatively clear.

The heart size is","user
You are an expert radiologist.





<image>
Which organ is abnormal, heart or lung?
model
Based on the chest X-ray provided, the **lung** appears to be abnormal.

Specifically, there is a significant opacity in the left lung field, which could indicate a consolidation, effusion, or other process. The right lung appears relatively clear.

It's important to note that this is a preliminary assessment","user
You are an expert radiologist.





<image>
Which organ is abnormal, heart or lung?
model
Based on the chest X-ray provided, the **lung** appears to be abnormal.

Specifically, there is a significant opacity in the right lung field, which could indicate a number of conditions such as pneumonia, pulmonary edema, or pleural effusion. The left lung appears relatively clear.

The heart size is within normal",0.000000,0.000000,0.000000
298,question are there abnormalities in this image original answer yes candidate answer1 yes candidate answer2 yes candidate answer3 yes yes,"user
You are an expert radiologist.





<image>
Are there abnormalities in this image?
model
Yes, there are several abnormalities visible in this image. Here's a breakdown:

*   **Large Air-Filled Structure:** The most prominent abnormality is the large, air-filled structure occupying a significant portion of the upper abdomen. This is likely a **distended stomach**. The lack of bowel gas in the","user
You are an expert radiologist.





<image>
Are there abnormalities in this image?
model
Based on the provided image, there are several potential abnormalities that warrant further investigation. Here's a breakdown of my observations:

*   **Bowel Distention:** The image shows significant distention of the bowel loops, particularly in the upper abdomen. This could be due to a number of factors, including obstruction,","user
You are an expert radiologist.





<image>
Are there abnormalities in this image?
model
Based on the provided image, there are some potential abnormalities that warrant further investigation.

*   **Cardiomegaly:** The heart appears enlarged, which could indicate cardiomegaly.
*   **Pulmonary Vascular Congestion:** There may be some evidence of pulmonary vascular congestion, which could be related to heart failure",0.080140,0.074473,0.081436
301,effusion is located in the right lung,"user
You are an expert radiologist.





<image>
Where is/are the abnormality located?
model
Based on the provided image, the abnormality appears to be located in the **right upper quadrant of the abdomen**.

Specifically, it appears to be a large, dense, and possibly fluid-filled structure. This could be a variety of things, including:

*   **Large bowel obstruction:** This is a common cause","user
You are an expert radiologist.





<image>
Where is/are the abnormality located?
model
Based on the image provided, there appears to be a significant amount of air within the stomach, potentially causing a distended appearance. This could be due to a number of factors, including:

*   **Gastric distension:** This can be caused by various conditions, such as eating a large meal, swallowing air","user
You are an expert radiologist.





<image>
Where is/are the abnormality located?
model
Based on the provided image, there is a significant opacity in the left hemithorax, obscuring the lung markings. This could be due to a number of factors, including:

*   **Mass:** A tumor or other mass could be present.
*   **Pleural effusion:** Fluid accumulation in the",0.040709,0.000000,0.000000
303,lung,"user
You are an expert radiologist.





<image>
Which organ is abnormal, heart or lung?
model
Based on the provided image, the **lung** appears to be abnormal.

Here's why:

*   **Lung Opacity:** The lung field on the right side of the image appears opaque, indicating a possible consolidation, mass, or other abnormality. The left lung appears relatively clear.
*   **","user
You are an expert radiologist.





<image>
Which organ is abnormal, heart or lung?
model
Based on the image provided, the **lung** appears to be abnormal.

Here's why:

*   **Lung Opacity:** The lung field shows areas of increased density (whiteness) that are not consistent with normal lung tissue. This could be due to various conditions such as pneumonia, pulmonary edema,","user
You are an expert radiologist.





<image>
Which organ is abnormal, heart or lung?
model
Based on the provided image, the **lung** appears to be abnormal. The image shows a significant opacity in the right lung field, which could indicate a number of conditions such as pneumonia, atelectasis, or a mass. The heart is not clearly visible in this image.",0.000000,0.000000,0.000000
313,yes,"user
You are an expert radiologist.





<image>
Are there abnormalities in this image?
model
Based on the provided image, there are several potential abnormalities that warrant further investigation. Here's a breakdown of my observations:

*   **Right Shoulder:** There appears to be a significant abnormality in the right shoulder. The humeral head is not well-defined, and there is a possible fracture or dislocation. The ac","user
You are an expert radiologist.





<image>
Are there abnormalities in this image?
model
Based on the provided image, there are several potential abnormalities that warrant further investigation. Here's a breakdown of my observations:

*   **Possible Foreign Body:** There appears to be a metallic object (likely a catheter or other medical device) in the upper abdomen, possibly near the kidney. The exact location and type","user
You are an expert radiologist.





<image>
Are there abnormalities in this image?
model
Based on the provided image, there are some potential abnormalities that warrant further investigation.

*   **Possible Foreign Body:** There appears to be a metallic object (likely a surgical clip or suture) in the right upper quadrant of the abdomen. This could be a surgical clip from a previous procedure.

*   **Possible",0.000000,0.000000,0.000000
316,right side of the trachea,"user
You are an expert radiologist.





<image>
Where is/are the abnormality located?
model
Based on the provided image, there appears to be a **right shoulder abnormality**.

Specifically, there is a **prominent bony lesion** in the right shoulder region. It is difficult to precisely characterize the lesion without additional information (e.g., clinical history, prior imaging) and a more detailed view. However,","user
You are an expert radiologist.





<image>
Where is/are the abnormality located?
model
Based on the image provided, there are several potential abnormalities that could be present. However, without more information about the patient's history, clinical presentation, and the specific imaging protocol used, it is impossible to definitively determine the cause of these findings.

Here are some possibilities:

*   **Calcifications:** The","user
You are an expert radiologist.





<image>
Where is/are the abnormality located?
model
Based on the provided image, there are a few observations that could be considered abnormalities, although further clinical context is needed for a definitive diagnosis.

*   **Possible Rib Fracture:** There is a linear density along the right rib cage, which could represent a fracture. However, it's difficult to assess the full extent",0.000000,0.000000,0.000000
317,heart,"user
You are an expert radiologist.





<image>
Which organ is abnormal, heart or lung?
model
Based on the provided image, the **lung** appears to be abnormal.

Here's why:

*   **Lung Opacities:** There are areas of increased density (whiteness) within the lung fields, which could represent consolidation (fluid or inflammatory material filling the air spaces), nodules, or other abnormalities","user
You are an expert radiologist.





<image>
Which organ is abnormal, heart or lung?
model
Based on the image provided, the **lung** appears to be the abnormal organ.

Here's why:

*   **Lung Appearance:** The lung field shows a lack of the normal lung markings (blood vessels, bronchi) and a hazy appearance. This could indicate a variety of conditions, including pneumonia, pulmonary","user
You are an expert radiologist.





<image>
Which organ is abnormal, heart or lung?
model
Based on the provided chest X-ray image, the **lung** appears to be the primary area of concern.

Here's why:

*   **Lung Fields:** The lung fields are relatively clear, with no obvious large consolidations, effusions, or masses. However, there is some increased opacity in",0.000000,0.000000,0.000000
322,center possibly extending to the right side of the trachea and the right lung,"user
You are an expert radiologist.





<image>
Where is/are the abnormality located?
model
Based on the provided image, the abnormality appears to be located in the **chest**.

Specifically, the image shows a significant amount of **air** within the chest cavity, which is not normal. This could be due to a pneumothorax (collapsed lung), a pneumomediastinum (air in the mediast","user
You are an expert radiologist.





<image>
Where is/are the abnormality located?
model
Based on the image provided, there appears to be a significant amount of fluid in the abdomen, potentially indicating ascites. The fluid obscures the normal anatomical structures in the abdomen.

It is difficult to pinpoint the exact location of the abnormality without more information, such as the patient's clinical history and other imaging studies.","user
You are an expert radiologist.





<image>
Where is/are the abnormality located?
model
Based on the chest X-ray provided, there is a **significant opacity in the right hemithorax**, obscuring the right lung field. This could be due to a number of factors, including:

*   **Pneumothorax:** Air in the pleural space, causing lung collapse.
*",0.000000,0.000000,0.000000
323,yes,"user
You are an expert radiologist.





<image>
Are there abnormalities in this image?
model
Based on the provided image, there are several abnormalities that are immediately apparent:

*   **Significant opacity in the chest:** The entire chest appears opaque, obscuring the lung fields. This is a major concern and could be due to various factors, including:
    *   **Massive pleural effusion:** A large","user
You are an expert radiologist.





<image>
Are there abnormalities in this image?
model
Based on the image provided, there are several potential abnormalities that warrant further investigation. Here's a breakdown of my observations:

*   **Significant Blurring/Lack of Definition:** The image appears to be severely blurred, making it difficult to discern the normal anatomical structures. This could be due to various factors, including","user
You are an expert radiologist.





<image>
Are there abnormalities in this image?
model
Based on the provided image, there are several observations that warrant attention:

*   **Incomplete Lung Expansion:** The lungs appear to be somewhat underinflated, with a lack of the normal lung markings and vascular distribution. This could be due to various factors, including respiratory depression, neuromuscular disease, or other underlying conditions",0.000000,0.000000,0.000000
324,lung,"user
You are an expert radiologist.





<image>
Which organ is abnormal, heart or lung?
model
Based on the provided image, the **lung** appears to be abnormal. The lung field is largely opaque, suggesting a potential issue such as consolidation, atelectasis, or other pathology. The heart is not clearly visible due to the overlying structures.","user
You are an expert radiologist.





<image>
Which organ is abnormal, heart or lung?
model
Based on the image provided, the **lung** appears to be abnormal. The lung field is largely filled with a white opacity, which could indicate a number of things, including fluid, consolidation, or other pathology. The heart is not clearly visible in this image.","user
You are an expert radiologist.





<image>
Which organ is abnormal, heart or lung?
model
Based on the chest X-ray provided, the **lung** appears to be abnormal.

The lung field is largely opaque, suggesting a possible consolidation or other abnormality within the lung tissue. The heart size appears within normal limits.",0.000000,0.000000,0.000000
329,center,"user
You are an expert radiologist.





<image>
Where is/are the abnormality located?
model
Based on the provided image, there is a **significant abnormality in the left shoulder region**. It appears to be a large, dense opacity obscuring the normal structures of the shoulder joint. This could be due to a number of possibilities, including:

*   **Fracture:** A displaced or comminuted fracture of","user
You are an expert radiologist.





<image>
Where is/are the abnormality located?
model
Based on the provided image, I can see a significant abnormality in the left shoulder region. It appears to be a large, dense mass or lesion, obscuring the normal anatomical structures of the shoulder joint.

It is difficult to provide a definitive diagnosis without additional information such as the patient's history, clinical presentation,","user
You are an expert radiologist.





<image>
Where is/are the abnormality located?
model
Based on the chest X-ray provided, the most apparent abnormality is the **right clavicle fracture**. The fracture line is visible along the right clavicle, with some displacement of the bone fragments.

There are also some findings that could be considered abnormalities, but they are less clear:

*   **Possible left",0.000000,0.000000,0.000000
330,yes,"user
You are an expert radiologist.





<image>
Are there abnormalities in this image?
model
Based on the provided image, there are some potential abnormalities that warrant further investigation.

*   **Possible Skeletal Abnormalities:** The image shows a significant amount of the chest and upper abdomen. There are some bony structures visible, but the image quality is not ideal for a detailed assessment. It is difficult to definitively identify","user
You are an expert radiologist.





<image>
Are there abnormalities in this image?
model
Based on the provided image, I can see a chest X-ray. There are no obvious abnormalities apparent in this image. The lungs appear relatively clear, and the heart size seems within normal limits. However, it's important to note that a definitive diagnosis requires a full clinical context and comparison with previous images, if","user
You are an expert radiologist.





<image>
Are there abnormalities in this image?
model
Based on the chest X-ray provided, there are several potential abnormalities that warrant further investigation.

*   **Right-sided clavicle fracture:** There appears to be a fracture of the right clavicle. The fracture line is visible, and there is displacement of the bone fragments.

*   **Possible lung abnormalities",0.000000,0.000000,0.000000
331,heart,"user
You are an expert radiologist.





<image>
Which organ is abnormal, heart or lung?
model
Based on the provided image, it is difficult to definitively determine if the heart or lungs are abnormal. The image is a lateral chest X-ray, and while it shows the ribs, clavicles, and some of the upper lung fields, the heart and lungs are not fully visualized.

To assess the heart and lungs","user
You are an expert radiologist.





<image>
Which organ is abnormal, heart or lung?
model
Based on the provided image, it is difficult to definitively determine if the heart or lungs are abnormal. The image appears to be a chest X-ray, but it is not a standard, well-formatted image. The image is a collection of pixels, and it is not possible to assess the heart and lungs in detail","user
You are an expert radiologist.





<image>
Which organ is abnormal, heart or lung?
model
Based on the chest X-ray provided, the **lung** appears to be abnormal.

Specifically, there is a significant opacity in the left lung field, obscuring the normal lung markings. This could be due to a variety of factors, including:

*   **Pneumonia:** Infection in the lung tissue",0.000000,0.000000,0.000000
338,yes,"user
You are an expert radiologist.





<image>
Are there abnormalities in this image?
model
Based on the chest X-ray provided, there are some potential abnormalities that warrant further investigation.

*   **Possible Right Lower Lobe Consolidation:** There appears to be increased opacity in the right lower lobe, which could represent consolidation due to pneumonia or other infiltrative process.

*   **Possible Right Lower L","user
You are an expert radiologist.





<image>
Are there abnormalities in this image?
model
Based on the chest X-ray provided, there are some potential abnormalities that warrant further investigation.

*   **Right Lung:** There appears to be a possible opacity in the right lung, specifically in the lower lobe. This could be due to various factors, including pneumonia, atelectasis, or a mass. Further","user
You are an expert radiologist.





<image>
Are there abnormalities in this image?
model
Based on the chest X-ray provided, there are some potential abnormalities that warrant further investigation.

*   **Possible Left Lower Lobe Consolidation:** There appears to be increased opacity in the left lower lobe, which could represent consolidation due to pneumonia or other infiltrative process.

*   **Possible Right Lower L",0.000000,0.000000,0.000000
339,lung,"user
You are an expert radiologist.





<image>
Which organ is abnormal, heart or lung?
model
Based on the chest X-ray provided, the **lung** appears to be the abnormal organ.

Specifically, there is a large opacity in the left lower lung field, which could represent a mass, consolidation, or other abnormality. Further evaluation with additional imaging (e.g., CT scan) would be needed to","user
You are an expert radiologist.





<image>
Which organ is abnormal, heart or lung?
model
Based on the chest X-ray provided, the **lung** appears to be the abnormal organ.

Specifically, there is a large opacity in the left lung field, which could represent a mass, consolidation, or other abnormality. Further evaluation with additional imaging (e.g., CT scan) would be necessary to determine","user
You are an expert radiologist.





<image>
Which organ is abnormal, heart or lung?
model
Based on the chest X-ray provided, the **lung** appears to be the abnormal organ.

The lung shows signs of hyperinflation, which can be indicative of conditions like emphysema or asthma. The lung markings are more prominent than normal, and there may be increased lucency (darkness) in the lung",0.000000,0.000000,0.000000
342,yes,"user
You are an expert radiologist.





<image>
Does this image look abnormal?
model
Yes, this image appears abnormal. Here's why:

*   **Air in the stomach:** The presence of air within the stomach is not normal. The stomach should contain food or fluid. The presence of air suggests a possible gastric perforation or obstruction.
*   **Possible bowel loops:** The presence of bowel","user
You are an expert radiologist.





<image>
Does this image look abnormal?
model
Yes, the image appears abnormal. Here's why:

*   **Presence of a catheter:** The image shows a catheter, which is a tube inserted into the body for medical purposes. The presence of a catheter itself is not necessarily abnormal, but the *location* and *type* of catheter are important.","user
You are an expert radiologist.





<image>
Does this image look abnormal?
model
Yes, this image appears abnormal. Here's why:

*   **Significant Air in the Stomach:** There is a large amount of air visible in the stomach, which is not normal. This could be due to a number of reasons, including a gastric distension, a perforation, or a recent meal.",0.000000,0.000000,0.000000
346,yes,"user
You are an expert radiologist.





<image>
Are there abnormalities in this image?
model
Based on the provided image, there are several potential abnormalities that warrant further investigation. Here's a breakdown of my observations:

*   **Air in the mediastinum:** There appears to be significant air within the mediastinum, which is the space in the chest between the lungs. This is a concerning finding and could","user
You are an expert radiologist.





<image>
Are there abnormalities in this image?
model
Based on the provided image, it is difficult to definitively determine the presence of abnormalities without additional clinical information and comparison to prior imaging. However, I can offer some observations:

*   **Image Quality:** The image appears to be a high-resolution fluoroscopy image, likely from a barium swallow or barium enema study","user
You are an expert radiologist.





<image>
Are there abnormalities in this image?
model
Based on the provided image, there are several potential abnormalities that warrant further investigation. Here's a breakdown of my observations:

*   **Airway:** The endotracheal tube appears to be in satisfactory position, terminating approximately 4-5 cm above the carina.

*   **Bowel:** The bowel",0.000000,0.000000,0.000000
347,both,"user
You are an expert radiologist.





<image>
Which organ is abnormal, heart or lung?
model
Based on the image provided, the **lung** appears to be abnormal.

The image shows a chest X-ray. The lung on the left side appears to be collapsed or significantly reduced in size. This could be due to a number of factors, such as a pneumothorax (collapsed lung), pneumonia, or","user
You are an expert radiologist.





<image>
Which organ is abnormal, heart or lung?
model
Based on the provided image, it is difficult to definitively determine if the heart or lungs are abnormal. The image is a single, undifferentiated view of a chest X-ray.

To assess the heart and lungs, I would need to see multiple images, including:

*   **Anterior-posterior (AP","user
You are an expert radiologist.





<image>
Which organ is abnormal, heart or lung?
model
Based on the provided image, the **lung** appears to be abnormal.

The image shows a chest X-ray. The lung fields are not well visualized, and there is a significant amount of opacity in the right lung. This could be due to various factors such as atelectasis, pneumonia, or other lung",0.000000,0.000000,0.000000
350,yes,"user
You are an expert radiologist.





<image>
Does this image look abnormal?
model
Yes, the image appears abnormal. There is a significant opacity in the left hemithorax, obscuring the lung markings. This could be due to a number of things, including:

*   **Pneumonia:** Infection in the lung tissue.
*   **Pleural effusion:** Fluid accumulation in the","user
You are an expert radiologist.





<image>
Does this image look abnormal?
model
Based on the image provided, it is difficult to definitively determine if it is abnormal without more information. However, I can offer some observations:

*   **Image Quality:** The image appears to be a chest X-ray. The quality is somewhat low, making it difficult to assess subtle details.
*   **","user
You are an expert radiologist.





<image>
Does this image look abnormal?
model
Yes, the image appears abnormal. Here's why:

*   **Significant opacity in the left hemithorax:** There is a large area of increased density (whiteness) in the left lung field, obscuring the normal lung markings. This could be due to a number of things, including pneumonia,",0.000000,0.000000,0.000000
353,both lungs,"user
You are an expert radiologist.





<image>
Where is/are the abnormality located?
model
Based on the chest X-ray provided, there appears to be a **significant opacity in the left hemithorax**, obscuring the lung markings. This could be due to a number of possibilities, including:

*   **Pneumonia:** Infection in the lung tissue.
*   **Pleural effusion","user
You are an expert radiologist.





<image>
Where is/are the abnormality located?
model
Based on the provided image, I can see a large opacity in the left hemithorax. This could be due to various factors, including:

*   **Pneumonia:** An infection in the lung tissue.
*   **Pleural effusion:** Fluid accumulation in the pleural space (the space between the","user
You are an expert radiologist.





<image>
Where is/are the abnormality located?
model
Based on the chest X-ray provided, there appears to be a **significant opacity in the left hemithorax**. This could be due to various factors, including:

*   **Pneumonia:** Infection in the lung tissue.
*   **Pleural effusion:** Fluid accumulation in the pleural space.",0.000000,0.000000,0.000000
355,yes,"user
You are an expert radiologist.





<image>
Are there abnormalities in this image?
model
Based on the chest X-ray provided, there are some potential abnormalities that warrant further investigation.

*   **Cardiomegaly:** The heart appears enlarged, which could indicate cardiomegaly.

*   **Increased Lung Markings:** There may be increased lung markings, which could be due to various factors such","user
You are an expert radiologist.





<image>
Are there abnormalities in this image?
model
Based on the provided image, I can see a chest X-ray. There are no obvious abnormalities apparent in this image. The lungs appear relatively clear, and the heart size seems within normal limits. However, it's important to note that a definitive diagnosis requires a full clinical context and comparison to prior imaging, if","user
You are an expert radiologist.





<image>
Are there abnormalities in this image?
model
Based on the chest X-ray provided, there are some potential abnormalities that warrant further investigation.

*   **Cardiomegaly:** The heart appears enlarged, which could indicate cardiomegaly.

*   **Increased Lung Markings:** There may be increased lung markings, which could be due to various factors such",0.000000,0.000000,0.000000
356,lung,"user
You are an expert radiologist.





<image>
Which organ is abnormal, heart or lung?
model
Based on the chest X-ray provided, the **lung** appears to be abnormal.

Specifically, there is a large opacity in the left lung field, which could represent a consolidation, mass, or other abnormality. The right lung field appears relatively clear.

It is important to note that this is a preliminary assessment","user
You are an expert radiologist.





<image>
Which organ is abnormal, heart or lung?
model
Based on the provided image, it is difficult to definitively determine if the heart or lungs are abnormal without more information and a comparison to previous images. However, I can make some observations:

*   **Heart:** The heart size appears within normal limits based on the image.
*   **Lungs:** The lung","user
You are an expert radiologist.





<image>
Which organ is abnormal, heart or lung?
model
Based on the chest X-ray provided, the **lung** appears to be abnormal.

Specifically, there is a significant opacity in the left lung field, obscuring the normal lung markings. This could be due to a variety of conditions, including pneumonia, atelectasis, or a mass. Further evaluation with additional",0.000000,0.000000,0.000000
359,yes the xray image shows abnormalities indicative of pneumonia,"user
You are an expert radiologist.





<image>
Does this image look abnormal?
model
Yes, the image appears abnormal. There is a significant opacity in the right hemithorax, obscuring the right hemidiaphragm and likely involving the right lung. This could represent a variety of conditions, including pneumonia, pleural effusion, atelectasis, or a mass. Further evaluation with additional imaging (","user
You are an expert radiologist.





<image>
Does this image look abnormal?
model
Yes, the image appears abnormal. There is a significant opacity in the right lung field, which could indicate a number of conditions, including pneumonia, consolidation, or a mass. Further evaluation is needed to determine the exact cause.","user
You are an expert radiologist.





<image>
Does this image look abnormal?
model
Yes, the image appears abnormal. There is a significant opacity in the right hemithorax, which could be due to a variety of causes, including pneumonia, pleural effusion, or atelectasis. The left lung appears relatively clear. Further evaluation with additional imaging or clinical correlation is needed to determine the exact cause.",0.000000,0.000000,0.000000
362,right lung right side of the trachea,"user
You are an expert radiologist.





<image>
Where is/are the abnormality located?
model
Based on the chest X-ray provided, there appears to be a significant opacity in the right lung field. This could be due to a variety of factors, including pneumonia, pulmonary edema, or a mass. Further evaluation with additional imaging, such as a CT scan, would be necessary to determine the exact cause.","user
You are an expert radiologist.





<image>
Where is/are the abnormality located?
model
Based on the provided chest X-ray image, there appears to be a **right-sided opacity** in the lower lung field. This could be due to various reasons, including pneumonia, atelectasis, or a mass. Further evaluation with additional imaging or clinical correlation is recommended to determine the exact cause.","user
You are an expert radiologist.





<image>
Where is/are the abnormality located?
model
Based on the chest X-ray provided, there appears to be a significant opacity in the right hemithorax, obscuring the right lung markings. This suggests a possible consolidation, effusion, or mass. The left lung appears relatively clear.

It is important to note that this is a single image and further evaluation",0.000000,0.000000,0.000000
364,yes the xray image shows abnormalities consistent with pneumonia,"user
You are an expert radiologist.





<image>
Are there abnormalities in this image?
model
Yes, there are abnormalities present in the image.

The most prominent abnormality is a large opacity in the right lung field, obscuring the right hemidiaphragm. This could represent a variety of conditions, including:

*   **Pneumonia:** Infection in the lung tissue.
*   **Ple","user
You are an expert radiologist.





<image>
Are there abnormalities in this image?
model
Based on the provided image, there are some potential abnormalities that warrant further investigation.

*   **Right Lung Opacity:** There appears to be increased opacity in the right lung field, which could indicate consolidation, fluid, or other infiltrates. This needs to be further evaluated to determine the underlying cause.

*","user
You are an expert radiologist.





<image>
Are there abnormalities in this image?
model
Yes, there are abnormalities present in the image.

The most prominent abnormality is a large opacity in the right hemithorax, obscuring the right hemidiaphragm and likely involving the right lung. This could represent a pleural effusion (fluid in the pleural space), consolidation (fluid or inflammatory material in the",0.000000,0.000000,0.000000
365,lung,"user
You are an expert radiologist.





<image>
Which organ is abnormal, heart or lung?
model
Based on the chest X-ray provided, the **lung** appears abnormal. There is a significant opacity in the right lung field, which could indicate a variety of conditions such as pneumonia, pulmonary edema, or a mass. The left lung appears relatively clear.","user
You are an expert radiologist.





<image>
Which organ is abnormal, heart or lung?
model
Based on the provided chest X-ray image, the **lung** appears to be abnormal.

Specifically, there is a noticeable opacity in the right lung field, which could indicate a number of conditions such as pneumonia, consolidation, or other infiltrates. The left lung appears relatively clear.

It is important to note","user
You are an expert radiologist.





<image>
Which organ is abnormal, heart or lung?
model
The lung is abnormal. The right lung appears opaque, suggesting a possible consolidation or fluid collection. The left lung appears relatively clear.",0.000000,0.000000,0.000000
370,center,"user
You are an expert radiologist.





<image>
Where is/are the abnormality located?
model
Based on the chest X-ray provided, there is a significant opacity in the right hemithorax, obscuring the right lung field. This could be due to a number of factors, including:

*   **Pneumonia:** Infection in the lung tissue.
*   **Pleural effusion:** Fluid","user
You are an expert radiologist.





<image>
Where is/are the abnormality located?
model
Based on the chest X-ray provided, there is a significant opacity in the right upper lung field. This could be due to a variety of factors, including pneumonia, consolidation, or a mass. Further evaluation is needed to determine the exact cause.","user
You are an expert radiologist.





<image>
Where is/are the abnormality located?
model
Based on the chest X-ray provided, the abnormality appears to be located in the **right lung**. There is increased opacity in the right lung field, which could indicate a number of possibilities, including pneumonia, consolidation, or other infiltrative processes.

It's important to note that this is a preliminary assessment based",0.000000,0.000000,0.000000
371,yes,"user
You are an expert radiologist.





<image>
Are there abnormalities in this image?
model
Based on the chest X-ray provided, there are some potential abnormalities that warrant further investigation.

*   **Cardiomegaly:** The heart appears enlarged, which could indicate cardiomegaly. This could be due to various factors, including hypertension, heart failure, or other cardiac conditions.

*   **Possible","user
You are an expert radiologist.





<image>
Are there abnormalities in this image?
model
Based on the chest X-ray image provided, there are some observations that warrant further investigation.

*   **Cardiomegaly:** The heart appears enlarged, which could indicate cardiomegaly. This needs to be confirmed with measurements and comparison to previous images if available.

*   **Lung fields:** The lung","user
You are an expert radiologist.





<image>
Are there abnormalities in this image?
model
Based on the chest X-ray provided, there are several observations that warrant further investigation.

*   **Cardiomegaly:** The heart appears enlarged, which could indicate cardiomegaly. This needs to be confirmed with measurements and comparison to previous images if available.

*   **Pulmonary Vascularity:** The",0.000000,0.000000,0.000000
372,heart,"user
You are an expert radiologist.





<image>
Which organ is abnormal, heart or lung?
model
Based on the chest X-ray provided, the **heart** appears to be slightly enlarged (cardiomegaly). The heart silhouette seems to be more prominent than normal.

The lungs appear relatively clear, with no obvious signs of consolidation, effusion, or significant masses. However, a full assessment of the lung parenchyma would","user
You are an expert radiologist.





<image>
Which organ is abnormal, heart or lung?
model
Based on the chest X-ray provided, the heart appears to be slightly enlarged (cardiomegaly). The lung fields appear relatively clear, with no obvious signs of consolidation, effusion, or significant masses.

Therefore, the heart is the organ that appears abnormal.","user
You are an expert radiologist.





<image>
Which organ is abnormal, heart or lung?
model
Based on the chest X-ray provided, the **heart** appears to be enlarged. The cardiac silhouette seems to be more prominent than normal. The lungs appear relatively clear, with no obvious signs of consolidation or significant abnormalities.

It's important to note that this is a single image, and a full assessment would",0.000000,0.000000,0.000000
382,yes,"user
You are an expert radiologist.





<image>
Does this image look abnormal?
model
Based on the chest X-ray image provided, there are some findings that warrant further investigation.

*   **Cardiomegaly:** The heart appears enlarged, which could indicate cardiomegaly. This could be due to various factors, including hypertension, coronary artery disease, valvular heart disease, or cardiomyopathy.","user
You are an expert radiologist.





<image>
Does this image look abnormal?
model
Based on the chest X-ray image provided, there are a few observations that could be considered potentially abnormal.

*   **Cardiomegaly:** The heart appears enlarged, which could indicate cardiomegaly. This would warrant further investigation to determine the underlying cause.
*   **Mediastinal widening:** The","user
You are an expert radiologist.





<image>
Does this image look abnormal?
model
Based on the chest X-ray image provided, there are some findings that warrant further investigation.

*   **Cardiomegaly:** The heart appears enlarged, which could indicate cardiomegaly. This could be due to various factors, including hypertension, coronary artery disease, valvular heart disease, or cardiomyopathy.",0.000000,0.000000,0.000000
386,heart,"user
You are an expert radiologist.





<image>
Which organ is abnormal, heart or lung?
model
Based on the chest X-ray provided, the heart appears to be slightly enlarged. The cardiac silhouette seems to occupy a larger portion of the chest cavity than is typically seen in a normal adult.

The lungs appear relatively clear, with no obvious signs of consolidation, effusion, or significant masses. However, a full assessment","user
You are an expert radiologist.





<image>
Which organ is abnormal, heart or lung?
model
Based on the chest X-ray provided, the heart appears to be the organ of primary concern. The heart size appears enlarged, which could indicate cardiomegaly. The lungs appear relatively clear, with no obvious signs of consolidation or significant abnormalities.

However, it's important to note that a definitive diagnosis requires a","user
You are an expert radiologist.





<image>
Which organ is abnormal, heart or lung?
model
Based on the chest X-ray provided, the heart appears to be slightly enlarged. The cardiac silhouette seems to occupy a larger portion of the chest cavity than is typically seen in a normal adult.

The lungs appear relatively clear, with no obvious signs of consolidation, effusion, or significant masses. However, a full assessment",0.000000,0.000000,0.000000
391,question where isare the abnormality located center,"user
You are an expert radiologist.





<image>
Where is/are the abnormality located?
model
Based on the chest X-ray provided, the abnormality appears to be located in the **right atrium**. There is a circular, dense structure within the right atrium, which is likely a **cardiac pacemaker or ICD (Implantable Cardioverter Defibrillator)**.

The location is consistent with the typical placement of","user
You are an expert radiologist.





<image>
Where is/are the abnormality located?
model
Based on the chest X-ray provided, the abnormality appears to be located in the **right atrium**. There is a circular structure, likely a **cardiac pacemaker/defibrillator lead**, visible within the right atrium.

It's important to note that this is a single image and a full assessment would require","user
You are an expert radiologist.





<image>
Where is/are the abnormality located?
model
Based on the chest X-ray provided, the abnormality appears to be located in the **heart**. Specifically, there is a circular structure, likely a **cardiac pacemaker** or **cardioverter-defibrillator (ICD)**, visible in the anterior mediastinum.

The size and location of the device",0.058591,0.057572,0.065556
392,yes,"user
You are an expert radiologist.





<image>
Are there abnormalities in this image?
model
Yes, there are abnormalities visible in the chest X-ray.

The most prominent abnormality is a **large, round, well-defined opacity in the right atrium**. This is likely a **cardiac mass**, possibly a **myxoma** (a benign tumor of the heart). The location and appearance are highly","user
You are an expert radiologist.





<image>
Are there abnormalities in this image?
model
Yes, there are abnormalities visible in the image.

The most prominent abnormality is a **large, well-defined, rounded opacity in the right atrium**. This is likely a **cardiac mass**, possibly a thrombus or a tumor. The size and location are concerning.

Other observations:

*   The heart","user
You are an expert radiologist.





<image>
Are there abnormalities in this image?
model
Yes, there are several abnormalities visible in this chest X-ray.

*   **Cardiomegaly:** The heart appears enlarged, which is indicated by the increased size of the cardiac silhouette. This could be due to various factors, including hypertension, valvular heart disease, cardiomyopathy, or pericardial effusion.",0.000000,0.000000,0.000000
393,heart,"user
You are an expert radiologist.





<image>
Which organ is abnormal, heart or lung?
model
Based on the chest X-ray provided, the **heart** appears to be abnormal. The heart size appears enlarged, which could indicate cardiomegaly.

The lungs appear relatively clear, with no obvious signs of consolidation, effusion, or pneumothorax.","user
You are an expert radiologist.





<image>
Which organ is abnormal, heart or lung?
model
Based on the provided chest X-ray image, the **heart** appears to be abnormal. The heart size seems enlarged, and there is a visible structure within the heart, which could be a calcified thrombus or other cardiac abnormality. The lungs appear relatively clear.","user
You are an expert radiologist.





<image>
Which organ is abnormal, heart or lung?
model
Based on the chest X-ray provided, the **heart** appears to be abnormal. The heart appears enlarged (cardiomegaly).",0.000000,0.000000,0.000000
399,left lung upper right,"user
You are an expert radiologist.





<image>
Where is/are the abnormality located?
model
Based on the chest X-ray provided, there appears to be an abnormality in the left lung. Specifically, there is increased opacity in the lower lung fields, which could be indicative of pneumonia, atelectasis, or other infiltrative processes.

It is important to note that this is a preliminary interpretation based on a","user
You are an expert radiologist.





<image>
Where is/are the abnormality located?
model
Based on the chest X-ray provided, there appears to be a **left-sided opacity** in the lower lung field. This could be due to various reasons, including pneumonia, atelectasis, or pleural effusion. Further evaluation with additional imaging or clinical correlation is needed to determine the exact cause.","user
You are an expert radiologist.





<image>
Where is/are the abnormality located?
model
Based on the chest X-ray provided, the abnormality appears to be located in the left lung. There is increased opacity in the lower lung fields, which could be indicative of consolidation, fluid, or other infiltrative processes. Further evaluation with additional imaging or clinical correlation is recommended to determine the exact nature of the abnormality.",0.000000,0.000000,0.000000
401,question are there abnormalities in this image original answer yes candidate answer1 yes candidate answer2 yes candidate answer3 yes yes,"user
You are an expert radiologist.





<image>
Are there abnormalities in this image?
model
Yes, there are abnormalities present in the image.

Specifically, there appears to be a **left-sided pleural effusion**. This is indicated by the blunting of the left costophrenic angle and the increased opacity in the lower left lung field.

Additionally, there is a **left-sided chest tube**","user
You are an expert radiologist.





<image>
Are there abnormalities in this image?
model
Yes, there are abnormalities present in the image.

Specifically, there appears to be a **left-sided pleural effusion**, indicated by the blunting of the left costophrenic angle and the increased opacity in the lower left lung field.

Additionally, there is a **possible consolidation** in the left lower lobe","user
You are an expert radiologist.





<image>
Are there abnormalities in this image?
model
Yes, there are abnormalities present in the image.

Specifically, there appears to be a significant opacity in the left lower lung field. This could be due to a number of factors, including:

*   **Pneumonia:** Infection in the lung tissue.
*   **Atelectasis:** Collapse of",0.080140,0.077399,0.086248
402,lung,"user
You are an expert radiologist.





<image>
Which organ is abnormal, heart or lung?
model
The lung is abnormal. The image shows a chest X-ray, and the left lung appears to have some opacities or infiltrates, which could indicate pneumonia, fluid accumulation, or other lung pathology. The heart appears normal in size and shape.","user
You are an expert radiologist.





<image>
Which organ is abnormal, heart or lung?
model
Based on the chest X-ray provided, the **lung** appears abnormal. There is a significant opacity in the left lung field, which could indicate a variety of conditions such as pneumonia, pulmonary edema, or other infiltrates. The right lung appears relatively clear.","user
You are an expert radiologist.





<image>
Which organ is abnormal, heart or lung?
model
The lung is abnormal. The left lung appears to have a large opacity in the lower lobe, which could be due to pneumonia, atelectasis, or other lung pathology. The right lung appears relatively clear.",0.000000,0.000000,0.000000
405,yes,"user
You are an expert radiologist.





<image>
Does this image look abnormal?
model
Yes, this image appears abnormal. There are several findings that raise concern:

*   **Right-sided Pleural Effusion:** There is a significant opacity in the right hemithorax, likely representing a pleural effusion. The fluid obscures the right hemidiaphragm and lung markings.
*   **","user
You are an expert radiologist.





<image>
Does this image look abnormal?
model
Yes, the image appears abnormal. There is a large, round opacity in the left hemithorax, likely representing a mass or consolidation. The presence of a central line is also noted. Further evaluation is needed to determine the cause of the opacity.","user
You are an expert radiologist.





<image>
Does this image look abnormal?
model
Yes, this image appears abnormal. There are several findings that raise concern:

*   **Right-sided opacity:** There is a significant opacity in the right lower lung field, which could represent pneumonia, atelectasis, or other consolidation.
*   **Possible pleural effusion:** There may be a small pleural effusion",0.000000,0.000000,0.000000
408,right lung,"user
You are an expert radiologist.





<image>
Where is/are the abnormality located?
model
Based on the chest X-ray provided, the abnormality appears to be located in the **right lung**. There is a significant opacity in the right lung field, which could represent a variety of conditions such as pneumonia, pleural effusion, or a mass. Further evaluation with additional imaging or clinical correlation is needed to determine the exact","user
You are an expert radiologist.





<image>
Where is/are the abnormality located?
model
Based on the chest X-ray provided, there appears to be a **right-sided chest tube** in place. The tube's tip is likely positioned in the pleural space, potentially near the apex of the lung.

There is also a **possible opacity** in the left upper lung field. This could be","user
You are an expert radiologist.





<image>
Where is/are the abnormality located?
model
Based on the chest X-ray provided, the abnormality appears to be located in the right lung. There is a significant opacity in the lower right lung field, which could represent a consolidation, mass, or other infiltrative process. The presence of a central line is also visible, likely for medical support.

It is",0.000000,0.000000,0.000000
410,lung,"user
You are an expert radiologist.





<image>
Which organ is abnormal, heart or lung?
model
Based on the chest X-ray provided, the **lung** appears to be abnormal. There is a significant opacity in the right lung field, which could indicate a consolidation, effusion, or other pathology. The left lung appears relatively clear.","user
You are an expert radiologist.





<image>
Which organ is abnormal, heart or lung?
model
Based on the chest X-ray provided, the **lung** appears to be abnormal.

Specifically, there is a large, round opacity in the left lung field, which could represent a mass, consolidation, or other pathological process. The right lung appears relatively clear.

It is important to note that this is a","user
You are an expert radiologist.





<image>
Which organ is abnormal, heart or lung?
model
Based on the chest X-ray provided, the **lung** appears to be abnormal. There is a significant opacity in the right lower lung field, which could indicate pneumonia, consolidation, or other lung pathology. The left lung appears relatively clear.",0.000000,0.000000,0.000000
415,left lung and right side of the trachea,"user
You are an expert radiologist.





<image>
Where is/are the abnormality located?
model
Based on the chest X-ray provided, there appears to be a **left upper lobe opacity**. This could represent a variety of conditions, including:

*   **Consolidation:** Suggestive of pneumonia.
*   **Mass:** Could be a tumor or other lesion.
*   **Infiltrate","user
You are an expert radiologist.





<image>
Where is/are the abnormality located?
model
Based on the provided image, there is a possible abnormality located in the left lung. It appears as a hazy opacity in the lower lung field. Further evaluation with additional imaging, such as a CT scan, would be necessary to determine the exact nature of this finding.","user
You are an expert radiologist.





<image>
Where is/are the abnormality located?
model
Based on the chest X-ray provided, there appears to be a **rounded opacity** in the **left upper lobe** of the lung.

It's difficult to definitively characterize this finding without more information (e.g., clinical history, previous imaging), but it warrants further investigation.

Possible considerations include:",0.000000,0.000000,0.000000
417,yes the xray image shows a nodule indicating an abnormality,"user
You are an expert radiologist.





<image>
Are there abnormalities in this image?
model
Based on the chest X-ray image provided, there are some potential abnormalities that warrant further investigation.

*   **Possible opacity in the right upper lung field:** There appears to be a hazy opacity in the right upper lung field. This could be due to various factors, including pneumonia, atelectasis, or a","user
You are an expert radiologist.





<image>
Are there abnormalities in this image?
model
Based on the provided image, there are some potential abnormalities that warrant further investigation.

*   **Possible nodule in the left lung:** There appears to be a small, round opacity in the left lung field. This could represent a nodule, which could be benign or malignant. Further imaging, such as a CT","user
You are an expert radiologist.





<image>
Are there abnormalities in this image?
model
Based on the chest X-ray provided, there are some potential abnormalities that warrant further investigation.

*   **Increased opacity in the right lung field:** There appears to be increased density or opacity in the right lung field, which could be due to various factors such as consolidation (pneumonia), fluid accumulation (pleural",0.000000,0.000000,0.000000
418,lung,"user
You are an expert radiologist.





<image>
Which organ is abnormal, heart or lung?
model
Based on the provided chest X-ray image, the **lung** appears to be the abnormal organ.

Here's why:

*   **Lung Appearance:** The lungs are the dark, air-filled structures on either side of the heart. They should appear relatively clear and homogenous. In this image, there","user
You are an expert radiologist.





<image>
Which organ is abnormal, heart or lung?
model
Based on the provided image, the **lung** appears to be the organ of primary concern.

Here's why:

*   **Lung Appearance:** The lung fields are visible, and there are no obvious signs of significant consolidation, effusion, or other abnormalities that would immediately suggest a heart problem.
*","user
You are an expert radiologist.





<image>
Which organ is abnormal, heart or lung?
model
Based on the chest X-ray provided, the **lung** appears to be abnormal.

Specifically, there is some increased opacity in the lower lung fields, which could be indicative of pneumonia, pulmonary edema, or other lung pathology.

The heart size appears within normal limits.",0.000000,0.000000,0.000000
424,the abnormalities are located in the left lung and right side of the trachea,"user
You are an expert radiologist.





<image>
Where is/are the abnormality located?
model
Based on the chest X-ray provided, there appears to be a **left-sided opacity** in the lower lung field. This could be due to a number of possibilities, including:

*   **Pneumonia:** An infection causing inflammation and fluid accumulation in the lung tissue.
*   **Ate","user
You are an expert radiologist.





<image>
Where is/are the abnormality located?
model
Based on the chest X-ray provided, there is a significant opacity in the left upper lung field. This could be due to a variety of factors, including:

*   **Pneumonia:** An infection causing inflammation and fluid accumulation in the lung tissue.
*   **Mass:** A tumor or other growth","user
You are an expert radiologist.





<image>
Where is/are the abnormality located?
model
Based on the chest X-ray provided, there appears to be a **left-sided pleural effusion**. The opacity in the left hemithorax suggests fluid accumulation in the pleural space.

It's important to note that this is a preliminary interpretation based on a single image. A definitive diagnosis requires correlation with the",0.000000,0.000000,0.000000
426,yes the xray image shows an effusion,"user
You are an expert radiologist.





<image>
Are there abnormalities in this image?
model
Based on the chest X-ray provided, there are several potential abnormalities that warrant further investigation. Here's a breakdown of my observations:

*   **Right-sided picc line:** There is a right-sided picc line, which is likely in place. The tip of the line is not clearly visible","user
You are an expert radiologist.





<image>
Are there abnormalities in this image?
model
Based on the provided chest X-ray image, there are some potential abnormalities that warrant further investigation.

*   **Cardiomegaly:** The heart appears enlarged, which could indicate cardiomegaly.

*   **Pulmonary Vascular Congestion:** There may be some evidence of pulmonary vascular congestion, which could be","user
You are an expert radiologist.





<image>
Are there abnormalities in this image?
model
Yes, there are several abnormalities visible in this chest X-ray. Here's a breakdown:

*   **Left-sided chest tube:** A chest tube is present on the left side, likely placed for drainage of fluid or air from the pleural space.

*   **Possible pleural effusion:** There appears to",0.000000,0.000000,0.000000
427,lung,"user
You are an expert radiologist.





<image>
Which organ is abnormal, heart or lung?
model
Based on the chest X-ray provided, the **lung** appears to be abnormal.

Specifically, there is a large opacity in the left hemithorax, obscuring the lung markings. This could be due to a number of possibilities, including:

*   **Pneumonia:** Infection of the lung","user
You are an expert radiologist.





<image>
Which organ is abnormal, heart or lung?
model
Based on the chest X-ray provided, the **lung** appears to be the abnormal organ.

The lung field on the left side of the image appears to be somewhat obscured, and there is a large opacity in the upper left lung field. This could be due to a variety of factors, including pneumonia, ate","user
You are an expert radiologist.





<image>
Which organ is abnormal, heart or lung?
model
Based on the chest X-ray provided, the **lung** appears to be abnormal.

Specifically, there is a large opacity in the left hemithorax, obscuring the lung markings. This could be due to a number of possibilities, including:

*   **Pneumonia:** Infection of the lung",0.000000,0.000000,0.000000
430,yes the xray image shows a nodule indicating an abnormality,"user
You are an expert radiologist.





<image>
Does this image look abnormal?
model
Yes, this image appears abnormal. There are several findings that raise concern:

*   **Right-sided pleural effusion:** There is a significant opacity in the right hemithorax, which could represent a pleural effusion. The fluid obscures the normal lung markings.
*   **Possible consolidation:** The opacity in the","user
You are an expert radiologist.





<image>
Does this image look abnormal?
model
Yes, the image appears abnormal. There are several findings that raise concern:

*   **Right Hemithorax Opacity:** There is a significant opacity in the right hemithorax, obscuring the right lung markings. This could be due to a variety of causes, including consolidation (pneumonia), pleural","user
You are an expert radiologist.





<image>
Does this image look abnormal?
model
Yes, this chest X-ray appears abnormal.

Here's a breakdown of why:

*   **Increased Opacity/Density in the Right Lung:** There is a significant area of increased opacity or density in the right lung field. This could be due to various causes, including:
    *   **",0.000000,0.000000,0.000000
433,right mid lung,"user
You are an expert radiologist.





<image>
Where is/are the abnormality located?
model
Based on the chest X-ray provided, there appears to be a significant opacity in the right hemithorax. This could be due to a number of factors, including:

*   **Mass:** A tumor or other mass could be present.
*   **Fluid:** Pleural effusion (fluid in the","user
You are an expert radiologist.





<image>
Where is/are the abnormality located?
model
Based on the provided image, there appears to be a **right-sided pleural effusion**. The fluid density is obscuring the right costophrenic angle, which is a common location for pleural effusions.

It's important to note that this is a preliminary assessment based on a single image. A definitive diagnosis","user
You are an expert radiologist.





<image>
Where is/are the abnormality located?
model
Based on the chest X-ray provided, there appears to be a significant opacity in the right lung field. This could be due to various factors, including:

*   **Pneumonia:** An infection causing inflammation and fluid accumulation in the lung tissue.
*   **Pleural effusion:** Fluid accumulation in the",0.000000,0.000000,0.000000
444,yes the xray image shows a nodule indicating an abnormality,"user
You are an expert radiologist.





<image>
Does this image look abnormal?
model
Yes, the image appears abnormal. There is a rounded opacity in the left upper lung field. This could be a nodule, mass, or other lesion. Further evaluation is needed to determine the cause.","user
You are an expert radiologist.





<image>
Does this image look abnormal?
model
Yes, the image appears abnormal. There is a well-defined, round opacity in the left upper lobe of the lung. This could represent a variety of things, including a nodule, mass, or other lesion. Further evaluation with additional imaging (e.g., CT scan) would be needed to determine the exact","user
You are an expert radiologist.





<image>
Does this image look abnormal?
model
Yes, the image appears abnormal. There is a nodule in the left upper lobe of the lung. It is approximately 1.5 cm in diameter.

Based on the image, I would recommend further evaluation, such as a CT scan of the chest, to characterize the nodule and determine its nature.",0.000000,0.000000,0.000000
447,left lung upper right,"user
You are an expert radiologist.





<image>
Where is/are the abnormality located?
model
Based on the chest X-ray provided, there appears to be a **rounded opacity in the left upper lung field**. This could represent a nodule, mass, or other lesion. Further evaluation with additional imaging, such as a CT scan, would be necessary to characterize this finding.","user
You are an expert radiologist.





<image>
Where is/are the abnormality located?
model
Based on the chest X-ray provided, there appears to be a **left upper lobe nodule** measuring approximately 1.2 cm.

It is located in the superior segment of the left upper lobe.

It is important to note that this is a preliminary interpretation based on a single image. Further evaluation,","user
You are an expert radiologist.





<image>
Where is/are the abnormality located?
model
Based on the chest X-ray provided, there appears to be a **left upper lobe nodule** measuring approximately 1.2 cm. It is located in the superior segment of the left upper lobe.

It is important to note that this is a preliminary interpretation based on a single image. Further evaluation, including",0.000000,0.000000,0.000000
449,yes,"user
You are an expert radiologist.





<image>
Are there abnormalities in this image?
model
Yes, there are abnormalities visible in the chest X-ray.

Here's a breakdown of what I see:

*   **Left Upper Lobe Mass:** There appears to be a well-defined, rounded opacity in the left upper lobe. This could represent a nodule, mass, or other lesion.","user
You are an expert radiologist.





<image>
Are there abnormalities in this image?
model
Yes, there are abnormalities visible in the chest X-ray.

Specifically, there appears to be a rounded opacity in the left upper lung field. This could represent a nodule, mass, or other lesion. Further evaluation with additional imaging (e.g., CT scan) would be necessary to characterize this finding.","user
You are an expert radiologist.





<image>
Are there abnormalities in this image?
model
Yes, there are abnormalities visible in the chest X-ray.

Here's a breakdown of what I see:

*   **Left Lung Mass:** There appears to be a mass or nodule in the left lung. Its size and exact location are difficult to determine precisely on a single image, but it'",0.000000,0.000000,0.000000
450,lung,"user
You are an expert radiologist.





<image>
Which organ is abnormal, heart or lung?
model
Based on the chest X-ray provided, the **lung** appears to be abnormal. There is a nodule present in the left upper lobe.","user
You are an expert radiologist.





<image>
Which organ is abnormal, heart or lung?
model
Based on the chest X-ray provided, the **lung** appears to be abnormal. There is a nodule present in the left upper lobe.","user
You are an expert radiologist.





<image>
Which organ is abnormal, heart or lung?
model
Based on the chest X-ray provided, the **lung** appears to be abnormal.

Specifically, there is a nodule or mass present in the left lung field. This could be a variety of things, including a benign growth, a nodule of unknown significance, or potentially a malignant lesion. Further evaluation,",0.000000,0.000000,0.000000
453,yes,"user
You are an expert radiologist.





<image>
Does this image look abnormal?
model
Yes, the image appears abnormal. Here's why:

*   **Significant Air in the Mediastinum:** There is a large amount of air visible in the mediastinum, the space in the chest between the lungs. This is a concerning finding and could indicate a perforation of the esophagus, trachea, or stomach","user
You are an expert radiologist.





<image>
Does this image look abnormal?
model
Yes, the image appears abnormal. Here's why:

*   **Presence of foreign objects:** There are several foreign objects present in the image, including tubes and lines, which are not normally seen in a chest X-ray.
*   **Possible contrast agent:** The presence of contrast agent in the vasculature","user
You are an expert radiologist.





<image>
Does this image look abnormal?
model
Yes, the image appears abnormal. Here's a breakdown of why:

*   **Significant Right-Sided Pleural Effusion:** There is a large amount of fluid in the right pleural space, obscuring the right hemidiaphragm and the right lung. This is a significant finding.
*",0.000000,0.000000,0.000000
456,question where isare the abnormality located right lung,"user
You are an expert radiologist.





<image>
Where is/are the abnormality located?
model
Based on the image, the abnormality appears to be located in the **right upper quadrant of the abdomen**.

Specifically, it appears to be a large, fluid-filled structure, possibly a distended bowel loop or a large ascites collection. The location is consistent with the right upper quadrant.

It's important","user
You are an expert radiologist.





<image>
Where is/are the abnormality located?
model
Based on the image provided, there appears to be a **significant amount of contrast material** within the **right main bronchus**. This could be due to a variety of reasons, including:

*   **Bronchoscopy:** A recent bronchoscopy may have introduced contrast material into the airway.
*   **Bron","user
You are an expert radiologist.





<image>
Where is/are the abnormality located?
model
Based on the image, the abnormality appears to be located in the **right hemithorax**.

Specifically, there is a large opacity in the right hemithorax, which could be due to a variety of factors such as:

*   **Pleural effusion:** Fluid accumulation in the pleural space.",0.059226,0.064764,0.064764
458,yes,"user
You are an expert radiologist.





<image>
Are there abnormalities in this image?
model
Yes, there are several abnormalities visible in this image. Here's a breakdown:

*   **Significant amount of free air in the abdomen:** This is the most prominent finding. The presence of free air under the diaphragm is a strong indicator of a perforated viscus (e.g., perforated bowel, stomach,","user
You are an expert radiologist.





<image>
Are there abnormalities in this image?
model
Based on the provided image, there are several potential abnormalities that warrant further investigation. Here's a breakdown of my observations:

*   **Presence of multiple lines and tubes:** The image shows several lines and tubes, which are likely related to medical interventions. The exact nature and purpose of these lines and tubes are not","user
You are an expert radiologist.





<image>
Are there abnormalities in this image?
model
Yes, there are several abnormalities visible in this image. Here's a breakdown:

*   **Lines and Tubes:** There are numerous lines and tubes present, including a tracheostomy tube, a nasogastric tube, and likely other monitoring and support devices. These are expected in a patient requiring mechanical ventilation and nutritional",0.000000,0.000000,0.000000
459,lung,"user
You are an expert radiologist.





<image>
Which organ is abnormal, heart or lung?
model
Based on the image, the **lung** appears abnormal. The lung field is largely opaque, suggesting a potential issue such as consolidation, atelectasis, or other pathology. The heart is not clearly visible in this image.","user
You are an expert radiologist.





<image>
Which organ is abnormal, heart or lung?
model
Based on the image provided, the **lung** appears to be abnormal.

Here's why:

*   **Lung Opacities:** There are areas of increased density (whiteness) within the lung fields, which could represent consolidation, fluid, or other abnormalities.
*   **Heart:** The heart","user
You are an expert radiologist.





<image>
Which organ is abnormal, heart or lung?
model
Based on the image, the **lung** appears to be abnormal. The lung field on the right side is significantly denser than the left lung field, suggesting a possible consolidation or fluid collection. The heart size appears within normal limits.",0.000000,0.000000,0.000000
462,yes,"user
You are an expert radiologist.





<image>
Does this image look abnormal?
model
Yes, the image appears abnormal. There is a large opacity in the left hemithorax, obscuring the lung markings. This could be due to a number of things, including a large pleural effusion, a mass, or consolidation. Further evaluation with additional imaging (e.g., CT scan) would be needed","user
You are an expert radiologist.





<image>
Does this image look abnormal?
model
Yes, the image appears abnormal. There is a large opacity in the right hemithorax, obscuring the right hemidiaphragm. This could be due to a number of things, including a large pleural effusion, consolidation (pneumonia), or a mass. Further evaluation with additional imaging (e.g","user
You are an expert radiologist.





<image>
Does this image look abnormal?
model
Yes, the image appears abnormal. There is a large opacity in the left hemithorax, obscuring the lung markings. This could be due to a number of things, including a large pleural effusion, a mass, or consolidation. Further evaluation with additional imaging (e.g., CT scan) would be needed",0.000000,0.000000,0.000000
465,right lung right side of the trachea,"user
You are an expert radiologist.





<image>
Where is/are the abnormality located?
model
Based on the provided chest X-ray image, there appears to be a **large opacity in the left hemithorax**, obscuring the lung markings. This could be due to a number of possibilities, including:

*   **Mass:** A tumor or other mass could be present.
*   **Ple","user
You are an expert radiologist.





<image>
Where is/are the abnormality located?
model
Based on the provided image, there appears to be a **large opacity in the right hemithorax**. This could be due to various factors, including:

*   **Pleural effusion:** Fluid accumulation in the pleural space.
*   **Consolidation:** Solidification of lung tissue, often due to","user
You are an expert radiologist.





<image>
Where is/are the abnormality located?
model
Based on the chest X-ray image, there appears to be a **large opacity in the left hemithorax**. This could be due to a number of possibilities, including:

*   **Mass:** A tumor or other mass.
*   **Fluid:** Pleural effusion (fluid in the pleural space",0.000000,0.000000,0.000000
467,lung,"user
You are an expert radiologist.





<image>
Which organ is abnormal, heart or lung?
model
Based on the chest X-ray provided, the **lung** appears to be abnormal.

Specifically, there is a large opacity in the left lung field, which could represent a consolidation, mass, or other abnormality. The right lung field appears relatively clear.

It is important to note that this is a single image","user
You are an expert radiologist.





<image>
Which organ is abnormal, heart or lung?
model
Based on the provided image, the **lung** appears to be abnormal. The image shows a significant opacity in the lower lung fields, which could indicate a number of conditions such as pneumonia, atelectasis, or pleural effusion. The heart appears to be in a normal position and size.","user
You are an expert radiologist.





<image>
Which organ is abnormal, heart or lung?
model
Based on the provided image, the **lung** appears to be abnormal. The image shows a large opacity in the left lung field, which could indicate a consolidation, mass, or other abnormality. The heart is not clearly visible in this image.",0.000000,0.000000,0.000000
470,yes,"user
You are an expert radiologist.





<image>
Does this image look abnormal?
model
Based on the provided chest X-ray image, there are no obvious acute abnormalities that would immediately raise concern. However, a definitive diagnosis requires clinical correlation and potentially additional imaging.

Here's a breakdown of what I see and some considerations:

*   **Lung Fields:** The lung fields appear relatively clear, with","user
You are an expert radiologist.





<image>
Does this image look abnormal?
model
Based on the provided chest X-ray image, there are no obvious acute abnormalities that immediately raise concern. However, a definitive diagnosis requires clinical correlation and potentially additional imaging.

Here's a breakdown of what I see and some considerations:

*   **Lung Fields:** The lung fields appear relatively clear, with no","user
You are an expert radiologist.





<image>
Does this image look abnormal?
model
Based on the chest X-ray provided, there are no obvious acute abnormalities that would immediately raise concern.

However, a more detailed assessment would require:

*   **Comparison to prior studies:** Comparing this image to previous chest X-rays of the same patient is crucial to identify any changes over time.
*",0.000000,0.000000,0.000000
473,left lung upper right,"user
You are an expert radiologist.





<image>
Where is/are the abnormality located?
model
Based on the chest X-ray provided, there are no obvious abnormalities identified. The lungs appear clear, the heart size is within normal limits, and there are no obvious fractures or other structural abnormalities. The mediastinum is unremarkable.

However, it is important to note that this is a single image and a comprehensive evaluation","user
You are an expert radiologist.





<image>
Where is/are the abnormality located?
model
Based on the provided chest X-ray image, I can see the following:

*   **Normal Lung Fields:** The lung fields appear generally clear, with no obvious consolidations, effusions, or masses.
*   **Heart Size:** The heart size appears within normal limits.
*   **Mediast","user
You are an expert radiologist.





<image>
Where is/are the abnormality located?
model
Based on the chest X-ray provided, there are no obvious abnormalities identified. The lungs appear clear, the heart size is within normal limits, and there are no obvious fractures or other structural abnormalities. The mediastinum is unremarkable.

However, it's important to note that this is a single image and a comprehensive",0.000000,0.000000,0.000000
475,yes the xray image shows abnormalities specifically a nodule,"user
You are an expert radiologist.





<image>
Are there abnormalities in this image?
model
Based on the chest X-ray provided, there are no obvious acute abnormalities. The lungs appear clear bilaterally, without evidence of consolidation, nodules, or masses. The heart size is within normal limits. The mediastinum is unremarkable. The bony structures of the ribs and clavicles are intact.

However, it'","user
You are an expert radiologist.





<image>
Are there abnormalities in this image?
model
Based on the provided chest X-ray image, I can see the following:

*   **Normal Lung Fields:** The lung fields appear clear bilaterally, with no obvious consolidation, nodules, or masses.
*   **Normal Heart Size:** The heart size appears within normal limits.
*   **Normal Medi","user
You are an expert radiologist.





<image>
Are there abnormalities in this image?
model
Based on the chest X-ray provided, there are no obvious acute abnormalities. The lungs appear clear, and the heart size is within normal limits. The mediastinum is also unremarkable. The bony structures of the ribs and clavicles are intact.

However, it's important to note that this is a single image",0.000000,0.000000,0.000000
476,lung this xray image displaying a nodule suggests an abnormality in the lung,"user
You are an expert radiologist.





<image>
Which organ is abnormal, heart or lung?
model
Based on the chest X-ray provided, the **lungs** appear to be the primary area of concern.

Here's why:

*   **Lung Fields:** The lung fields are relatively clear, with no obvious large consolidations, effusions, or masses. However, subtle opacities or infiltrates","user
You are an expert radiologist.





<image>
Which organ is abnormal, heart or lung?
model
Based on the provided chest X-ray image, the **lung** appears to be the organ of primary concern.

Here's why:

*   **Lung Fields:** The lung fields are the primary structures visualized on a chest X-ray. I can see the lung markings and the overall density of the lung","user
You are an expert radiologist.





<image>
Which organ is abnormal, heart or lung?
model
Based on the chest X-ray provided, the **lung** appears to be the organ that is abnormal.

The lung field shows some areas of increased opacity, which could be due to various factors such as pneumonia, atelectasis, or other lung diseases. The heart size appears within normal limits.",0.000000,0.000000,0.000000
479,yes the xray image shows effusion,"user
You are an expert radiologist.





<image>
Does this image look abnormal?
model
Yes, this image appears abnormal. Here's why:

*   **Significant Right Hemithorax Opacity:** The right hemithorax (right side of the chest) is significantly opaque, meaning it appears whiter than the left side. This suggests a significant amount of fluid, consolidation, or mass","user
You are an expert radiologist.





<image>
Does this image look abnormal?
model
Yes, this image appears abnormal. There is a large opacity in the right hemithorax, obscuring the right lung. This could be due to a number of things, including:

*   **Mass:** A tumor or other mass.
*   **Pleural effusion:** Fluid in the pleural space.","user
You are an expert radiologist.





<image>
Does this image look abnormal?
model
Yes, this image appears abnormal. Here's why:

*   **Significant Right-Sided Pleural Effusion:** There is a large opacity in the right hemithorax, obscuring the right hemidiaphragm and likely representing a significant pleural effusion. This is the most prominent finding.",0.000000,0.000000,0.000000
482,center,"user
You are an expert radiologist.





<image>
Where is/are the abnormality located?
model
Based on the provided chest X-ray image, there appears to be a significant amount of **right-sided pleural effusion**. The right hemithorax is largely opaque, obscuring the normal lung markings. This suggests fluid accumulation in the pleural space on the right side.

It's important to note that this","user
You are an expert radiologist.





<image>
Where is/are the abnormality located?
model
Based on the chest X-ray provided, there appears to be a significant opacity in the right hemithorax, obscuring the right lung field. This could be due to a number of possibilities, including:

*   **Mass:** A tumor or other mass in the right lung.
*   **Ple","user
You are an expert radiologist.





<image>
Where is/are the abnormality located?
model
Based on the chest X-ray provided, there appears to be a significant amount of free air under the diaphragm. This is a concerning finding and suggests a possible perforated viscus (e.g., perforated bowel). The location of the free air is most likely in the right upper quadrant, given the position of the diaphragm",0.000000,0.000000,0.000000
483,yes the xray image shows effusion indicating an abnormality,"user
You are an expert radiologist.





<image>
Are there abnormalities in this image?
model
Yes, there are several abnormalities visible in this chest X-ray. Here's a breakdown:

*   **Large Mass/Opacity in the Right Hemithorax:** The most prominent finding is a large, dense opacity occupying a significant portion of the right hemithorax. This could represent a mass,","user
You are an expert radiologist.





<image>
Are there abnormalities in this image?
model
Based on the chest X-ray provided, there are several potential abnormalities that warrant further investigation.

1.  **Right Hemithorax Opacity/Infiltrate:** There appears to be a significant opacity in the right hemithorax, obscuring the right lung markings. This could represent a variety of","user
You are an expert radiologist.





<image>
Are there abnormalities in this image?
model
Yes, there are some abnormalities visible in this chest X-ray. Here's a breakdown of what I see:

*   **Right-sided Pleural Effusion:** There appears to be a significant amount of fluid in the right pleural space, obscuring the right hemidiaphragm. This is a",0.000000,0.000000,0.000000
490,right lung right side of the trachea,"user
You are an expert radiologist.





<image>
Where is/are the abnormality located?
model
Based on the chest X-ray provided, the abnormality appears to be located in the right lung. There is a rounded opacity in the right upper lobe.

It is important to note that this is a preliminary interpretation based on a single image. Further evaluation, including comparison with prior imaging and clinical correlation, is necessary to","user
You are an expert radiologist.





<image>
Where is/are the abnormality located?
model
Based on the chest X-ray provided, there appears to be a mass in the right lung. The mass is located in the upper lobe of the right lung.

It is important to note that this is a preliminary interpretation based on a single image. A definitive diagnosis requires a full clinical evaluation, including patient history,","user
You are an expert radiologist.





<image>
Where is/are the abnormality located?
model
Based on the chest X-ray provided, the abnormality appears to be located in the right lung. There is a well-defined, round opacity in the right upper lobe. This could represent a variety of things, including a nodule, mass, or other lesion. Further evaluation, such as a CT scan, would",0.000000,0.000000,0.000000
492,lung,"user
You are an expert radiologist.





<image>
Which organ is abnormal, heart or lung?
model
The lung is abnormal. The image shows a mass in the right lung.","user
You are an expert radiologist.





<image>
Which organ is abnormal, heart or lung?
model
Based on the chest X-ray provided, the **lung** appears to be abnormal. Specifically, there is a large, round opacity in the right lung field, which could represent a mass, consolidation, or other pathology. The heart size appears within normal limits.","user
You are an expert radiologist.





<image>
Which organ is abnormal, heart or lung?
model
Based on the chest X-ray provided, the **lung** appears to be abnormal.

Specifically, there is a large, round opacity in the right lung field. This could represent a variety of things, including a mass, nodule, or consolidation. Further imaging, such as a CT scan, would be needed",0.000000,0.000000,0.000000
495,yes,"user
You are an expert radiologist.





<image>
Does this image look abnormal?
model
Yes, this image appears abnormal. Here's why:

*   **Significant Air in the Chest:** There is a large amount of air visible in the chest, which is not normal. This could be due to a pneumothorax (collapsed lung), a pneumomediastinum (air in the space around","user
You are an expert radiologist.





<image>
Does this image look abnormal?
model
Yes, the image appears abnormal. Here's why:

*   **Significant opacity in the right hemithorax:** There is a large area of increased density (whiteness) in the right lung field, obscuring the normal lung markings. This could be due to a number of things, including:","user
You are an expert radiologist.





<image>
Does this image look abnormal?
model
Yes, this image appears abnormal. Here's why:

*   **Significant Air in the Abdomen:** There is a large amount of air visible in the abdomen, which is not normal. This could be due to a perforation of the gastrointestinal tract, a bowel obstruction, or other conditions.
*",0.000000,0.000000,0.000000
498,center,"user
You are an expert radiologist.





<image>
Where is/are the abnormality located?
model
Based on the provided image, the abnormality appears to be located in the **right upper quadrant (RUQ)**.

Specifically, it is difficult to pinpoint the exact location without more information, but it is likely near the liver. The image is a portable abdominal radiograph, which means it is a single image taken from","user
You are an expert radiologist.





<image>
Where is/are the abnormality located?
model
Based on the provided image, there appears to be a **large, dense opacity in the right hemithorax**. This could be due to a number of possibilities, including:

*   **Mass:** A tumor or other mass.
*   **Fluid:** Pleural effusion or hemothorax.
*","user
You are an expert radiologist.





<image>
Where is/are the abnormality located?
model
Based on the provided image, the abnormality appears to be located in the **right upper quadrant (RUQ)**.

Specifically, the image shows a large, round, homogenous opacity in the RUQ. This could represent a variety of things, including:

*   **Mass:** A tumor or other mass.",0.000000,0.000000,0.000000
499,heart,"user
You are an expert radiologist.





<image>
Which organ is abnormal, heart or lung?
model
Based on the provided image, the **lung** appears to be abnormal. The image shows a portable chest X-ray. The lung fields are not well visualized, and there is a significant amount of opacity in the right lung field. This could be due to various factors such as pneumonia, atelectasis, or other","user
You are an expert radiologist.





<image>
Which organ is abnormal, heart or lung?
model
Based on the provided image, the **lung** appears to be the abnormal organ.

The image shows a chest X-ray, and the lung field on the left side appears to be somewhat opaque or dense, which could indicate a potential issue such as consolidation, fluid, or mass. The heart is generally more radi","user
You are an expert radiologist.





<image>
Which organ is abnormal, heart or lung?
model
Based on the provided image, the **lung** appears to be abnormal. The image shows a portable chest X-ray. The lung field on the right side appears to be somewhat obscured, and there may be some increased density or opacity in that region. This could be due to various factors such as atelectasis,",0.000000,0.000000,0.000000
502,yes,"user
You are an expert radiologist.





<image>
Does this image look abnormal?
model
Yes, this image appears abnormal. Here's why:

*   **Significant Right-Sided Mediastinal Mass:** There is a large, dense opacity in the right mediastinum, obscuring the right hilum of the lung. This is highly suspicious for a mass or enlarged lymph node.
*","user
You are an expert radiologist.





<image>
Does this image look abnormal?
model
Yes, the image appears abnormal. Here's why:

*   **Presence of a catheter:** There is a catheter visible in the image, likely a central venous catheter (CVC) or a similar type of intravenous access line. The presence of a catheter itself isn't necessarily abnormal, but the *location","user
You are an expert radiologist.





<image>
Does this image look abnormal?
model
Yes, the image appears abnormal. There are several findings that raise concern:

*   **Right-sided chest tube:** The presence of a chest tube on the right side suggests a pneumothorax or pleural effusion.
*   **Possible consolidation/opacity in the right lung:** There appears to be some increased density",0.000000,0.000000,0.000000
505,right lung upper left and right side of the trachea,"user
You are an expert radiologist.





<image>
Where is/are the abnormality located?
model
Based on the provided image, the abnormality appears to be located in the **right hemithorax**.

Specifically, there is a large opacity in the right hemithorax, which could be a mass, fluid collection, or other abnormal tissue. The presence of a catheter in the right upper quadrant of the abdomen","user
You are an expert radiologist.





<image>
Where is/are the abnormality located?
model
Based on the provided image, the abnormality appears to be located in the **right upper quadrant of the abdomen**.

Specifically, it appears to be a **large, fluid-filled structure** that is displacing the bowel loops. This could be a **distended bowel loop** or a **fluid collection** such as asc","user
You are an expert radiologist.





<image>
Where is/are the abnormality located?
model
Based on the chest X-ray provided, there appears to be a **right-sided port-a-cath** in place. The catheter tip is likely in the superior vena cava (SVC), as indicated by the position of the catheter.

There are also some **surgical clips** visible in the right upper mediast",0.000000,0.000000,0.000000
507,lung,"user
You are an expert radiologist.





<image>
Which organ is abnormal, heart or lung?
model
Based on the provided image, the **lung** appears to be abnormal.

Here's why:

*   **Lung Opacity:** There is a significant area of increased density (whiteness) in the lower portion of the right lung. This could represent consolidation (fluid or inflammatory material filling the air spaces),","user
You are an expert radiologist.





<image>
Which organ is abnormal, heart or lung?
model
Based on the provided image, the **lung** appears to be abnormal.

The image shows a chest X-ray. The lung fields are not well-expanded, and there is some increased opacity in the lower lung zones. This could be due to various factors, such as atelectasis, pneumonia, or other","user
You are an expert radiologist.





<image>
Which organ is abnormal, heart or lung?
model
Based on the chest X-ray provided, the **lung** appears to be abnormal.

Specifically, there is a large opacity in the right hemithorax, which could be due to a variety of factors such as a mass, consolidation, or fluid collection. The presence of a central line is also visible.",0.000000,0.000000,0.000000
514,yes,"user
You are an expert radiologist.





<image>
Are there abnormalities in this image?
model
Yes, there are abnormalities visible in the chest X-ray.

Specifically, I see a nodule in the left lung. It is approximately 1 cm in size.

It is important to note that this is a single image and further evaluation is needed to determine the nature of the nodule. This could be","user
You are an expert radiologist.





<image>
Are there abnormalities in this image?
model
Yes, there are abnormalities visible in the chest X-ray.

Specifically, there appears to be a nodule in the left lung. It is located in the lower lobe.

It is important to note that this is a single image and a full evaluation would require a comparison to prior images, clinical history, and","user
You are an expert radiologist.





<image>
Are there abnormalities in this image?
model
Yes, there are abnormalities visible in the chest X-ray.

Specifically, there appears to be a nodule in the right lung. The nodule is located in the upper lobe of the right lung.

It is important to note that this is a single image and further evaluation is needed to determine the nature of",0.000000,0.000000,0.000000
515,lung,"user
You are an expert radiologist.





<image>
Which organ is abnormal, heart or lung?
model
Based on the chest X-ray provided, the **lung** appears to be abnormal. There is a nodular opacity in the left lung field.","user
You are an expert radiologist.





<image>
Which organ is abnormal, heart or lung?
model
Based on the chest X-ray provided, the **lung** appears to be abnormal. There is a nodule present in the left lung.","user
You are an expert radiologist.





<image>
Which organ is abnormal, heart or lung?
model
Based on the chest X-ray provided, the **lung** appears to be abnormal. There is a nodular opacity in the right lung field.

It is important to note that this is a single image and a full evaluation would require a complete clinical history, comparison to prior imaging, and potentially additional imaging studies.",0.000000,0.000000,0.000000
518,yes,"user
You are an expert radiologist.





<image>
Does this image look abnormal?
model
Based on the chest X-ray provided, there are a few observations that could be considered potentially abnormal, although further clinical context is needed for a definitive diagnosis.

*   **Cardiomegaly:** The heart appears enlarged, which could indicate cardiomegaly. This would need to be correlated with the patient's","user
You are an expert radiologist.





<image>
Does this image look abnormal?
model
Based on the chest X-ray image provided, there are some findings that warrant further investigation.

*   **Cardiomegaly:** The heart appears enlarged, which could indicate cardiomegaly.
*   **Possible Lung Abnormalities:** There are some subtle opacities in the lung fields, which could be","user
You are an expert radiologist.





<image>
Does this image look abnormal?
model
Based on the chest X-ray provided, there are a few observations that could be considered potentially abnormal, but further clinical context is needed for a definitive diagnosis.

*   **Cardiomegaly:** The heart appears to be slightly enlarged (cardiomegaly). This could be due to various factors, including hypertension,",0.000000,0.000000,0.000000
521,right lung upper left,"user
You are an expert radiologist.





<image>
Where is/are the abnormality located?
model
Based on the chest X-ray provided, there are a few observations that could be considered abnormalities, although further clinical context is needed for a definitive diagnosis.

*   **Cardiomegaly:** The heart appears enlarged, which could indicate cardiomegaly. This would need to be confirmed with measurements and comparison to previous","user
You are an expert radiologist.





<image>
Where is/are the abnormality located?
model
Based on the chest X-ray provided, there are a few observations that could be considered abnormalities, although further clinical context is needed for a definitive diagnosis.

*   **Cardiomegaly:** The heart appears enlarged, which could indicate cardiomegaly. This could be due to various factors, including hypertension, valv","user
You are an expert radiologist.





<image>
Where is/are the abnormality located?
model
Based on the chest X-ray provided, there are no obvious abnormalities identified. The heart size appears within normal limits. The lungs are clear bilaterally. The mediastinum is unremarkable. The bony structures of the ribs and clavicles appear intact.

However, it's important to note that this is a single image",0.000000,0.000000,0.000000
523,lung,"user
You are an expert radiologist.





<image>
Which organ is abnormal, heart or lung?
model
Based on the chest X-ray provided, the heart appears to be within normal limits in size and shape. The lung fields appear clear with no obvious consolidation, masses, or significant effusions.

Therefore, the heart is not abnormal.","user
You are an expert radiologist.





<image>
Which organ is abnormal, heart or lung?
model
Based on the chest X-ray provided, the heart appears to be the organ of primary concern.

The heart size appears to be slightly enlarged (cardiomegaly). While it's difficult to definitively assess heart size on a single image without more information (like a PA or lateral view), the cardiac silhouette seems to","user
You are an expert radiologist.





<image>
Which organ is abnormal, heart or lung?
model
Based on the chest X-ray provided, the heart appears to be within normal limits in size and shape. The lungs appear clear with no obvious consolidation, masses, or significant effusions.

Therefore, the heart is not abnormal.",0.000000,0.000000,0.000000
526,yes the xray image shows atelectasis which is a condition characterized by the collapse of part or all of a lung leading to reduced or absent gas exchange in that area,"user
You are an expert radiologist.





<image>
Does this image look abnormal?
model
Yes, the image appears abnormal. There is a large opacity in the right lower lung field, which could be a mass, consolidation, or other abnormality. The left lung appears relatively clear. Further evaluation with additional imaging, such as a CT scan, would be necessary to determine the exact nature of the abnormality.","user
You are an expert radiologist.





<image>
Does this image look abnormal?
model
Yes, the image appears abnormal. There is a large opacity in the right lower lung field, which could represent a mass, consolidation, or other pathology. Further evaluation is needed to determine the cause.","user
You are an expert radiologist.





<image>
Does this image look abnormal?
model
Yes, the image appears abnormal. There is a significant opacity in the lower lung fields, particularly on the right side. This could be due to a number of things, including:

*   **Pleural effusion:** Fluid accumulation in the pleural space.
*   **Consolidation:** Filling of the lung tissue",0.000000,0.000000,0.000000
531,yes,"user
You are an expert radiologist.





<image>
Are there abnormalities in this image?
model
Yes, there are abnormalities present in the image.

The most prominent abnormality is a large opacity in the right lower lung field. This could be due to a number of things, including:

*   **Pneumonia:** An infection causing inflammation and fluid accumulation in the lung tissue.
*   **Mass:**","user
You are an expert radiologist.





<image>
Are there abnormalities in this image?
model
Based on the chest X-ray provided, there are some potential abnormalities that warrant further investigation.

*   **Right Lung Mass:** There appears to be a mass-like opacity in the right lung field, specifically in the lower lobe. This could be a nodule, consolidation, or other lesion. Further evaluation with","user
You are an expert radiologist.





<image>
Are there abnormalities in this image?
model
Yes, there are abnormalities present in the chest X-ray.

The most prominent abnormality is a large opacity in the lower right lung field. This could be due to several possibilities, including:

*   **Pleural effusion:** Fluid accumulation in the pleural space.
*   **Consolidation:** Filling of",0.000000,0.000000,0.000000
532,lung,"user
You are an expert radiologist.





<image>
Which organ is abnormal, heart or lung?
model
Based on the chest X-ray provided, the **lung** appears to be abnormal.

Specifically, there is a large opacity in the right lung field, which could represent a mass, consolidation, or other abnormality. The left lung appears relatively clear.

It is important to note that this is a single image and","user
You are an expert radiologist.





<image>
Which organ is abnormal, heart or lung?
model
Based on the chest X-ray provided, the **lung** appears to be the abnormal organ.

Specifically, there is a nodule in the right lung field. This could be a variety of things, including a benign growth, a granuloma, or a more concerning lesion. Further evaluation, such as a CT","user
You are an expert radiologist.





<image>
Which organ is abnormal, heart or lung?
model
Based on the chest X-ray provided, the **lung** appears to be abnormal.

Specifically, there is a large opacity in the lower portion of the right lung, which could represent a consolidation, effusion, or mass. The left lung appears relatively clear.

It is important to note that this is a preliminary",0.000000,0.000000,0.000000
535,yes the xray image shows signs of atelectasis,"user
You are an expert radiologist.





<image>
Does this image look abnormal?
model
Yes, the image appears abnormal. Here's a breakdown of why:

*   **Significant Right-Sided Mediastinal Mass:** There is a large, dense opacity in the right mediastinum, obscuring the right hilum of the lung. This is highly suspicious for a mass or enlarged lymph node.","user
You are an expert radiologist.





<image>
Does this image look abnormal?
model
Yes, this image appears abnormal. Here's why:

*   **Significant Right-Sided Pleural Effusion:** There is a large opacity in the right hemithorax, obscuring the right hemidiaphragm and likely representing a significant pleural effusion. This is a major finding.
*","user
You are an expert radiologist.





<image>
Does this image look abnormal?
model
Yes, this image appears abnormal. Here's a breakdown of why:

*   **Significant Right-Sided Chest Opacity:** There is a large area of increased density (whiteness) in the right hemithorax, obscuring the right lung markings. This could be due to a number of things",0.000000,0.000000,0.000000
538,left lung right lung right side of the trachea,"user
You are an expert radiologist.





<image>
Where is/are the abnormality located?
model
Based on the provided chest X-ray image, the following abnormalities are present:

*   **Right-sided chest tube:** A chest tube is visible in the right hemithorax, likely placed for drainage of fluid or air.
*   **Possible pneumothorax:** There is a possible pneumothorax","user
You are an expert radiologist.





<image>
Where is/are the abnormality located?
model
Based on the provided chest X-ray image, there appears to be a **right-sided pneumothorax**.

The presence of a collapsed lung (right lung) and the absence of lung markings in the right hemithorax are indicative of a pneumothorax. The presence of a chest tube is also visible","user
You are an expert radiologist.





<image>
Where is/are the abnormality located?
model
Based on the chest X-ray provided, the most apparent abnormality is a **right-sided pneumothorax**.

Here's why:

*   **Hyperlucency:** The right hemithorax appears significantly darker than the left. This indicates increased air in the pleural space, which is characteristic of a",0.000000,0.000000,0.000000
540,yes,"user
You are an expert radiologist.





<image>
Are there abnormalities in this image?
model
Yes, there are several abnormalities visible in this chest X-ray. Here's a breakdown:

*   **Lines and Tubes:** There are multiple lines and tubes present, including a central line (likely a subclavian catheter), a nasogastric tube, and potentially a chest tube. The presence of these lines","user
You are an expert radiologist.





<image>
Are there abnormalities in this image?
model
Yes, there are several abnormalities visible in this chest X-ray. Here's a breakdown:

*   **Right-sided chest tube:** A chest tube is present on the right side, likely placed to drain fluid or air from the pleural space. The position of the chest tube is consistent with its intended purpose","user
You are an expert radiologist.





<image>
Are there abnormalities in this image?
model
Yes, there are several abnormalities visible in this chest X-ray. Here's a breakdown:

*   **Right-sided chest tube:** A chest tube is present on the right side, likely placed to drain fluid or air from the pleural space. The position of the chest tube is consistent with its intended purpose",0.000000,0.000000,0.000000
541,lung,"user
You are an expert radiologist.





<image>
Which organ is abnormal, heart or lung?
model
Based on the provided chest X-ray image, the **lung** appears to be abnormal.

Specifically, there is a large opacity in the right lung field, which could represent a consolidation, mass, or other abnormality. The heart size appears within normal limits.","user
You are an expert radiologist.





<image>
Which organ is abnormal, heart or lung?
model
Based on the provided chest X-ray image, the **lung** appears to be abnormal.

Specifically, there is a significant opacity in the right lung field, which could indicate a number of conditions such as pneumonia, pulmonary edema, or atelectasis. Further evaluation with additional imaging or clinical correlation is needed to determine","user
You are an expert radiologist.





<image>
Which organ is abnormal, heart or lung?
model
Based on the chest X-ray provided, the **lung** appears to be abnormal.

Specifically, there is a large opacity in the right hemithorax, which could be due to a number of factors, including:

*   **Pneumothorax:** Air in the pleural space, causing lung collapse",0.000000,0.000000,0.000000
544,yes,"user
You are an expert radiologist.





<image>
Does this image look abnormal?
model
Yes, this chest X-ray appears abnormal. There are several findings that raise concern:

*   **Right-sided Pleural Effusion:** There is a significant amount of opacity in the right hemithorax, suggesting a pleural effusion. The fluid obscures the right hemidiaphragm and the right cost","user
You are an expert radiologist.





<image>
Does this image look abnormal?
model
Yes, the image appears abnormal. There is a significant opacity in the right hemithorax, which could be due to a number of things, including:

*   **Pneumonia:** Infection in the lung tissue.
*   **Pleural effusion:** Fluid accumulation in the pleural space.
*","user
You are an expert radiologist.





<image>
Does this image look abnormal?
model
Yes, the image appears abnormal. There are several findings that raise concern:

*   **Right-sided pleural effusion:** There is a significant amount of fluid in the right pleural space, obscuring the right hemidiaphragm and the right lung base. This is a major finding.
*   **Right",0.000000,0.000000,0.000000
547,right lung upper left,"user
You are an expert radiologist.





<image>
Where is/are the abnormality located?
model
Based on the chest X-ray provided, there appears to be a significant opacity in the right hemithorax, obscuring the right hemidiaphragm. This could be due to a number of possibilities, including:

*   **Pleural effusion:** Fluid accumulation in the pleural space.
*","user
You are an expert radiologist.





<image>
Where is/are the abnormality located?
model
Based on the chest X-ray provided, there appears to be a significant abnormality in the right hemithorax. Specifically, there is a large opacity in the right lung field, which could be due to a number of possibilities, including:

*   **Pneumonia:** An infection causing inflammation and fluid accumulation","user
You are an expert radiologist.





<image>
Where is/are the abnormality located?
model
Based on the chest X-ray provided, there appears to be a significant abnormality in the right hemithorax. Specifically, there is a large opacity in the right lung field, obscuring the normal lung markings. This could be due to a variety of factors, including:

*   **Mass:** A tumor",0.000000,0.000000,0.000000
549,yes,"user
You are an expert radiologist.





<image>
Are there abnormalities in this image?
model
Yes, there are abnormalities visible in the chest X-ray.

Here's a breakdown of what I see:

*   **Right Hemithorax Opacity:** There appears to be significant opacity in the right hemithorax, obscuring the right hemidiaphragm and the right heart border","user
You are an expert radiologist.





<image>
Are there abnormalities in this image?
model
Yes, there are abnormalities visible in the chest X-ray.

Specifically, there appears to be a significant opacity in the right hemithorax, obscuring the right lung markings. This could be due to a number of possibilities, including:

*   **Pneumonia:** Infection in the lung tissue.","user
You are an expert radiologist.





<image>
Are there abnormalities in this image?
model
Yes, there are abnormalities visible in the chest X-ray.

Here's a breakdown of what I see:

*   **Right-sided Pleural Effusion:** There appears to be a significant amount of fluid in the right pleural space, obscuring the right hemidiaphragm and the right lung",0.000000,0.000000,0.000000
550,lung,"user
You are an expert radiologist.





<image>
Which organ is abnormal, heart or lung?
model
Based on the chest X-ray provided, the **lung** appears to be abnormal.

Specifically, there is a significant opacity in the right lung field, which could indicate a number of conditions such as pneumonia, pleural effusion, or a mass. Further evaluation with additional imaging (e.g., CT scan) would","user
You are an expert radiologist.





<image>
Which organ is abnormal, heart or lung?
model
The lung is abnormal. The image shows a significant opacity in the right lung field, which could be due to a variety of conditions such as pneumonia, pulmonary edema, or a mass. The left lung appears relatively clear.","user
You are an expert radiologist.





<image>
Which organ is abnormal, heart or lung?
model
Based on the chest X-ray provided, the **lung** appears to be abnormal.

Specifically, there is a significant opacity in the right lung field, which could indicate a number of conditions such as pneumonia, pulmonary edema, or a mass. Further evaluation with additional imaging or clinical correlation is needed to determine the exact",0.000000,0.000000,0.000000
553,yes,"user
You are an expert radiologist.





<image>
Does this image look abnormal?
model
Yes, the image appears abnormal. Here's why:

*   **Cardiothoracic Device:** There is a large, opaque device (likely a pacemaker or ICD) obscuring a significant portion of the chest. This is the primary reason for concern.
*   **Limited View:** The device obscures the","user
You are an expert radiologist.





<image>
Does this image look abnormal?
model
Yes, the image appears abnormal. The presence of a large, opaque object in the chest, likely a pacemaker or ICD device, obscures a significant portion of the lung fields. This could be due to the device itself, or potentially a lead that has migrated.

Here's a more detailed breakdown of what I see","user
You are an expert radiologist.





<image>
Does this image look abnormal?
model
Yes, the image appears abnormal. Here's why:

*   **Cardiomegaly:** The heart appears enlarged, which is a sign of cardiomegaly.
*   **Paced Device:** There is a pacemaker visible in the chest, which is a common finding in patients with cardiac conditions.",0.000000,0.000000,0.000000
556,right lung,"user
You are an expert radiologist.





<image>
Where is/are the abnormality located?
model
Based on the provided AP portable chest X-ray, the abnormality appears to be located in the **right atrium**.

The presence of a device, likely a pacemaker or ICD, in the right atrium is a significant finding. The device itself is visible, and the surrounding tissue appears to be altered, potentially due to the","user
You are an expert radiologist.





<image>
Where is/are the abnormality located?
model
Based on the provided chest X-ray, the most prominent abnormality is the **cardioverter-defibrillator (ICD) device** located in the left pectoral region. The device itself is visible, and the leads are extending into the right atrium and right ventricle.

While the image is a portable AP view","user
You are an expert radiologist.





<image>
Where is/are the abnormality located?
model
Based on the provided chest X-ray, the abnormality appears to be located in the **right lung**. There is a significant opacity in the right hemithorax, obscuring the lung markings. This could be due to a variety of factors, including:

*   **Pneumonia:** Infection in the lung",0.000000,0.000000,0.000000
557,yes,"user
You are an expert radiologist.





<image>
Are there abnormalities in this image?
model
Based on the provided AP portable chest X-ray, there are several observations:

*   **Cardiomegaly:** The heart appears enlarged, which could indicate cardiomegaly.
*   **Paced Device:** A pacemaker is visible in the left pectoral region.
*   **Mediastinal Shift:**","user
You are an expert radiologist.





<image>
Are there abnormalities in this image?
model
Based on the provided image, there are several observations:

*   **Pacemaker:** A pacemaker is visible in the chest, likely implanted in the left pectoral region. The leads appear to be in appropriate position.
*   **Lung Fields:** The lung fields appear relatively clear, with no obvious consolidation, effusions","user
You are an expert radiologist.





<image>
Are there abnormalities in this image?
model
Yes, there are several abnormalities visible in this chest X-ray. Here's a breakdown:

*   **Cardiomegaly:** The heart appears enlarged, which is indicated by the increased size of the cardiac silhouette.

*   **Paced Device:** There is a clearly visible pacemaker device in the left",0.000000,0.000000,0.000000
558,heart,"user
You are an expert radiologist.





<image>
Which organ is abnormal, heart or lung?
model
Based on the provided chest X-ray, the **heart** appears to be the abnormal organ. The heart size seems enlarged, and there is a pacemaker device visible in the chest.","user
You are an expert radiologist.





<image>
Which organ is abnormal, heart or lung?
model
Based on the provided chest X-ray, the heart appears to be the primary organ of interest, as it is centrally located and the image is focused on that region. The lungs are visible in the background, but the heart is the main structure being evaluated.","user
You are an expert radiologist.





<image>
Which organ is abnormal, heart or lung?
model
Based on the provided chest X-ray, the **heart** appears to be the primary organ of concern. The heart size appears enlarged, and there is a pacemaker/defibrillator device visible in the chest, which could be related to the heart condition. The lungs are visible, but there are no obvious signs of",0.000000,0.000000,0.000000
561,yes,"user
You are an expert radiologist.





<image>
Does this image look abnormal?
model
Yes, this image appears abnormal. There is a large, round opacity in the right mid-lung field. This could represent a variety of things, including a mass, consolidation, or other pathology. Further imaging, such as a CT scan, would be needed to determine the exact cause.","user
You are an expert radiologist.





<image>
Does this image look abnormal?
model
Based on the provided image, it appears to be a portable chest X-ray.

**Initial Impression:**

The image shows the lungs, heart, and mediastinum. There are no obvious acute findings that would immediately raise concern for a serious pathology.

**However, a definitive interpretation requires more information and comparison to","user
You are an expert radiologist.





<image>
Does this image look abnormal?
model
Yes, this image appears abnormal. There is a large, round opacity in the right mid-lung field. This could represent a variety of things, including a mass, consolidation, or other pathological process. Further evaluation with additional imaging (e.g., CT scan) would be needed to determine the exact nature of this",0.000000,0.000000,0.000000
564,right lung right side of the trachea,"user
You are an expert radiologist.





<image>
Where is/are the abnormality located?
model
Based on the provided image, there appears to be a **mass/opacity in the right lung field**. The location is difficult to pinpoint precisely without more information (e.g., comparison to prior imaging, patient history). However, it is most likely in the right upper lobe, given the location of the mass.","user
You are an expert radiologist.





<image>
Where is/are the abnormality located?
model
Based on the provided image, there is a **right lower lobe opacity**. This could be due to various reasons, including pneumonia, atelectasis, or a mass. Further evaluation with additional imaging or clinical correlation is recommended to determine the exact cause.","user
You are an expert radiologist.





<image>
Where is/are the abnormality located?
model
Based on the provided chest X-ray, there appears to be a **rounded opacity** in the **right mid-lung field**.

It is difficult to definitively characterize this finding without additional information (e.g., patient history, previous imaging), but it warrants further investigation.

Possible considerations include:

*",0.000000,0.000000,0.000000
566,yes,"user
You are an expert radiologist.





<image>
Are there abnormalities in this image?
model
Yes, there appears to be an abnormality in the right lung field. There is a large, round opacity in the right mid-lung field. This could represent a mass, consolidation, or other process. Further evaluation with a CT scan is recommended to determine the etiology.","user
You are an expert radiologist.





<image>
Are there abnormalities in this image?
model
Based on the provided image, there are no obvious abnormalities. The lungs appear relatively clear, and the heart size is within normal limits. The mediastinum is also unremarkable.

However, it's important to note that this is a single image and a full assessment would require a comparison to prior imaging, clinical history,","user
You are an expert radiologist.





<image>
Are there abnormalities in this image?
model
Yes, there are abnormalities in this chest X-ray.

The most prominent abnormality is a large, round opacity in the right mid-lung field. This could represent a variety of things, including:

*   **Mass:** A tumor, either benign or malignant.
*   **Nodule:** A small",0.000000,0.000000,0.000000
570,yes,"user
You are an expert radiologist.





<image>
Does this image look abnormal?
model
Based on the chest X-ray provided, there are a few observations that could be considered potentially abnormal, although further clinical context is needed for a definitive diagnosis.

*   **Left-sided picc line:** There is a left-sided picc line, which is likely in place for intravenous access. The tip","user
You are an expert radiologist.





<image>
Does this image look abnormal?
model
Based on the chest X-ray provided, there are a few observations that could be considered potentially abnormal, but further clinical context is needed for a definitive diagnosis.

*   **Heart Size:** The heart size appears within normal limits.
*   **Lung Fields:** The lung fields are clear bilaterally, with no","user
You are an expert radiologist.





<image>
Does this image look abnormal?
model
Based on the chest X-ray provided, there are no obvious acute abnormalities that would immediately raise concern. However, a more detailed assessment would require additional information and comparison to prior imaging, if available.

Here's a breakdown of what I see and some considerations:

*   **Lung Fields:** The lung fields",0.000000,0.000000,0.000000
573,the abnormality is located in the left lung and the right lung,"user
You are an expert radiologist.





<image>
Where is/are the abnormality located?
model
Based on the chest X-ray provided, there is a **left-sided picc line** that appears to be in place. The tip of the line is likely in the superior vena cava.

There are no other obvious abnormalities identified in the lungs, heart, or mediastinum. The lungs appear clear, and","user
You are an expert radiologist.





<image>
Where is/are the abnormality located?
model
Based on the chest X-ray provided, there is a **left-sided picc line** that appears to be in place. The tip of the line is likely in the superior vena cava.

There are no other obvious abnormalities identified in the lungs, heart, or mediastinum.

However, it is important","user
You are an expert radiologist.





<image>
Where is/are the abnormality located?
model
Based on the chest X-ray provided, there is a **left-sided subclavian line** that appears to be in place. The line is likely terminating in the superior vena cava.

There are no other obvious abnormalities identified in the lungs, heart, mediastinum, or bony structures.

However, it is",0.000000,0.000000,0.000000
575,yes,"user
You are an expert radiologist.





<image>
Are there abnormalities in this image?
model
Based on the chest X-ray provided, there are a few observations that warrant attention:

*   **Left-sided picc line:** There is a left-sided picc line, which appears to be in good position, terminating in the superior vena cava.

*   **Mediastinal widening:** The","user
You are an expert radiologist.





<image>
Are there abnormalities in this image?
model
Based on the chest X-ray provided, there are no obvious abnormalities that immediately stand out. The lungs appear relatively clear, and the heart size seems within normal limits. The mediastinum is also unremarkable.

However, it's important to note that this is a single image and a comprehensive assessment requires a full clinical","user
You are an expert radiologist.





<image>
Are there abnormalities in this image?
model
Based on the chest X-ray provided, there are no obvious acute abnormalities. The lungs appear clear bilaterally, and the heart size is within normal limits. The mediastinum is also unremarkable. There is no evidence of pneumothorax, pleural effusion, or significant consolidation.

However, it's important to note",0.000000,0.000000,0.000000
579,yes,"user
You are an expert radiologist.





<image>
Does this image look abnormal?
model
Yes, the image appears abnormal. There is significant opacification in the right hemithorax, obscuring the right hemidiaphragm and likely the right lung. This could be due to a number of factors, including:

*   **Pneumonia:** Consolidation of the lung tissue.","user
You are an expert radiologist.





<image>
Does this image look abnormal?
model
Yes, the image appears abnormal. There is significant opacification in the left hemithorax, obscuring the lung markings. This could be due to a number of factors, including:

*   **Pneumonia:** Consolidation of the lung tissue.
*   **Pleural effusion:** Fluid accumulation","user
You are an expert radiologist.





<image>
Does this image look abnormal?
model
Yes, the image appears abnormal. There is significant opacification in the right hemithorax, which could be due to a number of factors, including:

*   **Pneumonia:** This is a common cause of opacity in the lung.
*   **Pulmonary edema:** Fluid in the lungs",0.000000,0.000000,0.000000
582,right lung upper left,"user
You are an expert radiologist.





<image>
Where is/are the abnormality located?
model
Based on the chest X-ray provided, the abnormality appears to be located in the **right lung**. There is significant increased opacity in the right lung field, obscuring the normal lung markings. This could be due to a variety of factors, including pneumonia, pulmonary edema, or other infiltrative processes. Further evaluation with","user
You are an expert radiologist.





<image>
Where is/are the abnormality located?
model
Based on the provided image, there appears to be a significant opacity in the left hemithorax. This could be due to various factors, including:

*   **Pneumonia:** Consolidation of lung tissue due to infection.
*   **Pleural effusion:** Fluid accumulation in the pleural space.","user
You are an expert radiologist.





<image>
Where is/are the abnormality located?
model
Based on the chest X-ray provided, the abnormality appears to be located in the **right lung**. There is significant increased opacity (whiteness) in the right lung field, which could indicate a number of possibilities, including:

*   **Pneumonia:** Infection causing inflammation and fluid accumulation in the lung tissue",0.000000,0.000000,0.000000
584,lung,"user
You are an expert radiologist.





<image>
Which organ is abnormal, heart or lung?
model
Based on the chest X-ray provided, the **lung** appears abnormal. The image shows significant opacification in the right lung field, which could indicate a variety of conditions such as pneumonia, pulmonary edema, or other infiltrative processes. The heart size is difficult to assess accurately due to the significant lung abnormality.","user
You are an expert radiologist.





<image>
Which organ is abnormal, heart or lung?
model
Based on the provided image, the **lung** appears to be abnormal. The image shows a significant amount of opacity in the lung fields, which could indicate a variety of conditions such as pneumonia, pulmonary edema, or other lung pathology. The heart appears relatively clear.","user
You are an expert radiologist.





<image>
Which organ is abnormal, heart or lung?
model
Based on the chest X-ray provided, the **lung** appears to be abnormal. The image shows significant opacification in the right lung field, which could indicate a variety of conditions such as pneumonia, pulmonary edema, or other infiltrative processes. The heart size appears relatively normal, although it is difficult to assess",0.000000,0.000000,0.000000
602,yes,"user
You are an expert radiologist.





<image>
Does this image look abnormal?
model
Yes, this image appears abnormal. There are several findings that raise concern:

*   **Right-sided pleural effusion:** There is a significant opacity in the right hemithorax, likely representing a pleural effusion. The fluid obscures the right hemidiaphragm and lung markings.
*   **Possible consolidation","user
You are an expert radiologist.





<image>
Does this image look abnormal?
model
Yes, this image appears abnormal. There are several findings that raise concern:

*   **Right-sided chest tube:** The presence of a chest tube on the right side suggests a previous pneumothorax or pleural effusion that required drainage.
*   **Possible opacity in the left lower lung field:** There is a","user
You are an expert radiologist.





<image>
Does this image look abnormal?
model
Yes, the image appears abnormal. There are several findings that raise concern:

*   **Right-sided pleural effusion:** There is a significant opacity in the right hemithorax, likely representing a pleural effusion. The fluid obscures the normal lung markings.
*   **Possible consolidation:** The opacity in the right",0.000000,0.000000,0.000000
605,right lung upper left right side of the trachea,"user
You are an expert radiologist.





<image>
Where is/are the abnormality located?
model
Based on the chest X-ray provided, there appears to be a **right-sided pleural effusion**.

Here's why:

*   **Blunting of the costophrenic angle:** The costophrenic angles (the sharp angles where the diaphragm meets the ribs) are typically clear on a chest","user
You are an expert radiologist.





<image>
Where is/are the abnormality located?
model
Based on the chest X-ray provided, there appears to be a **right-sided pleural effusion**. The fluid density is obscuring the right hemidiaphragm and the right costophrenic angle.

It's important to note that this is a preliminary assessment based on a single image. Further evaluation","user
You are an expert radiologist.





<image>
Where is/are the abnormality located?
model
Based on the chest X-ray provided, there appears to be a **right-sided pleural effusion**. The fluid density is obscuring the right hemidiaphragm and potentially the right lung base.

It's difficult to definitively determine the cause of the effusion without additional information (clinical history, other imaging,",0.000000,0.000000,0.000000
607,yes,"user
You are an expert radiologist.





<image>
Are there abnormalities in this image?
model
Yes, there are abnormalities visible in the chest X-ray.

Here's a breakdown of what I see:

*   **Right Hemithorax Opacity:** There appears to be increased opacity in the right hemithorax, which could be due to a number of factors. This could be a","user
You are an expert radiologist.





<image>
Are there abnormalities in this image?
model
Yes, there are some abnormalities visible in the chest X-ray.

Here's a breakdown of what I see:

*   **Right Hemithorax:** There appears to be a significant opacity in the right hemithorax, obscuring the right lung markings. This could be due to a number","user
You are an expert radiologist.





<image>
Are there abnormalities in this image?
model
Yes, there are several abnormalities visible in this chest X-ray. Here's a breakdown of what I see:

*   **Right-sided Pleural Effusion:** There appears to be a significant amount of fluid in the right pleural space, obscuring the right hemidiaphragm and the right cost",0.000000,0.000000,0.000000
608,lung note the xray image indicates an abnormality in the lung which suggests the presence of pneumonia,"user
You are an expert radiologist.





<image>
Which organ is abnormal, heart or lung?
model
Based on the chest X-ray provided, the **lung** appears to be abnormal.

Specifically, there is a large opacity in the right hemithorax, which could represent a pleural effusion, consolidation, or mass. The left lung appears relatively clear.

It is important to note that this is a preliminary","user
You are an expert radiologist.





<image>
Which organ is abnormal, heart or lung?
model
Based on the chest X-ray provided, the **lung** appears to be the abnormal organ.

Specifically, there is a large opacity in the left lung field, which could represent a mass, consolidation, or other abnormality. Further evaluation with additional imaging (e.g., CT scan) would be necessary to determine","user
You are an expert radiologist.





<image>
Which organ is abnormal, heart or lung?
model
Based on the chest X-ray provided, the **lung** appears to be abnormal.

Specifically, there is a significant opacity in the lower lung fields, which could be indicative of pneumonia, pleural effusion, or other lung pathology. The heart size appears within normal limits.",0.000000,0.000000,0.000000
611,yes the xray image shows signs of atelectasis indicating an abnormality,"user
You are an expert radiologist.





<image>
Does this image look abnormal?
model
Yes, the image appears abnormal. There is a large opacity in the right hemithorax, obscuring the right lung. This could be due to a number of things, including a mass, consolidation, or pleural effusion. Further imaging, such as a CT scan, would be needed to determine the exact cause.","user
You are an expert radiologist.





<image>
Does this image look abnormal?
model
Based on the provided chest X-ray image, there are some findings that warrant further investigation.

*   **Right Hemithorax Opacity:** There appears to be increased opacity in the right hemithorax, which could be due to various factors such as consolidation, fluid, or mass.

*","user
You are an expert radiologist.





<image>
Does this image look abnormal?
model
Yes, the image appears abnormal. There is a significant opacity in the right hemithorax, obscuring the right hemidiaphragm. This could be due to a number of possibilities, including:

*   **Pneumonia:** Infection in the lung tissue.
*   **Pleural effusion:**",0.000000,0.000000,0.000000
614,the abnormality is located in the left lung and right side of the trachea,"user
You are an expert radiologist.





<image>
Where is/are the abnormality located?
model
Based on the chest X-ray provided, there is a **prominent opacity in the right upper lung field**. This could be due to a variety of factors, including:

*   **Pneumonia:** An infection causing inflammation and fluid accumulation in the lung tissue.
*   **Mass:** A tumor or","user
You are an expert radiologist.





<image>
Where is/are the abnormality located?
model
Based on the chest X-ray provided, there is a significant opacity in the right hemithorax, obscuring the right lung field. This could be due to a number of factors, including:

*   **Mass:** A tumor or other mass could be present.
*   **Pleural effusion:**","user
You are an expert radiologist.





<image>
Where is/are the abnormality located?
model
Based on the chest X-ray provided, there appears to be a **right-sided pleural effusion**. The opacity in the lower right hemithorax suggests fluid accumulation in the pleural space.

It's important to note that this is a preliminary interpretation based on a single image. Further evaluation, including comparison with",0.000000,0.000000,0.000000
616,yes,"user
You are an expert radiologist.





<image>
Are there abnormalities in this image?
model
Based on the chest X-ray provided, there are a few observations that warrant attention:

*   **Cardiomegaly:** The heart appears enlarged, which could indicate cardiomegaly. Further evaluation with echocardiography would be needed to confirm the diagnosis and assess the underlying cause.

*   **Mediastinal","user
You are an expert radiologist.





<image>
Are there abnormalities in this image?
model
Based on the provided chest X-ray image, there are some potential abnormalities that warrant further investigation.

*   **Right Lung Opacity:** There appears to be an area of increased density in the right lung field, which could represent a consolidation, mass, or other opacity. This requires further evaluation to determine the underlying","user
You are an expert radiologist.





<image>
Are there abnormalities in this image?
model
Yes, there are some abnormalities visible in this chest X-ray.

*   **Right Hemithorax Opacity:** There appears to be increased opacity in the right hemithorax, which could be due to a number of factors, including consolidation (pneumonia), pleural effusion, or atelectasis.",0.000000,0.000000,0.000000
617,lung,"user
You are an expert radiologist.





<image>
Which organ is abnormal, heart or lung?
model
Based on the chest X-ray provided, the **lung** appears to be the abnormal organ.

Specifically, there is a large opacity in the right upper lung field, which could represent a mass, consolidation, or other abnormality. Further evaluation with additional imaging (e.g., CT scan) would be necessary to","user
You are an expert radiologist.





<image>
Which organ is abnormal, heart or lung?
model
Based on the chest X-ray provided, the **lung** appears to be abnormal.

Specifically, there is a large opacity in the right lung field, which could represent a mass, consolidation, or other abnormality. The heart size appears within normal limits.

It is important to note that this is a preliminary assessment","user
You are an expert radiologist.





<image>
Which organ is abnormal, heart or lung?
model
Based on the chest X-ray provided, the **lung** appears to be abnormal.

Specifically, there is a significant opacity in the right lower lung field, which could represent a consolidation, mass, or other abnormality. The left lung appears relatively clear.

It is important to note that this is a single image",0.000000,0.000000,0.000000
620,yes,"user
You are an expert radiologist.





<image>
Does this image look abnormal?
model
Yes, this image appears abnormal. Here's why:

*   **Significant opacity in the left hemithorax:** There is a large area of increased density (whiteness) in the left side of the chest, obscuring the lung markings. This could be due to a number of things, including:","user
You are an expert radiologist.





<image>
Does this image look abnormal?
model
Yes, this image appears abnormal. There is a large opacity in the left hemithorax, obscuring the lung markings. This could be due to a number of things, including a large pleural effusion, a mass, or consolidation. Further evaluation with additional imaging is needed to determine the cause.","user
You are an expert radiologist.





<image>
Does this image look abnormal?
model
Yes, the image appears abnormal. There is a large opacity in the left hemithorax, obscuring the lung markings. This could be due to a number of things, including a large pleural effusion, atelectasis, or a mass. Further evaluation with additional imaging (e.g., CT scan) would",0.000000,0.000000,0.000000
623,left lung right lung right side of the trachea,"user
You are an expert radiologist.





<image>
Where is/are the abnormality located?
model
Based on the chest X-ray provided, there appears to be a **large opacity in the left hemithorax**, obscuring the lung markings. This could be due to a number of possibilities, including:

*   **Pneumonia:** Infection in the lung tissue.
*   **Pleural effusion","user
You are an expert radiologist.





<image>
Where is/are the abnormality located?
model
Based on the chest X-ray provided, there appears to be a significant amount of free air under the diaphragm. This is a concerning finding and suggests a possible perforated viscus (e.g., perforated stomach, bowel perforation).

The free air is located in the peritoneal cavity, which is the space between the abdominal","user
You are an expert radiologist.





<image>
Where is/are the abnormality located?
model
Based on the chest X-ray provided, there appears to be a **left-sided pleural effusion**. The fluid density is obscuring the left hemidiaphragm and lung markings.

It's important to note that this is a preliminary assessment based on a single image. A full evaluation would require comparison to",0.000000,0.000000,0.000000
625,yes,"user
You are an expert radiologist.





<image>
Are there abnormalities in this image?
model
Yes, there are abnormalities visible in this chest X-ray.

Here's a breakdown of what I see:

*   **Large Pleural Effusion:** There is a significant amount of fluid in the pleural space, which is the space between the lung and the chest wall. This is indicated by the bl","user
You are an expert radiologist.





<image>
Are there abnormalities in this image?
model
Yes, there are abnormalities present in the image.

Based on the chest X-ray, I can see the following:

*   **Significant opacity in the left hemithorax:** This suggests a large mass or consolidation in the left lung. The exact nature of this opacity needs further investigation.
*","user
You are an expert radiologist.





<image>
Are there abnormalities in this image?
model
Based on the chest X-ray image provided, there are some potential abnormalities that warrant further investigation.

*   **Left Hemithorax Opacity:** There appears to be increased opacity in the left hemithorax, which could be due to various factors such as consolidation (pneumonia), pleural effusion, or",0.000000,0.000000,0.000000
626,lung,"user
You are an expert radiologist.





<image>
Which organ is abnormal, heart or lung?
model
Based on the chest X-ray provided, the **lung** appears to be abnormal.

Specifically, there is a large opacity in the left hemithorax, which could represent a pleural effusion (fluid in the pleural space), consolidation (pneumonia), or atelectasis (lung collapse). Further evaluation with additional","user
You are an expert radiologist.





<image>
Which organ is abnormal, heart or lung?
model
Based on the provided chest X-ray image, the **lung** appears to be abnormal.

Here's why:

*   **Lung Opacity:** There is a significant area of increased density (opacity) in the lower portion of the left lung field. This could be due to various conditions such as pneumonia","user
You are an expert radiologist.





<image>
Which organ is abnormal, heart or lung?
model
Based on the chest X-ray provided, the **lung** appears to be abnormal.

Specifically, there is a large opacity in the left lower lung field, which could represent a consolidation (pneumonia), atelectasis, or other lung pathology. The right lung appears relatively clear.

The heart size is within",0.000000,0.000000,0.000000
629,yes the ct scan shows a pneumothorax which is an abnormal condition,"user
You are an expert radiologist.





<image>
Does this image look abnormal?
model
Yes, the image appears abnormal. There is a device implanted in the right chest, likely a pacemaker or ICD. The presence of this device is a significant finding and warrants further investigation.

Here's a breakdown of why it's abnormal and what further evaluation might be needed:

*   **Presence of a","user
You are an expert radiologist.





<image>
Does this image look abnormal?
model
Yes, the image appears abnormal. There is a device visible in the right hemithorax, likely a chest tube. The presence of a chest tube suggests a possible pneumothorax or pleural effusion. Further evaluation is needed to determine the cause and extent of the abnormality.","user
You are an expert radiologist.





<image>
Does this image look abnormal?
model
Yes, the image appears abnormal. Here's why:

*   **Right-sided port-a-cath:** The presence of a right-sided port-a-cath is not inherently abnormal, but its position and appearance should be assessed. It appears to be in the standard location, but I would need",0.000000,0.000000,0.000000
632,left lung upper right,"user
You are an expert radiologist.





<image>
Where is/are the abnormality located?
model
Based on the chest X-ray provided, there is a **right-sided port-a-cath** visible. The catheter tip is likely in the superior vena cava (SVC), but the exact location needs to be confirmed with additional imaging.

There are no obvious abnormalities in the lung fields, heart, or mediast","user
You are an expert radiologist.





<image>
Where is/are the abnormality located?
model
Based on the chest X-ray provided, there appears to be a **right-sided port-a-cath** in place. The catheter is visible extending from the subclavian vein into the superior vena cava.

There are no other obvious abnormalities identified in the lungs, heart, or mediastinum. However, a","user
You are an expert radiologist.





<image>
Where is/are the abnormality located?
model
Based on the chest X-ray provided, there is a device implanted in the right upper chest, likely a port-a-cath or similar access device. The location appears to be in the superior vena cava region.

There are no obvious acute abnormalities such as pneumothorax, large pleural effusion, or significant consolidation",0.000000,0.000000,0.000000
634,yes,"user
You are an expert radiologist.





<image>
Are there abnormalities in this image?
model
Based on the chest X-ray provided, there are a few observations that warrant attention:

*   **Right-sided port-a-cath:** There is a port-a-cath visible on the right side of the chest, likely terminating in the superior vena cava. The catheter appears intact.

*","user
You are an expert radiologist.





<image>
Are there abnormalities in this image?
model
Yes, there are abnormalities present in the image.

Specifically, there appears to be a **central venous catheter (CVC)** in place, likely a tunneled catheter. The catheter is visible in the superior vena cava (SVC) and extends into the right atrium.

The lungs appear relatively clear, with no","user
You are an expert radiologist.





<image>
Are there abnormalities in this image?
model
Based on the provided chest X-ray image, there are a few observations that warrant attention:

1.  **Pneumothorax:** There appears to be a possible pneumothorax on the right side. The lung markings are not well-defined, and there is a lucency (dark area) in the",0.000000,0.000000,0.000000
635,lung,"user
You are an expert radiologist.





<image>
Which organ is abnormal, heart or lung?
model
Based on the chest X-ray provided, the **lung** appears to be the abnormal organ.

Specifically, there is a large mass in the upper right lung field, which could be a tumor or other lesion.

The heart size appears within normal limits.","user
You are an expert radiologist.





<image>
Which organ is abnormal, heart or lung?
model
Based on the chest X-ray provided, the **lung** appears to be the abnormal organ.

Specifically, there is a device (likely a pacemaker or ICD) visible in the upper right chest, which is a foreign object. The lung tissue surrounding the device may be compressed or altered in appearance.

The heart","user
You are an expert radiologist.





<image>
Which organ is abnormal, heart or lung?
model
Based on the chest X-ray provided, the **lung** appears to be the primary organ of concern.

Here's why:

*   **Lung Fields:** The lung fields are the areas of blackness on either side of the heart. They are normally filled with air. In this image, there are",0.000000,0.000000,0.000000
638,yes,"user
You are an expert radiologist.





<image>
Does this image look abnormal?
model
Yes, the image appears abnormal. Here's why:

*   **Significant opacity in the left hemithorax:** There is a large area of increased density (whiteness) in the left side of the chest, obscuring the lung markings. This could be due to a number of things, including:","user
You are an expert radiologist.





<image>
Does this image look abnormal?
model
Yes, the image appears abnormal. There is a large, dense opacity in the left upper mediastinum, obscuring the aortic knob and the left main bronchus. This could represent a mass, enlarged lymph node, or other mediastinal lesion. Further evaluation with contrast-enhanced CT is recommended to characterize the lesion.","user
You are an expert radiologist.





<image>
Does this image look abnormal?
model
Yes, the image appears abnormal. There are several findings that raise concern:

*   **Left Hemithorax Opacity:** The left hemithorax appears significantly denser than the right. This could be due to a number of factors, including:
    *   **Pneumonia:** Infection in the",0.000000,0.000000,0.000000
641,left lung right lung,"user
You are an expert radiologist.





<image>
Where is/are the abnormality located?
model
Based on the chest X-ray provided, there is a **large opacity in the left hemithorax**, obscuring the lung markings. This suggests a possible mass, consolidation, or other significant abnormality in the left lung.

It's important to note that this is a preliminary assessment based on a single image","user
You are an expert radiologist.





<image>
Where is/are the abnormality located?
model
Based on the provided chest X-ray image, there is a significant opacity in the left upper lung field. This could be due to a variety of factors, including:

*   **Pneumonia:** An infection causing inflammation and fluid accumulation in the lung tissue.
*   **Mass:** A tumor or other","user
You are an expert radiologist.





<image>
Where is/are the abnormality located?
model
Based on the chest X-ray provided, there is a significant opacity in the left hemithorax, obscuring the lung markings. This suggests a possible mass, consolidation, or other significant abnormality in the left lung.

It is important to note that this is a preliminary interpretation based on a single image. Further",0.000000,0.000000,0.000000
643,yes the xray image shows an infiltrate,"user
You are an expert radiologist.





<image>
Are there abnormalities in this image?
model
Based on the provided chest X-ray image, there are some potential abnormalities that warrant further investigation.

*   **Cardiomegaly:** The heart appears enlarged, which could indicate cardiomegaly.

*   **Mediastinal widening:** The mediastinum (the space between the lungs containing the heart, great","user
You are an expert radiologist.





<image>
Are there abnormalities in this image?
model
Based on the provided chest X-ray image, there are a few observations that warrant further investigation.

*   **Mediastinal Mass:** There appears to be a significant opacity in the mediastinum, particularly in the central portion. This could represent a mass, enlarged lymph nodes, or other mediastinal pathology. Further","user
You are an expert radiologist.





<image>
Are there abnormalities in this image?
model
Based on the chest X-ray provided, there are a few observations that could be considered abnormalities:

*   **Left Hemithorax Opacity:** There appears to be increased density in the left hemithorax, obscuring the lung markings. This could be due to a number of factors, including consolidation",0.000000,0.000000,0.000000
644,lung,"user
You are an expert radiologist.





<image>
Which organ is abnormal, heart or lung?
model
Based on the chest X-ray provided, the **lung** appears to be abnormal.

Specifically, there is a large opacity in the left hemithorax, obscuring the lung markings. This could be due to a number of possibilities, including:

*   **Pneumonia:** An infection causing inflammation","user
You are an expert radiologist.





<image>
Which organ is abnormal, heart or lung?
model
Based on the provided chest X-ray image, the **lung** appears to be abnormal.

Here's why:

*   **Lung Opacity:** There is a significant area of increased density (opacity) in the left lung field, obscuring the normal lung markings. This could be due to various conditions","user
You are an expert radiologist.





<image>
Which organ is abnormal, heart or lung?
model
Based on the chest X-ray provided, the **lung** appears to be abnormal.

Specifically, there is a large opacity in the left hemithorax, obscuring the lung markings. This could be due to a number of factors, including:

*   **Pneumonia:** Infection of the lung",0.000000,0.000000,0.000000
647,yes,"user
You are an expert radiologist.





<image>
Does this image look abnormal?
model
Yes, the image appears abnormal. Here's why:

*   **Significant opacity in the right hemithorax:** There is a large area of increased density (whiteness) in the right lung field, obscuring the normal lung markings. This could be due to a variety of conditions, including pneumonia,","user
You are an expert radiologist.





<image>
Does this image look abnormal?
model
Yes, the image appears abnormal. It shows a significant amount of fluid, likely representing a large pleural effusion. The fluid obscures the normal lung markings and heart silhouette. This could be due to various causes, such as heart failure, pneumonia, malignancy, or other inflammatory conditions.

Based on the image alone, it is","user
You are an expert radiologist.





<image>
Does this image look abnormal?
model
Yes, this image appears abnormal. Here's why:

*   **Significant opacity in the left hemithorax:** There is a large area of increased density (whiteness) in the left lung field, obscuring the normal lung markings. This could be due to a variety of conditions, including pneumonia,",0.000000,0.000000,0.000000
650,left lung upper right,"user
You are an expert radiologist.





<image>
Where is/are the abnormality located?
model
Based on the provided image, the abnormality appears to be located in the **right lung**.

Specifically, there is a **dense opacity** in the right lung field, which could represent a consolidation, mass, or other pathological process.

It is important to note that this is a preliminary assessment based on a single image","user
You are an expert radiologist.





<image>
Where is/are the abnormality located?
model
Based on the image provided, it is difficult to pinpoint a specific abnormality with certainty. The image appears to be a high-resolution, multi-planar reconstruction, likely from a CT or MRI scan.

However, I can offer some observations:

*   **Lung Fields:** The lung fields appear relatively clear, with","user
You are an expert radiologist.





<image>
Where is/are the abnormality located?
model
Based on the chest X-ray provided, the most apparent abnormality is a **large pleural effusion** on the left side. The left hemithorax appears significantly denser than the right, with obscuration of the left hemidiaphragm and the left costophrenic angle. This suggests fluid accumulation in the",0.000000,0.000000,0.000000
652,yes,"user
You are an expert radiologist.





<image>
Are there abnormalities in this image?
model
Based on the provided image, there are several potential abnormalities that warrant further investigation. Here's a breakdown of my observations:

*   **Cardiomegaly:** The heart appears enlarged, which could indicate cardiomegaly. This could be due to various underlying conditions such as hypertension, valvular heart disease, or","user
You are an expert radiologist.





<image>
Are there abnormalities in this image?
model
Based on the image provided, it is difficult to definitively determine the presence of abnormalities without additional clinical information and comparison to prior imaging. However, I can offer some observations:

*   **Image Quality:** The image appears to be a high-resolution image, which is good.
*   **Overall Appearance:** The","user
You are an expert radiologist.





<image>
Are there abnormalities in this image?
model
Yes, there are several abnormalities visible in the chest X-ray.

*   **Large Pleural Effusion:** There appears to be a significant amount of fluid in the pleural space, obscuring the lower portions of the lung fields. This is likely a left-sided pleural effusion, given the position of the heart",0.000000,0.000000,0.000000
653,lung,"user
You are an expert radiologist.





<image>
Which organ is abnormal, heart or lung?
model
Based on the provided image, the **lung** appears to be abnormal.

Here's why:

*   **Lung Opacities:** There are areas of increased density (whiteness) within the lung fields, which could represent consolidation, fluid, or other abnormalities.
*   **Heart Size:** The","user
You are an expert radiologist.





<image>
Which organ is abnormal, heart or lung?
model
Based on the image provided, it is difficult to definitively determine if the heart or lungs are abnormal. The image appears to be a high-resolution chest X-ray, but the quality is not ideal for detailed assessment.

However, I can make some observations:

*   **Heart:** The heart size appears within","user
You are an expert radiologist.





<image>
Which organ is abnormal, heart or lung?
model
Based on the chest X-ray provided, the **lung** appears to be abnormal.

Here's why:

*   **Lung Opacity:** There is a significant opacity in the lower portion of the left lung field. This could be due to various conditions such as pneumonia, atelectasis, or pleural",0.000000,0.000000,0.000000
656,yes,"user
You are an expert radiologist.





<image>
Does this image look abnormal?
model
Yes, the image appears abnormal. There is a large opacity in the left hemithorax, obscuring the lung markings. This could be due to a number of things, including a large mass, consolidation (pneumonia), or pleural effusion. Further imaging, such as a CT scan, would be needed to determine","user
You are an expert radiologist.





<image>
Does this image look abnormal?
model
Based on the provided image, it appears to be a chest X-ray.

**Initial Impression:**

The image shows the typical structures of the chest, including the lungs, heart, and mediastinum. However, without clinical context, it's difficult to provide a definitive diagnosis.

**Potential Concerns (Based","user
You are an expert radiologist.





<image>
Does this image look abnormal?
model
Yes, the image appears abnormal. There is a large opacity in the left hemithorax, obscuring the lung markings. This could be due to a number of things, including a large pleural effusion, consolidation (pneumonia), or a mass. Further evaluation with additional imaging (e.g., CT scan)",0.000000,0.000000,0.000000
659,left lung right side of the trachea,"user
You are an expert radiologist.





<image>
Where is/are the abnormality located?
model
Based on the chest X-ray provided, there appears to be a **left upper lobe consolidation**. This is indicated by the increased opacity in the left upper lung field, obscuring the normal lung markings.

It's important to note that this is a preliminary interpretation based on a single image. Further evaluation, including","user
You are an expert radiologist.





<image>
Where is/are the abnormality located?
model
Based on the provided image, there appears to be a **large opacity in the left hemithorax**, obscuring the lung markings. This could be due to a variety of factors, including:

*   **Mass:** A tumor or other mass could be present.
*   **Fluid:** Pleural effusion","user
You are an expert radiologist.





<image>
Where is/are the abnormality located?
model
Based on the chest X-ray provided, there is a **left pleural effusion**. The fluid is obscuring the left costophrenic angle and the left hemidiaphragm.

It's important to note that this is a single image and a full assessment would require comparison to prior imaging and clinical correlation",0.000000,0.000000,0.000000
661,yes,"user
You are an expert radiologist.





<image>
Are there abnormalities in this image?
model
Based on the provided chest X-ray image, there are some potential abnormalities that warrant further investigation.

*   **Possible opacity in the left lung field:** There appears to be some increased density or opacity in the left lung field, which could be due to various factors such as consolidation, atelectasis, or a","user
You are an expert radiologist.





<image>
Are there abnormalities in this image?
model
Based on the provided image, there are some potential abnormalities that warrant further investigation.

*   **Possible opacity in the left lung:** There appears to be an area of increased density in the left lung field. This could be due to various factors, including consolidation (pneumonia), atelectasis, or a mass.","user
You are an expert radiologist.





<image>
Are there abnormalities in this image?
model
Based on the chest X-ray provided, there are a few observations that warrant attention:

*   **Left Hemithorax Opacity:** There appears to be increased opacity in the left hemithorax, which could be due to various factors such as consolidation, pleural effusion, or atelectasis. Further",0.000000,0.000000,0.000000
662,lung,"user
You are an expert radiologist.





<image>
Which organ is abnormal, heart or lung?
model
Based on the chest X-ray provided, the **lung** appears to be abnormal.

Specifically, there is a large opacity in the left hemithorax, obscuring the lung markings. This could be due to a variety of causes, including:

*   **Pneumonia:** Infection of the lung","user
You are an expert radiologist.





<image>
Which organ is abnormal, heart or lung?
model
Based on the provided image, the **lung** appears to be the abnormal organ.

Here's why:

*   **Lung Appearance:** The lung field on the left side of the image appears to be somewhat obscured or compressed. This could be due to various factors, such as a mass, consolidation, or","user
You are an expert radiologist.





<image>
Which organ is abnormal, heart or lung?
model
Based on the chest X-ray provided, the **lung** appears to be the abnormal organ.

Specifically, there is a large opacity in the left hemithorax, which could represent a pleural effusion, consolidation, or other pathology. The right lung appears relatively clear.

It is important to note that this",0.000000,0.000000,0.000000
665,yes,"user
You are an expert radiologist.





<image>
Does this image look abnormal?
model
Yes, this image appears abnormal. Here's a breakdown of my observations:

*   **Significant Left Hemithorax Opacity:** The left hemithorax (left side of the chest) appears significantly denser than the right. This could be due to a number of factors, including:
    *","user
You are an expert radiologist.





<image>
Does this image look abnormal?
model
Yes, this image appears abnormal. Here's why:

*   **Cardiomegaly:** The heart appears enlarged, which is a sign of cardiomegaly.
*   **Pulmonary Vascularity:** The pulmonary vasculature appears increased, which could indicate pulmonary edema or other pulmonary vascular abnormalities.
*","user
You are an expert radiologist.





<image>
Does this image look abnormal?
model
Yes, this image appears abnormal. Here's a breakdown of my observations:

*   **Left Hemithorax Opacity:** There is significant opacity in the left hemithorax, obscuring the lung markings. This could be due to a number of factors, including:
    *   **P",0.000000,0.000000,0.000000
668,left lung,"user
You are an expert radiologist.





<image>
Where is/are the abnormality located?
model
Based on the provided chest X-ray, the abnormality appears to be located in the **left upper lobe**.

Specifically, there is a large, dense opacity in the left upper lung field, obscuring the normal lung markings. This could represent a mass, consolidation, or other process.

It is important to note","user
You are an expert radiologist.





<image>
Where is/are the abnormality located?
model
Based on the provided image, there is a **significant opacity in the left lower lung field**. This could be due to a number of possibilities, including:

*   **Pneumonia:** An infection causing inflammation and fluid accumulation in the lung tissue.
*   **Atelectasis:** Collapse of lung tissue","user
You are an expert radiologist.





<image>
Where is/are the abnormality located?
model
Based on the provided chest X-ray, the abnormality appears to be located in the left hemithorax. Specifically, there is a large opacity in the left lung field, obscuring the normal lung markings. This could be due to a variety of factors, including:

*   **Pneumonia:** Infection",0.000000,0.000000,0.000000
670,yes,"user
You are an expert radiologist.





<image>
Are there abnormalities in this image?
model
Based on the provided image, there are a few observations that could be considered abnormalities, although further clinical context is needed for a definitive diagnosis:

*   **Cardiomegaly:** The heart appears enlarged, which could indicate cardiomegaly. This would need to be confirmed with measurements and comparison to previous images if available","user
You are an expert radiologist.





<image>
Are there abnormalities in this image?
model
Based on the provided image, there are a few observations that could be considered abnormalities, although further clinical context is needed for a definitive diagnosis.

*   **Cardiomegaly:** The heart appears enlarged, which could indicate cardiomegaly. This would need to be confirmed with measurements and comparison to previous images if available","user
You are an expert radiologist.





<image>
Are there abnormalities in this image?
model
Yes, there are several abnormalities visible in this AP portable chest X-ray. Here's a breakdown:

*   **Left-sided chest tube:** A chest tube is present on the left side, likely placed for drainage of fluid or air from the pleural space.

*   **Possible pneumothorax:**",0.000000,0.000000,0.000000
671,lung,"user
You are an expert radiologist.





<image>
Which organ is abnormal, heart or lung?
model
Based on the provided chest X-ray, the **lung** appears to be abnormal.

Specifically, there is a large opacity in the left lower lung field, which could represent a consolidation (pneumonia), atelectasis, or other process. The right lung appears relatively clear.

The heart size is difficult to","user
You are an expert radiologist.





<image>
Which organ is abnormal, heart or lung?
model
Based on the provided image, the **lung** appears to be the organ that is abnormal.

The image shows a portable AP chest X-ray. The lung fields are not fully expanded, and there is some increased opacity in the lower lung zones. This could be due to a number of factors, including atelect","user
You are an expert radiologist.





<image>
Which organ is abnormal, heart or lung?
model
Based on the provided chest X-ray, the **lung** appears to be abnormal.

Specifically, there is a large opacity in the left lower lung field, obscuring the normal lung markings. This could be due to a variety of factors, including:

*   **Pneumonia:** Infection in the lung",0.000000,0.000000,0.000000
698,yes,"user
You are an expert radiologist.





<image>
Does this image look abnormal?
model
Yes, the image appears abnormal.

Based on the provided image, I can see a significant amount of fluid within the right pleural space. This is likely a pleural effusion. The fluid appears to be obscuring the normal lung markings.

It's important to note that this is a single image and a full assessment","user
You are an expert radiologist.





<image>
Does this image look abnormal?
model
Based on the image provided, it is difficult to definitively determine if it is abnormal without more information. However, I can offer some observations:

*   **Appearance:** The image appears to be a cross-sectional view of a brain, likely from an MRI or CT scan. The structures within the brain are visible,","user
You are an expert radiologist.





<image>
Does this image look abnormal?
model
Based on the single axial CT image provided, it is difficult to definitively determine if the image is abnormal. However, I can offer some observations:

*   **Liver:** The liver appears to be of normal size and density.
*   **Lung:** The lung fields appear clear.
*   **Mediast",0.000000,0.000000,0.000000
705,liver left,"user
You are an expert radiologist.





<image>
Where is/are the abnormality located?
model
Based on the image provided, the abnormality appears to be located in the **right lobe of the liver**.

Specifically, it appears as a hypodense (darker) area within the liver parenchyma. This could represent a variety of conditions, including:

*   **Cystic lesion:** A simple cyst or","user
You are an expert radiologist.





<image>
Where is/are the abnormality located?
model
Based on the image provided, it is difficult to definitively identify any specific abnormalities. The image appears to be a cross-sectional view of a brain, likely from an MRI or CT scan. However, without more information about the context of the image (e.g., patient history, clinical presentation), it is impossible to","user
You are an expert radiologist.





<image>
Where is/are the abnormality located?
model
Based on the image provided, there is a **large, homogeneous, hypodense lesion** in the **right lobe of the liver**.

This appearance is highly suggestive of a **hemangioma**.

It is important to note that this is a single slice of a CT scan, and a full evaluation would require",0.000000,0.000000,0.000000
712,yes,"user
You are an expert radiologist.





<image>
Does this image look abnormal?
model
Based on the single axial CT image provided, it is difficult to definitively determine if the image is abnormal. However, I can offer some observations:

*   **Anatomy:** The image shows a cross-sectional view of the chest, including the ribs, lungs, and mediastinum.
*   **Density:**","user
You are an expert radiologist.





<image>
Does this image look abnormal?
model
Based on the image provided, it appears to be a cross-sectional view of a human body, likely an axial slice from a CT or MRI scan. The image shows structures consistent with the liver, spleen, and surrounding tissues.

Without more information about the clinical context (patient history, symptoms, etc.), it'","user
You are an expert radiologist.





<image>
Does this image look abnormal?
model
Based on the single image provided, it is difficult to definitively determine if the image is abnormal. However, I can offer some observations:

*   **Image Quality:** The image appears to be a cross-sectional view, likely from a CT scan. The resolution is adequate for initial assessment.
*   **An",0.000000,0.000000,0.000000
719,left lobe of the liver,"user
You are an expert radiologist.





<image>
Where is/are the abnormality located?
model
Based on the image provided, there appears to be a **large, dense, and possibly irregular mass** located in the **left upper lobe of the lung**.

It's difficult to provide a definitive diagnosis without more information, such as the patient's clinical history, previous imaging, and the specific imaging protocol used","user
You are an expert radiologist.





<image>
Where is/are the abnormality located?
model
Based on the image provided, it is difficult to definitively identify any specific abnormalities without more information about the context of the scan (e.g., patient history, clinical presentation). However, I can make some general observations:

*   **The image appears to be a cross-sectional view of the abdomen.** The presence","user
You are an expert radiologist.





<image>
Where is/are the abnormality located?
model
Based on the image provided, there is a large, homogeneous, hypodense (dark) lesion in the left upper lobe of the lung. This is most likely a mass.

It is difficult to determine the exact size and characteristics of the lesion without more information, such as the patient's clinical history, previous",0.000000,0.000000,0.000000
744,right lobe of the liver,"user
You are an expert radiologist.





<image>
Where is/are the abnormality located?
model
Based on the image provided, the abnormality appears to be located in the **left ventricle** of the heart. It appears as a hypodense (darker) area within the cardiac silhouette.

It's important to note that this is a single image, and a full assessment would require reviewing the entire CT scan","user
You are an expert radiologist.





<image>
Where is/are the abnormality located?
model
Based on the image provided, it is difficult to definitively identify any abnormalities without more context, such as the patient's clinical history, the imaging modality used (CT, MRI, etc.), and the specific slice number. However, I can make some general observations:

*   **Spinal Cord:** The spinal cord","user
You are an expert radiologist.





<image>
Where is/are the abnormality located?
model
Based on the image provided, there appears to be a nodule in the right lung. The nodule is located in the upper lobe of the right lung.

It is important to note that this is a single image and a full evaluation would require reviewing the entire CT scan series, including the patient's clinical history",0.000000,0.000000,0.000000
801,right lobe of the liver,"user
You are an expert radiologist.





<image>
Where is/are the abnormality located?
model
Based on the image provided, there is a large, homogeneous, hypodense lesion in the right lobe of the liver. This is most likely a metastasis.

It is important to note that this is a single image and a full evaluation would require reviewing the entire CT scan series, including the patient's clinical history","user
You are an expert radiologist.





<image>
Where is/are the abnormality located?
model
Based on the image, it appears to be a cross-sectional view of the abdomen. There is a large, circular structure that appears to be a mass or lesion. It is located in the center of the image, obscuring the liver and other abdominal organs.

It is difficult to determine the exact nature of the","user
You are an expert radiologist.





<image>
Where is/are the abnormality located?
model
Based on the image provided, the abnormality appears to be located in the **right upper quadrant of the abdomen**. It is a large, homogeneous, and relatively well-defined mass.

It is difficult to provide a definitive diagnosis without more information, such as the patient's clinical history, other imaging studies, and contrast",0.052130,0.000000,0.000000
816,right lobe of the liver,"user
You are an expert radiologist.





<image>
Where is/are the abnormality located?
model
Based on the image provided, the abnormality appears to be located in the **left kidney**. It is a large, hypodense (darker than surrounding tissue) lesion within the kidney.

It is difficult to definitively characterize the lesion without more information (e.g., comparison to prior imaging, clinical history). However","user
You are an expert radiologist.





<image>
Where is/are the abnormality located?
model
Based on the image provided, it is difficult to definitively identify any specific abnormalities without more context, such as the patient's clinical history, the imaging modality used (MRI, CT, etc.), and the specific sequence performed. However, I can offer some general observations:

*   **The image appears to be a","user
You are an expert radiologist.





<image>
Where is/are the abnormality located?
model
Based on the image provided, there is a large, homogeneous, hypodense (dark) area in the left upper quadrant of the abdomen. This could represent a variety of possibilities, including:

*   **Mass:** A tumor or other mass.
*   **Fluid Collection:** A hematoma, abscess,",0.000000,0.000000,0.000000
912,right lobe of the liver,"user
You are an expert radiologist.





<image>
Where is/are the abnormality located?
model
Based on the image provided, there is a **small, round, hypodense lesion** located in the **right lobe of the liver**.

It is difficult to definitively characterize this lesion without more information, such as the patient's clinical history, previous imaging, and the specific imaging protocol used. However, the","user
You are an expert radiologist.





<image>
Where is/are the abnormality located?
model
Based on the image, the abnormality appears to be located in the **left lung**. It appears as a large, dense area, which could represent a mass, consolidation, or other pathology.

It's important to note that this is a single slice of a CT scan, and a full interpretation requires reviewing the entire","user
You are an expert radiologist.





<image>
Where is/are the abnormality located?
model
Based on the image provided, there appears to be a nodule in the right lung. The nodule is located in the upper lobe of the right lung.",0.057572,0.000000,0.000000
1036,liver,"user
You are an expert radiologist.





<image>
Where is/are the abnormality located?
model
Based on the provided axial CT image of the abdomen, there are no obvious abnormalities identified. The kidneys appear normal in size and shape, and the surrounding soft tissues are unremarkable. The vertebral body is also unremarkable.

However, it's important to note that this is a single image and a full assessment would require reviewing","user
You are an expert radiologist.





<image>
Where is/are the abnormality located?
model
Based on the image provided, I can see a cross-sectional view of the abdomen. The kidneys are visible on either side of the spine. There are no obvious abnormalities apparent in this single slice.

To provide a more comprehensive assessment, I would need more information, such as:

*   **Clinical history:**","user
You are an expert radiologist.





<image>
Where is/are the abnormality located?
model
Based on the provided image, there are no obvious abnormalities identified. The kidneys appear normal in size and shape, and the surrounding structures (e.g., bowel loops, vertebral body) are unremarkable.

However, it's important to note that this is a single axial slice. A full evaluation would require reviewing the",0.000000,0.000000,0.000000
1066,yes,"user
You are an expert radiologist.





<image>
Is this image abnormal?
model
Yes, this image appears to be abnormal. Here's why:

*   **Abnormal Structure:** There is a large, round, hypodense (darker than surrounding tissue) lesion in the left kidney. This is highly suspicious for a renal cyst, but given the size and appearance, it warrants further","user
You are an expert radiologist.





<image>
Is this image abnormal?
model
Based on the image provided, it is difficult to definitively determine if it is abnormal without more information. However, I can offer some observations:

*   **Anatomy:** The image appears to be a cross-sectional view of the chest, showing structures like the lungs, heart, and major blood vessels. The vertebral","user
You are an expert radiologist.





<image>
Is this image abnormal?
model
Based on the provided image, it is difficult to definitively determine if it is abnormal without more clinical information and comparison to prior studies. However, I can offer some observations:

*   **Anatomy:** The image appears to be a cross-sectional view of the upper abdomen, showing structures such as the liver, spleen",0.000000,0.000000,0.000000
1075,liver specifically the right lobe,"user
You are an expert radiologist.





<image>
Where is/are the abnormality located?
model
Based on the image provided, there is a **left retrocardiac hypodense lesion**.

This is a region of decreased density (darker appearance) in the left retrocardiac space, which is the area behind the heart and to the left of the midline. This could be due to a variety of causes","user
You are an expert radiologist.





<image>
Where is/are the abnormality located?
model
Based on the image provided, I can see a cross-sectional view of the chest. The image shows the heart, lungs, and some of the surrounding structures.

I do not see any obvious abnormalities in this single slice. However, a complete evaluation would require reviewing the entire series of images and considering the clinical context","user
You are an expert radiologist.





<image>
Where is/are the abnormality located?
model
Based on the provided image, there is a **hypodense lesion** in the **left lobe of the liver**.

It is difficult to provide a definitive diagnosis without more information, such as the patient's clinical history, previous imaging, and the specific protocol used for the CT scan. However, a hypod",0.000000,0.000000,0.000000
1085,yes,"user
You are an expert radiologist.





<image>
Does this image look abnormal?
model
Based on the image provided, it appears to be a cross-sectional CT scan of the chest.

**Initial Impression:**

The image shows the typical structures of the chest, including the lungs, heart, major blood vessels (aorta, pulmonary arteries), and the bony structures of the rib cage and spine.","user
You are an expert radiologist.





<image>
Does this image look abnormal?
model
Based on the image provided, it appears to be a cross-sectional view of the chest, likely from a CT scan.

Here's a breakdown of what I can see and some potential observations:

*   **Structures Visible:** I can identify the lungs, heart, and some of the surrounding chest wall structures","user
You are an expert radiologist.





<image>
Does this image look abnormal?
model
Based on the image provided, it appears to be a cross-sectional CT scan of the chest.

**Initial Impression:**

The image shows a normal anatomical structure of the chest. The lungs appear clear, the heart size is within normal limits, and the mediastinum (the space between the lungs containing the heart,",0.000000,0.000000,0.000000
1094,the abnormality is located in the right lobe of the liver,"user
You are an expert radiologist.





<image>
Where is/are the abnormality located?
model
Based on the image provided, there is a **leftward displacement of the trachea**. The trachea appears to be shifted to the left compared to the right side.

It's important to note that this is a single image, and a full assessment would require reviewing the entire CT scan series to evaluate the extent of the","user
You are an expert radiologist.





<image>
Where is/are the abnormality located?
model
Based on the image provided, there is a **spinal abnormality** located in the **thoracic spine**.

It appears to be a **vertebral body** with a possible **disc herniation** or **degenerative changes** in the region of the thoracic spine.

However, it is difficult to provide a definitive diagnosis","user
You are an expert radiologist.





<image>
Where is/are the abnormality located?
model
Based on the image provided, there is a **left upper lobe nodule** measuring approximately 0.8 cm.

It is located in the left upper lobe of the lung.

**Important Considerations:**

*   **This is a single image.** A full evaluation requires reviewing the entire CT scan series, including",0.000000,0.000000,0.064295
1109,right lobe of the liver,"user
You are an expert radiologist.





<image>
Where is/are the abnormality located?
model
Based on the image provided, there appears to be a **left atrial enlargement**. The left atrium is the upper chamber of the heart on the left side. It appears to be larger than the right atrium in this slice.

It's important to note that this is a single slice of a CT scan. A full","user
You are an expert radiologist.





<image>
Where is/are the abnormality located?
model
Based on the image provided, there are no obvious abnormalities. The heart appears to be in a normal position, and the surrounding structures (lungs, vessels, etc.) appear unremarkable.

However, it's important to note that this is a single slice from a CT scan. A full evaluation would require reviewing the entire","user
You are an expert radiologist.





<image>
Where is/are the abnormality located?
model
Based on the image provided, there is a **cardiomegaly**, which is an enlarged heart. The heart appears to be significantly larger than normal in size.

It's important to note that this is a single image, and a full assessment would require reviewing the entire CT scan series to evaluate the heart's",0.000000,0.000000,0.000000
1204,liver,"user
You are an expert radiologist.





<image>
Where is/are the abnormality located?
model
Based on the CT image provided, there is a **small, well-defined, low-density lesion** in the **left kidney**.

It is difficult to definitively characterize this lesion without additional information such as the patient's clinical history, previous imaging, and contrast enhancement patterns. However, based on the appearance alone","user
You are an expert radiologist.





<image>
Where is/are the abnormality located?
model
Based on the image, there are several findings that could be considered abnormalities. However, without clinical context, it's difficult to definitively say what is abnormal. Here are some observations:

*   **Intraluminal air:** There appears to be some air within the bowel loops. This could be normal, but","user
You are an expert radiologist.





<image>
Where is/are the abnormality located?
model
Based on the provided image, I can see a cross-sectional view of the abdomen. The kidneys are visible on either side of the spine. The bowel loops are also present.

I do not see any obvious abnormalities in this single image. However, a complete assessment would require reviewing the entire series of images and considering",0.000000,0.000000,0.000000
1234,liver specifically the right lobe,"user
You are an expert radiologist.





<image>
Where is/are the abnormality located?
model
Based on the provided axial CT image, there is a **left-sided pleural effusion**.

The fluid collection is seen in the lower left hemithorax, obscuring the normal lung markings. The fluid appears to be layering along the left costophrenic angle.

It is important to note that this is","user
You are an expert radiologist.





<image>
Where is/are the abnormality located?
model
Based on the image provided, I can see a cross-sectional view of the abdomen. The image shows the liver, stomach, spleen, and vertebral body.

There are no obvious abnormalities apparent in this single slice. However, a complete evaluation would require reviewing the entire series of images and considering the patient's clinical","user
You are an expert radiologist.





<image>
Where is/are the abnormality located?
model
Based on the provided image, there is a **hypodense lesion** in the **left lobe of the liver**.

It is difficult to provide a definitive diagnosis without more information, such as the patient's clinical history, previous imaging studies, and the specific protocol used for the CT scan. However, a hyp",0.000000,0.000000,0.000000
1265,liver,"user
You are an expert radiologist.





<image>
Where is/are the abnormality located?
model
Based on the image provided, there is a **left lobe of the liver** that appears to be larger than the right lobe. This could be due to a variety of factors, including:

*   **Simple Cyst:** A benign fluid-filled sac within the liver.
*   **Hemangioma:** A","user
You are an expert radiologist.





<image>
Where is/are the abnormality located?
model
Based on the image provided, there are no obvious abnormalities detected. The liver appears to be of normal size and density. The kidneys are also unremarkable. The spine is present and appears intact. The bowel loops are also unremarkable.

However, it is important to note that this is a single slice of a CT scan.","user
You are an expert radiologist.





<image>
Where is/are the abnormality located?
model
Based on the image, there appears to be a **hypodense lesion** in the **left kidney**.

The hypodense area is darker than the surrounding kidney tissue, suggesting a possible abnormality. Further evaluation, such as contrast-enhanced CT or MRI, would be needed to characterize the nature of this lesion (",0.000000,0.000000,0.000000
1354,question where isare the abnormality located liver,"user
You are an expert radiologist.





<image>
Where is/are the abnormality located?
model
Based on the provided image, there is a **large, well-defined, hypodense (dark) lesion** in the **left upper quadrant** of the abdomen. It appears to be located in the region of the **spleen**.

The lesion is likely a **splenic hematoma** given its","user
You are an expert radiologist.





<image>
Where is/are the abnormality located?
model
Based on the image provided, there are no obvious abnormalities identified. The image appears to be a cross-sectional view of the abdomen, showing the liver, kidneys, and other abdominal structures. The structures appear to be well-defined and without any obvious masses, lesions, or other concerning findings.

However, it is","user
You are an expert radiologist.





<image>
Where is/are the abnormality located?
model
Based on the provided image, there appears to be a **large, homogeneous, hypodense (dark) lesion** in the **left upper quadrant** of the abdomen. It is located in the region of the **liver**.

It is difficult to definitively characterize this lesion without more information, such as the patient'",0.064282,0.058230,0.060257
1370,liver,"user
You are an expert radiologist.





<image>
Where is/are the abnormality located?
model
Based on the CT image provided, there appears to be a **hypodense lesion** in the **right kidney**.

The lesion is located in the cortex of the right kidney. It is less dense (darker) than the surrounding renal parenchyma, which suggests a possible cystic or solid lesion.

Further evaluation with","user
You are an expert radiologist.





<image>
Where is/are the abnormality located?
model
Based on the image, there are no obvious abnormalities. The liver, kidneys, and other abdominal structures appear to be within normal limits.","user
You are an expert radiologist.





<image>
Where is/are the abnormality located?
model
Based on the CT image provided, there appears to be a **hypodense lesion** in the **right kidney**.

It is difficult to definitively characterize the lesion without more information (e.g., contrast enhancement, prior imaging, clinical history). However, the appearance suggests a possible cyst or other fluid-filled lesion",0.000000,0.000000,0.000000
1389,liver,"user
You are an expert radiologist.





<image>
Where is/are the abnormality located?
model
Based on the provided axial CT image, there is a **hypodense lesion** in the **right kidney**.

The lesion appears as a darker area compared to the surrounding renal parenchyma. This suggests a possible abnormality within the kidney.

Further evaluation, including contrast-enhanced CT or MRI, would be needed to characterize","user
You are an expert radiologist.





<image>
Where is/are the abnormality located?
model
Based on the image, there are several findings that could be considered abnormalities. However, without clinical context, it's difficult to definitively say what is abnormal. Here are some observations:

*   **Kidneys:** The kidneys appear to be of normal size and shape. There are no obvious masses or calcifications.","user
You are an expert radiologist.





<image>
Where is/are the abnormality located?
model
Based on the provided image, there appears to be a **hypodense lesion** in the **right kidney**.

It is difficult to definitively characterize this lesion without more information, such as the patient's clinical history, previous imaging, and contrast enhancement characteristics. However, the appearance suggests a possible renal cyst or other",0.000000,0.000000,0.000000
1452,right lobe of the liver,"user
You are an expert radiologist.





<image>
Where is/are the abnormality located?
model
Based on the image provided, there is a **left lower lobe consolidation**. This appears as a denser area within the left lung compared to the surrounding lung tissue.

It's important to note that this is a single slice of a CT scan, and a full evaluation would require reviewing the entire series of images to assess","user
You are an expert radiologist.





<image>
Where is/are the abnormality located?
model
Based on the image provided, I can see a cross-sectional view of the chest. The image shows the lungs, heart, and some of the thoracic spine.

There are no obvious abnormalities apparent in this single slice. However, a full evaluation would require reviewing the entire series of images to assess for any subtle findings","user
You are an expert radiologist.





<image>
Where is/are the abnormality located?
model
Based on the provided image, there is a **cardiomegaly** (enlarged heart). The heart appears to be larger than normal in size.

It's important to note that this is a single slice of a CT scan. A full evaluation would require reviewing the entire series of images to assess the extent",0.000000,0.000000,0.000000
1479,liver,"user
You are an expert radiologist.





<image>
Where is/are the abnormality located?
model
Based on the CT image, there is a **small, well-defined, hypodense lesion** in the **right kidney**.

The lesion appears to be located in the cortex of the right kidney. It is characterized by a lower density (darker appearance) compared to the surrounding renal parenchyma.

It is","user
You are an expert radiologist.





<image>
Where is/are the abnormality located?
model
Based on the image provided, I can see a cross-sectional view of the abdomen. The image shows the kidneys, intestines, and other abdominal structures.

There are no obvious abnormalities identified in this single image. However, a complete evaluation would require reviewing the entire series of images, including the patient's clinical history","user
You are an expert radiologist.





<image>
Where is/are the abnormality located?
model
Based on the provided image, there is a **hypodense lesion** in the **right kidney**.

The lesion appears as a darker area compared to the surrounding renal tissue. This could be indicative of a variety of conditions, including:

*   **Simple cyst:** This is the most common cause of a hyp",0.000000,0.000000,0.000000
1522,liver,"user
You are an expert radiologist.





<image>
Where is/are the abnormality located?
model
Based on the provided axial CT image of the abdomen, I can see the following:

*   **Kidneys:** The kidneys are visible on both sides of the spine.
*   **Intestines:** The intestines are present, with a characteristic appearance of air-filled loops.
*   **Spine","user
You are an expert radiologist.





<image>
Where is/are the abnormality located?
model
Based on the image provided, there are no obvious abnormalities identified. The image appears to be a cross-sectional CT scan of the abdomen, showing the kidneys, bowel loops, and vertebral body. The structures appear to be well-defined and without any obvious masses, lesions, or other concerning findings.

However, it","user
You are an expert radiologist.





<image>
Where is/are the abnormality located?
model
Based on the provided image, there appears to be a possible abnormality in the **left kidney**. It is difficult to definitively characterize the abnormality without more information (e.g., clinical history, contrast protocol, and comparison to prior imaging). However, the image shows a region of increased density within the left kidney that warrants further",0.000000,0.000000,0.000000
1601,yes,"user
You are an expert radiologist.





<image>
Does the kidneys look abnormal?
model
Based on the provided image, it is difficult to definitively assess the kidneys for abnormalities. The image appears to be a cross-sectional view of the chest, and the kidneys are located in the abdomen.

To evaluate the kidneys, I would need a dedicated abdominal CT or MRI scan.

However, I can make some","user
You are an expert radiologist.





<image>
Does the kidneys look abnormal?
model
Based on the image provided, it is difficult to definitively assess the kidneys for abnormalities. The image is a single slice of a cross-sectional scan, and the kidneys are only partially visible.

To properly evaluate the kidneys, I would need to see multiple slices from different planes (axial, coronal, sagittal) and ideally","user
You are an expert radiologist.





<image>
Does the kidneys look abnormal?
model
Based on the provided image, it is difficult to definitively assess the kidneys for abnormalities. The image is a single axial slice of a CT scan of the chest, and the kidneys are located in the abdomen, below the diaphragm.

To evaluate the kidneys, a CT scan of the abdomen and pelvis would be necessary.",0.000000,0.000000,0.000000
1665,liver specifically the right lobe,"user
You are an expert radiologist.





<image>
Where is/are the abnormality located?
model
Based on the image provided, the abnormality appears to be located in the **right lung**.

Specifically, it is a **mass** or **nodule** within the lung parenchyma. The density of the mass is slightly higher than the surrounding lung tissue, which is consistent with a solid lesion.

It is difficult to","user
You are an expert radiologist.





<image>
Where is/are the abnormality located?
model
Based on the image provided, it is difficult to definitively identify any specific abnormalities without additional clinical information and a full series of images. However, I can make some observations:

*   **Overall Appearance:** The image appears to be a cross-sectional view, likely from an MRI or CT scan. The contrast between different","user
You are an expert radiologist.





<image>
Where is/are the abnormality located?
model
Based on the image provided, there is a large, homogeneous, hypodense (dark) area in the left hemithorax. This could represent a large mass, fluid collection, or other abnormal tissue.

It is important to note that this is a single slice of a CT scan, and a full evaluation",0.000000,0.000000,0.000000
1676,yes,"user
You are an expert radiologist.





<image>
Is this image abnormal?
model
Yes, this image appears to be abnormal. Here's why:

*   **Spinal Alignment:** The vertebral body appears to be slightly displaced or out of alignment. This could be due to a fracture, degenerative changes, or other pathology.
*   **Soft Tissue:** The soft tissues surrounding the vertebral body","user
You are an expert radiologist.





<image>
Is this image abnormal?
model
Based on the image provided, it appears to be a cross-sectional view of the abdomen, likely from a CT scan.

Here's a general assessment:

*   **Anatomy:** The image shows the typical structures of the abdomen, including the vertebral body, abdominal muscles, and internal organs.
*","user
You are an expert radiologist.





<image>
Is this image abnormal?
model
Yes, this image appears to be abnormal.

Based on the provided image, I can see a few potential areas of concern:

*   **Possible Mass/Lesion:** There is a somewhat ill-defined area of increased density in the left kidney. This could represent a mass, cyst, or other lesion.",0.000000,0.000000,0.000000
1684,liver specifically the right lobe and the left kidney,"user
You are an expert radiologist.





<image>
Where is/are the abnormality located?
model
Based on the image provided, the abnormality appears to be located in the **left kidney**.

Specifically, there is a hypodense (darker) area within the left kidney, which could represent a cyst, a mass, or other pathology. Further evaluation with contrast-enhanced imaging would be needed to determine the exact","user
You are an expert radiologist.





<image>
Where is/are the abnormality located?
model
Based on the image, the abnormality appears to be located in the **left kidney**. It is difficult to definitively characterize the abnormality without additional information such as the patient's clinical history, contrast enhancement, and comparison to prior imaging. However, the image shows a region of increased density within the left kidney, which could represent","user
You are an expert radiologist.





<image>
Where is/are the abnormality located?
model
Based on the image provided, the abnormality appears to be located in the **left kidney**.

Specifically, there is a hypodense (darker) area within the left kidney, which could represent a cyst, a mass, or other pathology. Further evaluation with contrast-enhanced imaging would be needed to characterize the nature",0.000000,0.000000,0.000000
1687,yes,"user
You are an expert radiologist.





<image>
Does the kidneys look abnormal?
model
Based on the provided image, the kidneys appear to be of normal size and shape. There are no obvious signs of significant abnormalities such as masses, cysts, or calcifications. The renal parenchyma appears relatively homogeneous.

However, it's important to note that this is a single axial slice. A full assessment would require","user
You are an expert radiologist.





<image>
Does the kidneys look abnormal?
model
Based on the image provided, it is difficult to definitively assess the kidneys for abnormalities without additional clinical information and comparison to prior imaging. However, I can offer some observations:

*   **Kidney Shape and Size:** The kidneys appear to be of normal size and shape within the limitations of this single axial slice.","user
You are an expert radiologist.





<image>
Does the kidneys look abnormal?
model
Based on the provided image, the kidneys appear to be of normal size and shape. There are no obvious signs of significant abnormalities such as masses, cysts, or calcifications. The renal cortex and medulla appear relatively normal in density.

However, it's important to note that this is a single slice from a CT",0.000000,0.000000,0.000000
1725,liver specifically in the right lobe,"user
You are an expert radiologist.





<image>
Where is/are the abnormality located?
model
Based on the image provided, the abnormality appears to be located in the **left ventricle** of the heart. It appears as a hypodense (darker) area within the myocardium.

It is difficult to definitively characterize the nature of the abnormality without additional information such as the patient's clinical history, previous imaging","user
You are an expert radiologist.





<image>
Where is/are the abnormality located?
model
Based on the image provided, it is difficult to definitively determine the location of any abnormalities without more information, such as the patient's clinical history, the imaging protocol used, and the specific sequences acquired. However, I can offer some general observations:

*   **Heart:** The heart appears to be present in the","user
You are an expert radiologist.





<image>
Where is/are the abnormality located?
model
Based on the image provided, there is a **large, well-defined, hypodense (dark) lesion** in the **left lung**. The lesion appears to be located in the lower lobe of the left lung.

It is difficult to determine the exact nature of the lesion without additional information such as the patient",0.000000,0.000000,0.000000
1795,right upper lobe,"user
You are an expert radiologist.





<image>
Which lobe is abnormal in this image?
model
Based on the provided image, the **right lobe** appears to be abnormal. There is a significant opacity in the right lobe, which could indicate a mass, consolidation, or other pathology.

It is important to note that this is a preliminary assessment based on a single image. A definitive diagnosis requires a full clinical evaluation","user
You are an expert radiologist.





<image>
Which lobe is abnormal in this image?
model
Based on the provided image, it is difficult to definitively identify a specific lobe as abnormal without more information, such as the patient's clinical history, previous imaging, and the specific imaging protocol used. However, I can make some observations:

*   **Overall Appearance:** The image appears to be a chest X-","user
You are an expert radiologist.





<image>
Which lobe is abnormal in this image?
model
Based on the chest X-ray provided, the **right lung** appears to be the lobe with the abnormality. There is a noticeable opacity in the right lung field, which could indicate a consolidation, mass, or other pathology.

It is important to note that this is a preliminary assessment based on a single image.",0.000000,0.000000,0.000000
1796,upper right lung,"user
You are an expert radiologist.





<image>
What part of the lung is the nodule located in?
model
Based on the provided image, the nodule appears to be located in the **right lung**.","user
You are an expert radiologist.





<image>
What part of the lung is the nodule located in?
model
Based on the image, the nodule appears to be located in the **right lung**.","user
You are an expert radiologist.





<image>
What part of the lung is the nodule located in?
model
Based on the chest X-ray provided, the nodule appears to be located in the **right lung**.",0.000000,0.000000,0.000000
1799,no,"user
You are an expert radiologist.





<image>
Is/Are there abnormalities in the patient's left lung?
model
Based on the provided chest X-ray image, there appears to be a possible abnormality in the left lung. Specifically, there is a hazy opacity in the left lower lung field. This could be due to a variety of factors, including pneumonia, atelectasis, or other infiltrates. Further evaluation with additional imaging or","user
You are an expert radiologist.





<image>
Is/Are there abnormalities in the patient's left lung?
model
Based on the provided image, there are some abnormalities in the patient's left lung. Specifically, there appears to be a nodule or mass in the left lung.

It is important to note that this is a preliminary assessment based on a single image. A definitive diagnosis requires a full clinical evaluation, including a review","user
You are an expert radiologist.





<image>
Is/Are there abnormalities in the patient's left lung?
model
Based on the provided chest X-ray image, there appears to be a possible abnormality in the left lung. Specifically, there is a nodular opacity in the left upper lobe. Further evaluation with a CT scan is recommended to characterize this finding.",0.000000,0.000000,0.000000
1801,no,"user
You are an expert radiologist.





<image>
Can nodule be observed on the lower left lung in this picture?
model
Based on the provided chest X-ray image, it is difficult to definitively determine the presence of a nodule in the lower left lung without more information and a comparison to prior imaging. However, I can offer some observations:

*   **Lung Fields:** The lung fields appear relatively clear, with no obvious large masses","user
You are an expert radiologist.





<image>
Can nodule be observed on the lower left lung in this picture?
model
Based on the provided image, it is difficult to definitively determine the presence of a nodule in the lower left lung. The image quality is not ideal, and the resolution is limited.

However, I can see some subtle opacities in the lower left lung field. These could potentially be nodules, but they could","user
You are an expert radiologist.





<image>
Can nodule be observed on the lower left lung in this picture?
model
Based on the chest X-ray provided, I can see a nodule in the lower left lung field. It appears as a small, round, and relatively dense area within the lung tissue.

However, it's important to note that a single image is insufficient for a definitive diagnosis. Further evaluation, including comparison",0.000000,0.000000,0.000000
1810,lower left lung,"user
You are an expert radiologist.





<image>
Where is the abnormality in this image?
model
Based on the provided image, the abnormality appears to be a **large mass in the right hemithorax**.

Here's a breakdown of my reasoning:

*   **Location:** The mass is primarily located in the right lung field, displacing the mediastinum to the left.
*   **Appearance:**","user
You are an expert radiologist.





<image>
Where is the abnormality in this image?
model
Based on the provided image, the abnormality appears to be a **large mass/opacity in the left hemithorax**.

Here's a breakdown of my reasoning:

*   **Location:** The mass/opacity is primarily located in the left side of the chest.
*   **Appearance:** It appears","user
You are an expert radiologist.





<image>
Where is the abnormality in this image?
model
Based on the provided image, the abnormality appears to be a **large opacity in the left hemithorax**. This could be due to various reasons, including:

*   **Pneumonia:** Infection in the lung tissue.
*   **Pleural effusion:** Fluid accumulation in the pleural space.
*",0.000000,0.000000,0.000000
1811,lower left lung,"user
You are an expert radiologist.





<image>
Where is/are the mass located?
model
Based on the provided chest X-ray, the mass appears to be located in the **right lung**. It is situated in the upper lung field, near the pleura.

It is difficult to determine the exact size and characteristics of the mass without additional imaging or clinical information. However, the location is a key piece","user
You are an expert radiologist.





<image>
Where is/are the mass located?
model
Based on the provided image, the mass appears to be located in the **left upper lobe of the lung**. It is a large, dense opacity that occupies a significant portion of the left hemithorax.

It's important to note that this is a preliminary assessment based on a single image. Further evaluation,","user
You are an expert radiologist.





<image>
Where is/are the mass located?
model
Based on the provided image, the mass appears to be located in the **right lung**. It is a large, dense opacity in the right hemithorax, obscuring the right hemidiaphragm.

It is difficult to determine the exact size and characteristics of the mass without additional information such as the patient",0.000000,0.000000,0.000000
1814,yes,"user
You are an expert radiologist.





<image>
Are there abnormalities in this image?
model
Yes, there are abnormalities in this image.

Based on the provided AP portable chest X-ray, I can identify the following:

*   **Significant opacity in the right hemithorax:** There appears to be a large opacity in the right hemithorax, obscuring the right lung markings. This","user
You are an expert radiologist.





<image>
Are there abnormalities in this image?
model
Based on the provided image, there are several potential abnormalities that warrant further investigation. Here's a breakdown of my observations:

*   **Significant Right-Sided Mass:** There appears to be a large, dense opacity occupying a significant portion of the right hemithorax. This could represent a mass, consolidation","user
You are an expert radiologist.





<image>
Are there abnormalities in this image?
model
Based on the provided image, there are several potential abnormalities that warrant further investigation. Here's a breakdown of my observations:

*   **Right Hemithorax Opacity:** The right hemithorax appears significantly more opaque than the left. This could be due to a number of factors, including:",0.000000,0.000000,0.000000
1816,no,"user
You are an expert radiologist.





<image>
Can mass be observed on the lower right lung in this picture?
model
Based on the provided image, it is difficult to definitively determine the presence of a mass in the lower right lung without more information and comparison to prior imaging. However, I can offer some observations:

*   **Lung Fields:** The lung fields appear relatively clear, with no obvious large consolidations or opacities.","user
You are an expert radiologist.





<image>
Can mass be observed on the lower right lung in this picture?
model
Based on the provided image, it is difficult to definitively determine the presence of a mass in the lower right lung. The image quality is limited by the portable nature of the scan and the patient's positioning.

However, I can see some areas of increased density in the lower right lung field. These could potentially represent","user
You are an expert radiologist.





<image>
Can mass be observed on the lower right lung in this picture?
model
Based on the provided image, it is difficult to definitively determine the presence of a mass in the lower right lung. The image quality is suboptimal due to the portable nature of the scan and the patient's positioning.

However, I can see some areas of increased density in the lower right lung field. These could be",0.000000,0.000000,0.000000
1825,heart,"user
You are an expert radiologist.





<image>
Where is the abnormality in this image?
model
Based on the provided image, it is difficult to definitively identify any specific abnormalities without more information about the patient's clinical history and the intended purpose of the imaging. However, I can offer some general observations:

*   **Image Quality:** The image appears to be a chest X-ray. The quality of the","user
You are an expert radiologist.





<image>
Where is the abnormality in this image?
model
Based on the image provided, it is difficult to definitively identify any specific abnormalities without additional clinical information and comparison to prior imaging. However, I can offer some observations:

*   **Overall Appearance:** The image appears to be a chest X-ray. The density of the lung fields is relatively uniform, which is generally","user
You are an expert radiologist.





<image>
Where is the abnormality in this image?
model
Based on the provided image, the most apparent abnormality is a **large mass in the right breast**. It appears as a dense, opaque area within the breast tissue.

It's important to note that this is a single image, and a definitive diagnosis requires a full radiological report, clinical history, and potentially further imaging",0.000000,0.000000,0.000000
1829,no,"user
You are an expert radiologist.





<image>
Is/Are there abnormalities in the patient's left lung?
model
Based on the provided image, it is difficult to definitively assess for abnormalities in the left lung. The image is a single projection, and without additional images (e.g., PA, lateral, or oblique views) and clinical context, it is impossible to rule out subtle findings.

However, I can offer some general","user
You are an expert radiologist.





<image>
Is/Are there abnormalities in the patient's left lung?
model
Based on the provided image, it is difficult to definitively determine if there are abnormalities in the patient's left lung. The image appears to be a chest X-ray, but the resolution and quality are not sufficient for a detailed assessment.

However, I can make some general observations:

*   **Overall Appearance","user
You are an expert radiologist.





<image>
Is/Are there abnormalities in the patient's left lung?
model
Based on the provided image, there are some abnormalities in the left lung. Specifically, there appears to be some increased opacity in the left lung field. This could be due to a number of factors, including consolidation, fluid, or mass. Further evaluation with additional imaging or clinical correlation is needed to determine the exact cause.",0.000000,0.000000,0.000000
1830,no,"user
You are an expert radiologist.





<image>
Is/Are there abnormalities in the patient's right lung?
model
Based on the provided image, it is difficult to definitively assess for abnormalities in the right lung. The image is a single projection, and without additional images (e.g., PA, lateral, or oblique views) and clinical context, it is impossible to rule out subtle findings.

However, I can offer some general","user
You are an expert radiologist.





<image>
Is/Are there abnormalities in the patient's right lung?
model
Based on the provided image, it is difficult to definitively determine if there are abnormalities in the patient's right lung. The image appears to be a chest X-ray, but the resolution and quality are not sufficient to assess for subtle lung pathology.

To accurately assess the right lung, I would need a higher-","user
You are an expert radiologist.





<image>
Is/Are there abnormalities in the patient's right lung?
model
Based on the provided image, there are some abnormalities in the patient's right lung. Specifically, there appears to be some increased opacity or haziness in the right lung field. This could be due to various factors, such as consolidation, fluid, or atelectasis. Further evaluation with additional imaging or clinical correlation is",0.000000,0.000000,0.000000
1840,both lungs,"user
You are an expert radiologist.





<image>
Where is the abnormality in this image?
model
Based on the chest X-ray provided, the abnormality appears to be a **large opacity in the left hemithorax**. This could be due to a number of factors, including:

*   **Pneumothorax:** Air in the pleural space, which can cause a collapsed lung.
*   **","user
You are an expert radiologist.





<image>
Where is the abnormality in this image?
model
Based on the provided chest X-ray image, the most apparent abnormality is a **large, round opacity in the left hemithorax**. This could be a number of things, including:

*   **Mass:** A tumor or other mass.
*   **Fluid Collection:** Pleural effusion or hemothor","user
You are an expert radiologist.





<image>
Where is the abnormality in this image?
model
Based on the chest X-ray provided, the primary abnormality appears to be a **large opacity in the left hemithorax**. This could be due to several possibilities, including:

*   **Large pleural effusion:** Fluid accumulation in the pleural space.
*   **Massive consolidation:** Lung tissue filled with",0.000000,0.000000,0.000000
1846,yes,"user
You are an expert radiologist.





<image>
Can nodule be observed on the upper right lung in this picture?
model
Based on the provided chest X-ray image, it is difficult to definitively identify a nodule in the upper right lung. The image quality is somewhat limited, and the lung fields are somewhat obscured by the presence of medical devices and lines.

However, I can see a rounded opacity in the right upper lung field.","user
You are an expert radiologist.





<image>
Can nodule be observed on the upper right lung in this picture?
model
Based on the provided chest X-ray image, it is difficult to definitively identify a nodule in the upper right lung. The image quality is not ideal, and the lung fields are somewhat obscured by the presence of medical devices and potential artifacts.

However, I can see some areas of increased density in the right lung","user
You are an expert radiologist.





<image>
Can nodule be observed on the upper right lung in this picture?
model
Based on the provided chest X-ray image, it is difficult to definitively identify a nodule in the upper right lung. The image quality is somewhat limited, and the lung fields are somewhat obscured by the presence of medical devices and lines.

However, I can see some potential areas of interest that warrant further investigation if",0.000000,0.000000,0.000000
1870,right side of the trachea,"user
You are an expert radiologist.





<image>
Where is/are the abnormality located in this picture?
model
Based on the image provided, there is a **large, dense, and somewhat irregular mass** located in the **left breast**. It appears to be a significant finding that warrants further investigation.

It's important to note that this is a preliminary assessment based on a single image. A definitive diagnosis requires a full clinical","user
You are an expert radiologist.





<image>
Where is/are the abnormality located in this picture?
model
Based on the image provided, it is difficult to definitively identify any specific abnormalities without more information about the patient's clinical history and the intended use of the image. However, I can offer some observations:

*   **Overall Appearance:** The image appears to be a radiograph, likely of the abdomen. The density","user
You are an expert radiologist.





<image>
Where is/are the abnormality located in this picture?
model
Based on the image provided, there is a **prominent retrocardiac opacity**. This could be due to a number of factors, including:

*   **Atelectasis:** This is a collapse of lung tissue, which can occur after surgery, trauma, or in patients with underlying lung disease.
*",0.000000,0.000000,0.000000
1874,yes,"user
You are an expert radiologist.





<image>
Does the lung look abnormal?
model
Based on the provided image, the lungs appear relatively clear. There are no obvious signs of consolidation, nodules, masses, or significant pleural effusions. The lung markings are present and appear normal.

However, it's important to note that this is a single image and a full assessment would require reviewing the entire study","user
You are an expert radiologist.





<image>
Does the lung look abnormal?
model
Based on the provided image, it is difficult to definitively determine if the lung is abnormal without more information. However, I can offer some observations:

*   **Image Quality:** The image appears to be a chest X-ray. The resolution and contrast are not ideal, making it challenging to assess subtle abnormalities.","user
You are an expert radiologist.





<image>
Does the lung look abnormal?
model
Based on the provided image, the lungs appear relatively clear. There are no obvious signs of consolidation, nodules, masses, or significant pleural effusions. The lung markings are present and appear normal.

However, it's important to note that this is a single image and a full assessment would require reviewing the entire chest",0.000000,0.000000,0.000000
1875,yes the xray image shows abnormalities in the patients left lung,"user
You are an expert radiologist.





<image>
Is/Are there abnormalities in the patient's left lung?
model
Based on the provided image, there are no obvious abnormalities in the left lung. The lung fields appear relatively clear with no obvious masses, consolidations, or pleural effusions. However, it is important to note that this is a single image and a full evaluation would require reviewing the entire study, including the right lung,","user
You are an expert radiologist.





<image>
Is/Are there abnormalities in the patient's left lung?
model
Based on the provided image, it is difficult to definitively determine if there are abnormalities in the patient's left lung. The image is a single slice, and a comprehensive assessment requires reviewing multiple slices and considering the patient's clinical history.

However, I can offer some observations:

*   **Lung Fields:**","user
You are an expert radiologist.





<image>
Is/Are there abnormalities in the patient's left lung?
model
Based on the provided image, there is a significant opacity in the left lung field. This could be due to various factors, including:

*   **Consolidation:** This could be caused by pneumonia, pulmonary edema, or other inflammatory processes.
*   **Mass:** A tumor or other mass could be present",0.069353,0.076121,0.080026
1900,question which side of lung is abnormal in this image left or right left,"user
You are an expert radiologist.





<image>
Which side of lung is abnormal in this image,left or right?
model
Based on the chest X-ray provided, the **left lung** appears to be abnormal. There is a large, round opacity in the left hemithorax, which could represent a mass, fluid collection, or other abnormality. The right lung appears relatively clear.","user
You are an expert radiologist.





<image>
Which side of lung is abnormal in this image,left or right?
model
Based on the image, the **left lung** appears to be abnormal. There is a significant opacity in the left lung field, which could indicate a number of possibilities such as pneumonia, atelectasis, or a mass.","user
You are an expert radiologist.





<image>
Which side of lung is abnormal in this image,left or right?
model
Based on the chest X-ray provided, the **left lung** appears to be abnormal. There is a large opacity in the left hemithorax, which could be due to a variety of factors such as a mass, consolidation, or fluid collection. Further evaluation with additional imaging is needed to determine the exact cause",0.132021,0.145156,0.108544
1904,yes,"user
You are an expert radiologist.





<image>
Is the lung abnormal?
model
Based on the chest X-ray provided, there appears to be a radiopaque object (likely a foreign body) in the right upper lung field. This could be a radiopaque bullet or other foreign object.

The lung fields appear otherwise relatively clear, with no obvious signs of consolidation, effusion, or pneumothorax","user
You are an expert radiologist.





<image>
Is the lung abnormal?
model
Based on the provided image, it is difficult to definitively determine if the lung is abnormal without more information, such as the patient's clinical history, other imaging studies, and the specific indication for the scan. However, I can make some observations:

*   **Overall Lung Fields:** The lung fields appear relatively clear","user
You are an expert radiologist.





<image>
Is the lung abnormal?
model
Based on the chest X-ray provided, the lung appears to be abnormal. There is a large opacity in the right hemithorax, which could be due to a number of factors, including a mass, consolidation, or fluid collection. Further evaluation is needed to determine the cause of this opacity.",0.000000,0.000000,0.000000
1930,heart,"user
You are an expert radiologist.





<image>
Where is the abnormality in this image?
model
Based on the chest X-ray provided, the most apparent abnormality is a **large opacity in the right hemithorax, obscuring the right lung field.** This could be due to a number of possibilities, including:

*   **Mass:** A tumor or other mass could be present.
*   **","user
You are an expert radiologist.





<image>
Where is the abnormality in this image?
model
Based on the chest X-ray provided, there appears to be a significant opacity in the right hemithorax, obscuring the right lung field. This could be due to a number of possibilities, including:

*   **Mass:** A tumor or other mass could be present.
*   **Pleural","user
You are an expert radiologist.





<image>
Where is the abnormality in this image?
model
Based on the chest X-ray provided, the most apparent abnormality is a **right-sided pleural effusion**.

Here's why:

*   **Blunting of the costophrenic angle:** The right costophrenic angle (the angle where the diaphragm meets the ribs) appears blunted, which",0.000000,0.000000,0.000000
1945,question where is the abnormality in this image  heart,"user
You are an expert radiologist.





<image>
Where is the abnormality in this image?
model
Based on the provided image, the most apparent abnormality is a **prominent mediastinum**. The mediastinum is the central compartment of the chest, located between the lungs. It contains the heart, great vessels (aorta, pulmonary artery, vena cava), trachea, esophagus, and other structures.

The mediastinum appears","user
You are an expert radiologist.





<image>
Where is the abnormality in this image?
model
Based on the image provided, it is difficult to definitively identify a specific abnormality without more clinical context and potentially additional imaging. However, I can offer some observations:

*   **Overall Appearance:** The image appears to be a chest X-ray. The lungs are visible, and the heart size seems within normal limits.","user
You are an expert radiologist.





<image>
Where is the abnormality in this image?
model
Based on the chest X-ray provided, there is a **prominent mediastinum**. The mediastinum is the central compartment of the chest, located between the lungs. It contains the heart, great vessels (aorta, pulmonary artery, vena cava), trachea, esophagus, and other structures.

The mediastinum appears",0.096824,0.089075,0.100314
1949,no,"user
You are an expert radiologist.





<image>
Is/Are there abnormalities in the patient's right lung?
model
Based on the provided image, there are some findings that could potentially be considered abnormalities in the right lung.

*   **Possible opacity/density:** There appears to be some increased density in the right lung field, which could represent a consolidation, mass, or other process. Further evaluation with additional imaging (e.g","user
You are an expert radiologist.





<image>
Is/Are there abnormalities in the patient's right lung?
model
Based on the provided image, it is difficult to definitively determine if there are abnormalities in the patient's right lung without additional clinical information and comparison to prior imaging. However, I can offer some observations:

*   **Lung Fields:** The lung fields appear relatively clear, with no obvious large consolidations, masses,","user
You are an expert radiologist.





<image>
Is/Are there abnormalities in the patient's right lung?
model
Based on the provided chest X-ray image, there is a **possible** abnormality in the right lung.

Specifically, there appears to be a **dense opacity** in the right upper lung field. This could be due to a number of factors, including:

*   **Consolidation:** This could be",0.000000,0.000000,0.000000
1951,no,"user
You are an expert radiologist.





<image>
Can mass be observed on the lower right lung in this picture?
model
Based on the provided image, it is difficult to definitively determine the presence of a mass in the lower right lung. The image is a single AP (anteroposterior) chest X-ray, which provides limited information about the lung parenchyma.

Here's why it's difficult to assess:

*","user
You are an expert radiologist.





<image>
Can mass be observed on the lower right lung in this picture?
model
Based on the provided image, it is difficult to definitively determine the presence of a mass in the lower right lung. The image is a high-resolution, multi-slice CT scan, and while I can see the lung parenchyma, the visualization is limited by the lack of contrast and the overall image quality.

To accurately","user
You are an expert radiologist.





<image>
Can mass be observed on the lower right lung in this picture?
model
Based on the provided chest X-ray image, it is difficult to definitively determine the presence of a mass in the lower right lung without additional information and comparison to prior imaging. However, I can offer some observations:

*   **Lung Fields:** The lung fields appear relatively clear, with no obvious large consolidations or",0.000000,0.000000,0.000000
1971,right lung,"user
You are an expert radiologist.





<image>
Where is/are the abnormality located in this picture?
model
Based on the provided chest X-ray, there appears to be a **right-sided pleural effusion**. The fluid density is obscuring the right hemidiaphragm and the right costophrenic angle.

It's important to note that this is a single image and a full assessment would require comparison to","user
You are an expert radiologist.





<image>
Where is/are the abnormality located in this picture?
model
Based on the provided chest X-ray image, there appears to be a **right-sided opacity** in the lower lung field. This could be due to various reasons, including pneumonia, atelectasis, or a mass. Further evaluation with additional imaging (e.g., CT scan) would be necessary to determine","user
You are an expert radiologist.





<image>
Where is/are the abnormality located in this picture?
model
Based on the provided chest X-ray, there appears to be an abnormality in the right lung. Specifically, there is a hazy opacity in the right mid-lung field. This could represent a variety of conditions, including pneumonia, consolidation, or other infiltrates. Further evaluation with additional imaging or clinical correlation is recommended to",0.000000,0.000000,0.000000
1972,right upper lobe of the right lung,"user
You are an expert radiologist.





<image>
Where is the mass in the lung?
model
Based on the provided chest X-ray, there appears to be a mass in the right lung. It is located in the upper lobe, near the hilum.

It is important to note that this is a preliminary interpretation based on a single image. A definitive diagnosis requires further evaluation, including a review of the patient","user
You are an expert radiologist.





<image>
Where is the mass in the lung?
model
Based on the provided chest X-ray image, there appears to be a mass in the right lung. The mass is located in the upper lobe of the right lung.

It is important to note that this is a preliminary interpretation based on a single image. A definitive diagnosis requires further evaluation, including a review of the","user
You are an expert radiologist.





<image>
Where is the mass in the lung?
model
Based on the provided chest X-ray, there appears to be a mass in the right lung. It is located in the upper lobe, near the hilum.

It is important to note that this is a preliminary interpretation based on a single image. Further evaluation, including comparison with prior imaging, clinical correlation, and",0.000000,0.066097,0.000000
1975,yes,"user
You are an expert radiologist.





<image>
Is the lung abnormal?
model
Based on the provided chest X-ray, there appears to be a possible abnormality in the right lung. There is a hazy opacity in the right mid-lung field, which could represent consolidation, fluid, or other pathology.

However, it is important to note that this is a single image and a full evaluation would","user
You are an expert radiologist.





<image>
Is the lung abnormal?
model
Based on the provided chest X-ray image, there appears to be a possible abnormality in the right lung. Specifically, there is a hazy opacity in the right lung field, which could represent a consolidation, infiltrate, or other process.

However, it is important to note that this is a preliminary assessment based on a","user
You are an expert radiologist.





<image>
Is the lung abnormal?
model
Yes, the lung appears abnormal. There is a large opacity in the right lung field, which could represent a mass, consolidation, or other pathology. Further evaluation with a CT scan is recommended.",0.000000,0.000000,0.000000
1977,no,"user
You are an expert radiologist.





<image>
Can mass be observed on the upper left lung in this picture?
model
Based on the provided chest X-ray image, it is difficult to definitively determine the presence of a mass in the upper left lung without more information and comparison to prior imaging. However, I can offer some observations:

*   **Lung Fields:** The lung fields appear relatively clear, with no obvious large consolidations or","user
You are an expert radiologist.





<image>
Can mass be observed on the upper left lung in this picture?
model
Based on the provided image, it is difficult to definitively determine the presence of a mass in the upper left lung. The image quality is not ideal for detailed assessment. However, I can see some areas of increased density in the right lung, which could potentially represent a mass or other pathology.

To provide a more accurate","user
You are an expert radiologist.





<image>
Can mass be observed on the upper left lung in this picture?
model
Based on the provided chest X-ray image, there is a noticeable opacity in the right upper lung field. This could potentially represent a mass, but further evaluation is needed to confirm this.

Here's a breakdown of my assessment:

*   **Location:** The opacity is located in the right upper lung field",0.000000,0.000000,0.000000
1990,yes,"user
You are an expert radiologist.





<image>
Does the patient have any abnormalities?
model
Yes, the patient has several abnormalities visible on this chest X-ray. Here's a breakdown of the key findings:

*   **Right-sided Pleural Effusion:** There is a significant amount of fluid in the right pleural space, obscuring the right hemidiaphragm and the right lung markings","user
You are an expert radiologist.





<image>
Does the patient have any abnormalities?
model
Based on the chest X-ray provided, there are several abnormalities present.

*   **Right-sided Pleural Effusion:** There appears to be a significant amount of fluid in the right pleural space, obscuring the right hemidiaphragm and the right lung markings. This is a major finding.","user
You are an expert radiologist.





<image>
Does the patient have any abnormalities?
model
Yes, the patient has several abnormalities visible on this chest X-ray.

*   **Right-sided Pleural Effusion:** There is a significant amount of fluid in the right pleural space, obscuring the right hemidiaphragm and the right lung markings. This is a major finding.
*",0.000000,0.000000,0.000000
1991,yes,"user
You are an expert radiologist.





<image>
Is the lung abnormal?
model
Yes, the lung appears abnormal. There is a significant opacity in the right hemithorax, which could be due to a variety of conditions such as pneumonia, pleural effusion, atelectasis, or a mass. The presence of a central line is also visible. Further imaging, such as a CT scan, would","user
You are an expert radiologist.





<image>
Is the lung abnormal?
model
Yes, the lung appears abnormal. There is a significant opacity in the right hemithorax, which could be due to a variety of conditions such as pneumonia, pleural effusion, atelectasis, or a mass. Further evaluation with additional imaging (e.g., CT scan) would be needed to determine the exact","user
You are an expert radiologist.





<image>
Is the lung abnormal?
model
Yes, the lung appears abnormal. There is a large opacity in the right hemithorax, which could be due to a variety of factors including pneumonia, pleural effusion, atelectasis, or a mass. The left lung appears relatively clear. Further imaging, such as a CT scan, would be needed to determine",0.000000,0.000000,0.000000
1992,question can nodule be observed on the upper left lung in this picture  no,"user
You are an expert radiologist.





<image>
Can nodule be observed on the upper left lung in this picture?
model
Based on the chest X-ray provided, I cannot definitively identify a nodule in the upper left lung.

Here's why:

*   **Limited View:** A single AP (anteroposterior) chest X-ray provides a limited view of the lungs. It's difficult to assess the entire","user
You are an expert radiologist.





<image>
Can nodule be observed on the upper left lung in this picture?
model
Based on the chest X-ray provided, I cannot definitively identify a nodule in the upper left lung.

Here's why:

*   **Limited Resolution:** The image quality is not ideal for detailed nodule detection. The resolution is low, and the contrast is poor.
*   **Overlapping","user
You are an expert radiologist.





<image>
Can nodule be observed on the upper left lung in this picture?
model
Based on the chest X-ray provided, I cannot definitively identify a nodule in the upper left lung.

Here's why:

*   **Limited View:** A single AP (anteroposterior) chest X-ray provides a limited view of the lungs. It's difficult to assess the entire",0.181601,0.178496,0.181601
2001,lower left lung,"user
You are an expert radiologist.





<image>
Where is the abnormality in this image?
model
Based on the provided image, the abnormality appears to be a **large mass/opacity in the left hemithorax**.

Here's a breakdown of why:

*   **Location:** The mass is located in the left hemithorax, which is the left side of the chest.
*","user
You are an expert radiologist.





<image>
Where is the abnormality in this image?
model
Based on the provided image, the abnormality appears to be a **large, dense opacity in the left hemithorax**. This could be due to various factors, including:

*   **Mass:** A tumor or other mass could be present.
*   **Fluid:** Pleural effusion (fluid in the pleural","user
You are an expert radiologist.





<image>
Where is the abnormality in this image?
model
Based on the provided image, the abnormality appears to be a **significant amount of subcutaneous emphysema** in the left chest. This is indicated by the increased density and haziness in the left hemithorax, particularly in the soft tissues. The presence of multiple lines and tubes also suggests a possible underlying medical intervention.",0.000000,0.000000,0.000000
2006,yes,"user
You are an expert radiologist.





<image>
Is the lung abnormal?
model
Yes, the lung appears abnormal. The image shows a significant amount of opacity in the left hemithorax, obscuring the lung markings. This could be due to a number of factors, including:

*   **Pneumonia:** Infection in the lung tissue.
*   **Pleural effusion:** Fluid","user
You are an expert radiologist.





<image>
Is the lung abnormal?
model
Based on the provided image, the lung appears to be abnormal. The image shows a large opacity in the left hemithorax, which could be due to various factors such as pneumonia, pleural effusion, or atelectasis. Further evaluation with additional imaging or clinical correlation is needed to determine the exact cause.","user
You are an expert radiologist.





<image>
Is the lung abnormal?
model
Based on the provided image, the lung appears to be abnormal. The image shows a significant amount of opacity in the left hemithorax, obscuring the lung markings. This could be due to various factors, including:

*   **Pneumonia:** Infection in the lung tissue.
*   **A",0.000000,0.000000,0.000000
2016,left,"user
You are an expert radiologist.





<image>
Which side of lung is abnormal in this image,left or right?
model
Based on the chest X-ray provided, the **left lung** appears to be abnormal. There is a noticeable opacity in the left lung field, which could indicate a number of possibilities such as pneumonia, atelectasis, or other lung pathology.

It is important to note that this is a preliminary assessment based on","user
You are an expert radiologist.





<image>
Which side of lung is abnormal in this image,left or right?
model
Based on the image, the **left lung** appears to be abnormal. There is a noticeable opacity in the left lung field, which could indicate a consolidation, infiltrate, or other pathology.","user
You are an expert radiologist.





<image>
Which side of lung is abnormal in this image,left or right?
model
Based on the chest X-ray provided, the **left lung** appears to be abnormal. There is a noticeable opacity in the left lung field, which could indicate a number of possibilities such as pneumonia, atelectasis, or other lung pathology.

It is important to note that this is a preliminary assessment based on",0.000000,0.000000,0.000000
2017,upper left lung,"user
You are an expert radiologist.





<image>
Where is the nodule in the lung of this image?
model
Based on the chest X-ray provided, I cannot definitively identify a nodule. The image quality is not ideal for detailed nodule detection.

To accurately identify a nodule, I would need a higher-resolution image, a CT scan, or a chest X-ray with a different technique (e.g","user
You are an expert radiologist.





<image>
Where is the nodule in the lung of this image?
model
Based on the provided image, I cannot definitively identify a nodule in the lung. The image is a chest X-ray, and while it shows the lungs, the resolution is not high enough to reliably detect small nodules.

To accurately identify a nodule, a higher-resolution image, such as a CT scan","user
You are an expert radiologist.





<image>
Where is the nodule in the lung of this image?
model
Based on the chest X-ray provided, I cannot definitively identify a nodule in the lung. The image quality is not ideal for detailed nodule detection.

To accurately identify a nodule, I would need a higher-resolution image, a CT scan, or a chest X-ray with a different technique (",0.000000,0.000000,0.000000
2022,no,"user
You are an expert radiologist.





<image>
Can nodule be observed on the upper right lung in this picture?
model
Based on the provided chest X-ray image, I can see a nodule in the upper right lung. It appears as a small, round, and relatively dense area within the lung tissue.

However, it's important to note that a single image is insufficient for a definitive diagnosis. Further evaluation, including comparison","user
You are an expert radiologist.





<image>
Can nodule be observed on the upper right lung in this picture?
model
Based on the provided image, it is difficult to definitively determine the presence of a nodule in the upper right lung. The image quality is not ideal, and the lung fields are relatively clear.

However, I can see some subtle opacities in the upper right lung field. These could potentially be normal lung markings","user
You are an expert radiologist.





<image>
Can nodule be observed on the upper right lung in this picture?
model
Based on the chest X-ray provided, I can see a nodule in the upper right lung. It appears as a small, round, dense area of increased opacity.

However, it's important to note that a single image is insufficient for a definitive diagnosis. Further evaluation, including comparison with previous images,",0.000000,0.000000,0.000000
2036,yes,"user
You are an expert radiologist.





<image>
Is/Are there abnormalities in the patient's right lung?
model
Based on the provided image, there appears to be a significant abnormality in the patient's right lung. The right lung appears to be collapsed or significantly reduced in volume, with a clear demarcation line separating the collapsed lung from the remaining aerated lung. This could be due to a number of factors, including a pneumothor","user
You are an expert radiologist.





<image>
Is/Are there abnormalities in the patient's right lung?
model
Based on the provided image, there appears to be a significant abnormality in the right lung. The lung field is largely opaque, suggesting a possible mass, consolidation, or other significant pathology. Further evaluation with additional imaging (e.g., CT scan) is warranted to determine the exact nature of the abnormality.","user
You are an expert radiologist.





<image>
Is/Are there abnormalities in the patient's right lung?
model
Based on the provided chest X-ray image, there appears to be a significant opacity in the right lung field. This could be due to various factors, including:

*   **Pneumonia:** An infection causing inflammation and fluid accumulation in the lung tissue.
*   **Atelectasis:** Collapse of",0.000000,0.000000,0.000000
2061,upper right lung,"user
You are an expert radiologist.





<image>
Where is the abnormality in this image?
model
Based on the chest X-ray provided, the abnormality appears to be a **large pleural effusion** in the left hemithorax.

Here's why:

*   **Blunting of the costophrenic angle:** The costophrenic angle (the sharp angle where the diaphragm meets the ribs","user
You are an expert radiologist.





<image>
Where is the abnormality in this image?
model
Based on the chest X-ray provided, the abnormality appears to be a **left-sided pneumothorax**.

Here's why:

*   **Presence of a visible pleural line:** There is a distinct line separating the lung from the chest wall on the left side, indicating the presence of air in the","user
You are an expert radiologist.





<image>
Where is the abnormality in this image?
model
Based on the chest X-ray provided, the primary abnormality appears to be a **large pleural effusion** in the left hemithorax.

Here's a breakdown of the findings:

*   **Left Hemithorax Opacity:** The left side of the chest appears significantly denser than the right.",0.000000,0.000000,0.000000
2062,right upper lobe,"user
You are an expert radiologist.





<image>
What part of the lung is the mass located in?
model
Based on the chest X-ray provided, the mass appears to be located in the **right lung**.","user
You are an expert radiologist.





<image>
What part of the lung is the mass located in?
model
Based on the chest X-ray provided, the mass appears to be located in the **right lung**.","user
You are an expert radiologist.





<image>
What part of the lung is the mass located in?
model
Based on the chest X-ray provided, the mass appears to be located in the **left lung**.",0.000000,0.000000,0.000000
2067,no,"user
You are an expert radiologist.





<image>
Can mass be observed on the lower right lung in this picture?
model
Based on the provided chest X-ray, I cannot definitively determine if a mass is present in the lower right lung.

Here's why:

*   **Limited Information:** A single image provides limited information. To assess for a mass, I would need to see multiple images, ideally with different views (PA","user
You are an expert radiologist.





<image>
Can mass be observed on the lower right lung in this picture?
model
Based on the provided chest X-ray image, I cannot definitively determine if a mass is present in the lower right lung.

Here's why:

*   **Limited View:** A single chest X-ray provides a limited view of the lungs. It's difficult to assess subtle lesions or masses, especially","user
You are an expert radiologist.





<image>
Can mass be observed on the lower right lung in this picture?
model
Based on the provided chest X-ray, it is difficult to definitively determine the presence of a mass in the lower right lung without more information and comparison to prior imaging. However, I can offer some observations:

*   **Lung Fields:** The lung fields appear relatively clear, with no obvious large consolidations or masses",0.000000,0.000000,0.000000
2081,no,"user
You are an expert radiologist.





<image>
Does the kidneys look abnormal?
model
Based on the provided image, it is difficult to definitively determine if the kidneys are abnormal without more information, such as the patient's clinical history, other imaging studies, and comparison to prior images. However, I can make some observations:

*   **Kidney Shape and Size:** The kidneys appear to be of","user
You are an expert radiologist.





<image>
Does the kidneys look abnormal?
model
Based on the image provided, it is difficult to definitively determine if the kidneys are abnormal. The image is a single slice of a cross-sectional scan, and without additional slices or clinical context, it's impossible to assess the kidneys' overall structure and function.

However, I can make some general observations:","user
You are an expert radiologist.





<image>
Does the kidneys look abnormal?
model
Based on the provided image, it is difficult to definitively determine if the kidneys are abnormal without more information, such as the patient's clinical history, other imaging studies, and comparison to prior images. However, I can make some observations:

*   **Kidney Appearance:** The kidneys appear to be present and of",0.000000,0.000000,0.000000
2087,right upper lobe,"user
You are an expert radiologist.





<image>
Which lobe is abnormal in this image?
model
Based on the provided image, the **left lung** appears to be abnormal. There is increased opacity in the left lung field, which could indicate a number of possibilities such as pneumonia, atelectasis, or other infiltrative processes.

It is important to note that this is a single image and further evaluation with additional","user
You are an expert radiologist.





<image>
Which lobe is abnormal in this image?
model
Based on the provided image, it is difficult to definitively determine which lobe is abnormal without more information. However, I can make some observations:

*   **The image shows a chest X-ray.** The image is a portable chest X-ray, which means it was taken with a portable X-ray machine.","user
You are an expert radiologist.





<image>
Which lobe is abnormal in this image?
model
Based on the provided image, the **left lung** appears to be abnormal. There is a noticeable opacity in the left lung field, which could represent a consolidation, infiltrate, or other pathology.

It's important to note that this is a single image and a full assessment would require reviewing the entire chest X-",0.000000,0.000000,0.000000
2088,lower right lung,"user
You are an expert radiologist.





<image>
Where is the nodule in this image?
model
Based on the provided image, I cannot definitively identify a nodule. The image is a portable chest X-ray, and while it shows the lungs, heart, and mediastinum, it is not a dedicated chest CT scan.  A nodule, especially a small one, can be difficult to visualize on a standard","user
You are an expert radiologist.





<image>
Where is the nodule in this image?
model
Based on the provided image, it is difficult to definitively identify a nodule. The image appears to be a portable chest X-ray, and the quality is not ideal for detailed nodule detection.

However, I can offer some observations:

*   **Lung Fields:** The lung fields are generally clear, but","user
You are an expert radiologist.





<image>
Where is the nodule in this image?
model
Based on the provided image, I cannot definitively identify a nodule. The image is a portable chest X-ray, and while it shows the major structures of the chest, it is not ideal for detecting small nodules.

To better assess for nodules, a dedicated chest CT scan would be more appropriate.

However,",0.000000,0.000000,0.000000
2092,yes,"user
You are an expert radiologist.





<image>
Is/Are there abnormalities in the patient's right lung?
model
Based on the provided image, there are no obvious abnormalities in the patient's right lung. The lung fields appear relatively clear, and there are no visible masses, consolidations, or other significant findings.

However, it's important to note that this is a single image and a full assessment would require reviewing the","user
You are an expert radiologist.





<image>
Is/Are there abnormalities in the patient's right lung?
model
Based on the provided image, there are no obvious abnormalities in the patient's right lung. The lung appears relatively clear with normal vascular markings. However, it's important to note that this is a single image and a full evaluation would require a complete chest X-ray series, including the left lung, mediastinum","user
You are an expert radiologist.





<image>
Is/Are there abnormalities in the patient's right lung?
model
Based on the provided image, there are some abnormalities in the patient's right lung.

Specifically, there appears to be a **right upper lobe opacity**. This could be due to a variety of factors, including pneumonia, atelectasis, or a mass. Further evaluation with additional imaging (e.g., CT",0.000000,0.000000,0.000000
2093,no,"user
You are an expert radiologist.





<image>
Can nodule be observed on the upper left lung in this picture?
model
Based on the provided image, it is difficult to definitively identify a nodule in the upper left lung. The image is a portable chest X-ray, which is a single view and may not provide sufficient detail to visualize small nodules.

However, I can offer some observations:

*   **Lung Fields:** The","user
You are an expert radiologist.





<image>
Can nodule be observed on the upper left lung in this picture?
model
Based on the provided image, it is difficult to definitively determine the presence of a nodule in the upper left lung. The image quality is not ideal for detailed lung assessment.

Here's why it's difficult to say for sure:

*   **Image Quality:** The image appears to be a portable chest","user
You are an expert radiologist.





<image>
Can nodule be observed on the upper left lung in this picture?
model
Based on the provided image, it is difficult to definitively identify a nodule in the upper left lung. The image is a portable chest X-ray, which has limitations in terms of resolution and visualization compared to a standard PA or AP chest X-ray.

However, I can offer some observations:

*",0.000000,0.000000,0.000000
2102,lower left lung,"user
You are an expert radiologist.





<image>
Where is the abnormality in this image?
model
Based on the chest X-ray provided, the abnormality appears to be located in the **left lung**. Specifically, there is a **dense opacity** in the lower left lung field. This could represent a number of possibilities, including:

*   **Consolidation:** This could be due to pneumonia, aspiration,","user
You are an expert radiologist.





<image>
Where is the abnormality in this image?
model
Based on the chest X-ray provided, there appears to be a **mass or opacity in the left upper lung field**.

Here's why:

*   **Location:** The abnormality is located in the left upper lung, specifically in the region of the apex.
*   **Appearance:** The area appears","user
You are an expert radiologist.





<image>
Where is the abnormality in this image?
model
Based on the chest X-ray provided, the abnormality appears to be located in the left lung. There is a significant opacity (whiteness) obscuring the lung markings in the lower left lung field. This could be due to a number of possibilities, including:

*   **Pneumonia:** An infection causing",0.000000,0.000000,0.000000
2106,yes,"user
You are an expert radiologist.





<image>
Does the patient have any abnormalities?
model
Based on the chest X-ray provided, there are a few observations that warrant attention:

*   **Right Hemithorax Opacity:** There appears to be increased opacity in the right hemithorax, which could be due to a number of factors. It could be a consolidation (pneumonia), pleural","user
You are an expert radiologist.





<image>
Does the patient have any abnormalities?
model
Based on the chest X-ray provided, there are a few observations that warrant attention:

*   **Right Hemithorax Opacity:** There appears to be increased opacity in the right hemithorax, particularly in the lower zone. This could be due to various factors, including consolidation (pneumonia),","user
You are an expert radiologist.





<image>
Does the patient have any abnormalities?
model
Based on the chest X-ray provided, there are several potential abnormalities that warrant further investigation.

*   **Large Pleural Effusion:** There appears to be a significant amount of fluid in the left pleural space, obscuring the lower portion of the left lung. This could be due to various causes, including heart",0.000000,0.000000,0.000000
2117,left,"user
You are an expert radiologist.





<image>
Which side of lung is abnormal in this image,left or right?
model
Based on the chest X-ray provided, the **left lung** appears to be abnormal. There is a noticeable opacity in the left lung field, which could indicate a number of possibilities such as pneumonia, atelectasis, or a mass. Further evaluation with additional imaging or clinical correlation is needed to determine the exact cause","user
You are an expert radiologist.





<image>
Which side of lung is abnormal in this image,left or right?
model
Based on the chest X-ray provided, the **right lung** appears to be abnormal. There is a significant opacity in the right lung field, which could represent a mass, consolidation, or other pathology. The left lung appears relatively clear.

It is important to note that this is a preliminary assessment based on a","user
You are an expert radiologist.





<image>
Which side of lung is abnormal in this image,left or right?
model
Based on the chest X-ray provided, the **right lung** appears to be the side with the abnormality. There is a noticeable opacity in the right lung field, which could indicate a consolidation, mass, or other pathology.

It's important to note that this is a preliminary assessment based on a single image",0.000000,0.000000,0.000000
2118,left lung,"user
You are an expert radiologist.





<image>
Where is the mass in this image?
model
Based on the chest X-ray provided, there is a mass located in the right upper lobe of the lung. It appears as a dense, rounded opacity.

It is important to note that this is a preliminary interpretation based on a single image. Further evaluation, including comparison with prior imaging and correlation with the patient'","user
You are an expert radiologist.





<image>
Where is the mass in this image?
model
Based on the chest X-ray provided, there is a mass located in the **right upper lobe of the lung**. It appears as a dense, rounded opacity.

It's important to note that this is a preliminary assessment based on a single image. Further evaluation, including comparison with prior imaging, clinical correlation,","user
You are an expert radiologist.





<image>
Where is the mass in this image?
model
Based on the chest X-ray provided, there is a mass located in the right lower lobe of the lung. It appears as a dense, rounded opacity in the lower portion of the lung field.

It is important to note that this is a preliminary assessment based on a single image. Further evaluation, including comparison with",0.000000,0.000000,0.000000
2122,yes,"user
You are an expert radiologist.





<image>
Are there abnormalities in this image?
model
Based on the chest X-ray provided, there are a few observations that warrant attention:

*   **Possible surgical clips:** There appear to be surgical clips in the right upper quadrant of the abdomen. This could be related to prior surgery in that area.

*   **Possible scoliosis:** There is a curvature","user
You are an expert radiologist.





<image>
Are there abnormalities in this image?
model
Based on the chest X-ray provided, there are a few observations that warrant attention:

*   **Possible Enlarged Cardiomediastinal Silhouette:** The heart and mediastinum appear somewhat prominent. This could be due to various factors, including cardiomegaly, mediastinal lymphadenopathy, or a combination of","user
You are an expert radiologist.





<image>
Are there abnormalities in this image?
model
Based on the chest X-ray provided, there are a few observations that could be considered abnormalities, although further clinical context is needed for a definitive diagnosis.

*   **Possible surgical clips:** There are surgical clips visible in the right upper abdomen, likely related to a previous surgical procedure.

*   **Possible mild",0.000000,0.000000,0.000000
2123,yes,"user
You are an expert radiologist.





<image>
Can mass be observed on the left lung in this picture?
model
Based on the chest X-ray provided, I cannot definitively determine if a mass is present in the left lung.

Here's why:

*   **Limited View:** A single chest X-ray provides a limited view of the lungs. It's difficult to assess subtle lesions or masses, especially in the","user
You are an expert radiologist.





<image>
Can mass be observed on the left lung in this picture?
model
Based on the provided chest X-ray image, it is difficult to definitively determine the presence of a mass in the left lung without more information and a comparison to prior imaging. However, I can offer some observations:

*   **Lung Fields:** The lung fields appear relatively clear, with no obvious large opacities","user
You are an expert radiologist.





<image>
Can mass be observed on the left lung in this picture?
model
Based on the provided chest X-ray image, I cannot definitively determine if a mass is present in the left lung.

Here's why:

*   **Limited View:** A single chest X-ray provides a limited view of the lungs. It's difficult to assess subtle lesions or masses, especially in",0.000000,0.000000,0.000000
2132,right,"user
You are an expert radiologist.





<image>
Which side of lung is abnormal in this image,left or right?
model
Based on the chest X-ray provided, the **left lung** appears to be abnormal. There is a significant opacity in the left lung field, which could represent a consolidation, mass, or other pathology. The right lung appears relatively clear.","user
You are an expert radiologist.





<image>
Which side of lung is abnormal in this image,left or right?
model
Based on the chest X-ray provided, the **left lung** appears to be abnormal. There is a significant opacity in the left lung field, which could indicate a consolidation, mass, or other pathology. The right lung appears relatively clear.","user
You are an expert radiologist.





<image>
Which side of lung is abnormal in this image,left or right?
model
Based on the chest X-ray provided, the **left lung** appears to be abnormal. There is increased opacity in the left lung field, which could indicate a consolidation, effusion, or other pathology.",0.000000,0.000000,0.000000
2133,upper right lung,"user
You are an expert radiologist.





<image>
Where is the mass in this image?
model
Based on the chest X-ray provided, there is a mass located in the right upper lobe of the lung. It appears as a dense, opaque area within the lung tissue.","user
You are an expert radiologist.





<image>
Where is the mass in this image?
model
Based on the provided chest X-ray image, I cannot definitively identify a mass. The image is a single view, and a mass may not be visible in a single projection.

To determine if a mass is present, a comparison with previous images (if available) and potentially additional imaging modalities (such as a CT","user
You are an expert radiologist.





<image>
Where is the mass in this image?
model
Based on the chest X-ray provided, there is a mass located in the right upper lobe of the lung. It appears as a dense, rounded opacity in the upper lung field.

It is important to note that this is a preliminary interpretation based on a single image. Further evaluation, including comparison with prior imaging and",0.000000,0.000000,0.000000
2136,yes the xray image shows a mass indicating the presence of an abnormality,"user
You are an expert radiologist.





<image>
Does the patient have any abnormalities?
model
Based on the chest X-ray provided, here's a summary of potential findings:

*   **Right-sided picc line:** A right-sided picc line is visible, extending from the subclavian vein into the superior vena cava. The tip of the line is not clearly visualized in this image,","user
You are an expert radiologist.





<image>
Does the patient have any abnormalities?
model
Based on the chest X-ray provided, here's a summary of my observations:

**Overall Impression:**

The image shows a chest X-ray with a clear view of the lungs, heart, and mediastinum. There are no obvious acute findings.

**Specific Findings:**

*   **Lungs","user
You are an expert radiologist.





<image>
Does the patient have any abnormalities?
model
Based on the chest X-ray provided, here's a summary of potential findings:

*   **Heart Size:** The heart size appears within normal limits.
*   **Mediastinum:** The mediastinum (the space between the lungs containing the heart, great vessels, trachea, etc.) appears unremarkable.",0.000000,0.000000,0.000000
2137,yes the xray image shows abnormalities in the patients right lung,"user
You are an expert radiologist.





<image>
Is/Are there abnormalities in the patient's right lung?
model
Based on the provided chest X-ray, there appears to be a **right-sided picc line** in place. The tip of the line is likely in the superior vena cava.

There is no obvious abnormality in the right lung itself. The lung fields appear relatively clear, and there are no obvious masses,","user
You are an expert radiologist.





<image>
Is/Are there abnormalities in the patient's right lung?
model
Based on the provided chest X-ray image, there is a **right-sided picc line** that appears to be in place. The tip of the line is not clearly visible, but it is likely positioned in the superior vena cava.

There are no obvious abnormalities in the lung parenchyma itself, such as consolidation","user
You are an expert radiologist.





<image>
Is/Are there abnormalities in the patient's right lung?
model
Based on the provided chest X-ray, there appears to be a **right-sided picc line** in place. The tip of the line is not clearly visible, but it is likely positioned in the superior vena cava.

There are no obvious abnormalities in the right lung itself, such as consolidation, nodules,",0.073723,0.078235,0.074903
2138,yes the xray image shows a mass in the upper right lung,"user
You are an expert radiologist.





<image>
Can mass be observed on the upper right lung in this picture?
model
Based on the provided chest X-ray image, it is difficult to definitively determine the presence of a mass in the upper right lung without more information and a comparison to prior imaging. However, I can offer some observations:

*   **Lung Fields:** The lung fields appear relatively clear, with no obvious large opac","user
You are an expert radiologist.





<image>
Can mass be observed on the upper right lung in this picture?
model
Based on the provided chest X-ray image, it is difficult to definitively determine the presence of a mass in the upper right lung without more information and a comparison to prior imaging. However, I can offer some observations:

*   **Lung Fields:** The lung fields appear relatively clear, with no obvious large opac","user
You are an expert radiologist.





<image>
Can mass be observed on the upper right lung in this picture?
model
Based on the provided chest X-ray image, it is difficult to definitively determine the presence of a mass in the upper right lung without more information and a comparison to prior imaging. However, I can offer some observations:

*   **Lung Fields:** The lung fields appear relatively clear, with no obvious large consolidations",0.089310,0.089310,0.089310
2147,right chest,"user
You are an expert radiologist.





<image>
Where is the abnormality in this image?
model
Based on the provided image, the abnormality appears to be a **right-sided chest tube**.

The image shows a significant amount of air in the right hemithorax, which is consistent with a pneumothorax. The chest tube is likely in place to drain the air and allow the lung to re-expand","user
You are an expert radiologist.





<image>
Where is the abnormality in this image?
model
Based on the provided image, the abnormality appears to be a **contrast-filled tube** within the **right main bronchus**. The tube is likely a bronchoscopy or other airway instrumentation.

The image is a portable AP (anteroposterior) chest X-ray. The contrast agent is likely used to visualize","user
You are an expert radiologist.





<image>
Where is the abnormality in this image?
model
Based on the provided image, the abnormality appears to be a **right-sided pleural effusion**.

Here's why:

*   **Blunting of the costophrenic angle:** The right costophrenic angle (the angle where the diaphragm meets the ribs) is blunted, suggesting fluid accumulation in",0.000000,0.000000,0.000000
2152,yes,"user
You are an expert radiologist.





<image>
Are there abnormalities in this image?
model
Based on the provided image, there are several potential abnormalities that warrant further investigation. Here's a breakdown of my observations:

*   **Significant Right-Sided Mediastinal Mass:** The most striking finding is the large, dense opacity occupying the right mediastinum. This could represent a variety of possibilities, including","user
You are an expert radiologist.





<image>
Are there abnormalities in this image?
model
Based on the provided image, there are several observations that warrant further investigation.

*   **Significant Bowel Distention:** The image shows a very distended bowel, particularly in the right upper quadrant. This could be due to a variety of causes, including bowel obstruction, ileus, or other gastrointestinal issues.","user
You are an expert radiologist.





<image>
Are there abnormalities in this image?
model
Based on the provided image, there are several potential abnormalities that warrant further investigation. Here's a breakdown of my observations:

*   **Right Hemithorax Opacity:** The right hemithorax appears significantly more opaque than the left. This could be due to various factors, including:
    *",0.000000,0.000000,0.000000
2162,left,"user
You are an expert radiologist.





<image>
Which side of lung is abnormal in this image,left or right?
model
Based on the chest X-ray provided, the **left lung** appears to be abnormal. There is a significant opacity in the left lung field, which could represent a consolidation, mass, or other pathology. The right lung appears relatively clear.","user
You are an expert radiologist.





<image>
Which side of lung is abnormal in this image,left or right?
model
Based on the image, the **left lung** appears to be abnormal. There is a noticeable opacity in the left lung field, which could indicate a number of possibilities such as pneumonia, atelectasis, or other lung pathology.","user
You are an expert radiologist.





<image>
Which side of lung is abnormal in this image,left or right?
model
Based on the chest X-ray provided, the **left lung** appears to be abnormal. There is a significant opacity in the left lung field, which could indicate a number of possibilities such as pneumonia, atelectasis, or a mass. Further evaluation with additional imaging or clinical correlation is needed to determine the exact cause",0.000000,0.000000,0.000000
2167,yes the xray image shows atelectasis,"user
You are an expert radiologist.





<image>
Are there abnormalities in this image?
model
Based on the chest X-ray provided, there are a few observations that warrant attention:

*   **Cardiomegaly:** The heart appears enlarged, which could indicate cardiomegaly. Further evaluation with echocardiography would be needed to confirm the diagnosis and assess the underlying cause.

*   **Mediastinal","user
You are an expert radiologist.





<image>
Are there abnormalities in this image?
model
Based on the chest X-ray image provided, I can see the following:

*   **Normal Lung Fields:** The lung fields appear clear bilaterally, with no obvious consolidation, nodules, or masses.
*   **Normal Heart Size:** The heart size appears within normal limits.
*   **Normal Medi","user
You are an expert radiologist.





<image>
Are there abnormalities in this image?
model
Based on the provided chest X-ray image, I can see the following:

*   **Normal Lung Fields:** The lung fields appear clear, with no obvious consolidation, nodules, or masses.
*   **Normal Heart Size:** The heart size appears within normal limits.
*   **Normal Mediastinal",0.000000,0.000000,0.000000
2182,no,"user
You are an expert radiologist.





<image>
Does the kidneys look abnormal?
model
Based on the provided image, it is difficult to definitively determine if the kidneys are abnormal without more information, such as the patient's clinical history, other imaging studies, and comparison to prior images. However, I can make some observations:

*   **Kidney Shape and Size:** The kidneys appear to be of","user
You are an expert radiologist.





<image>
Does the kidneys look abnormal?
model
Based on the image provided, it is difficult to definitively determine if the kidneys are abnormal. The image is a single slice of a cross-sectional scan, and without additional slices or clinical context, it is impossible to assess the kidneys' overall structure, size, and function.

However, I can make some general observations","user
You are an expert radiologist.





<image>
Does the kidneys look abnormal?
model
Based on the single axial slice provided, the kidneys appear to be of normal size and shape. There are no obvious signs of abnormalities such as masses, cysts, or significant enlargement. However, it's important to note that this is a single slice, and a full assessment would require reviewing the entire study, including other",0.000000,0.000000,0.000000
2187,lower left lung,"user
You are an expert radiologist.





<image>
Where is the abnormality in this image?
model
Based on the chest X-ray provided, the abnormality appears to be a **large mass/opacity in the left hemithorax**.

Here's a breakdown of why:

*   **Location:** The mass is located in the left side of the chest, obscuring the lung markings.
*","user
You are an expert radiologist.





<image>
Where is the abnormality in this image?
model
Based on the chest X-ray provided, the most apparent abnormality is a **large retrocardiac opacity**. This appears as a dense, white area in the lower portion of the chest, behind the heart.

Here's a breakdown of why this is significant and what it could potentially represent:

*   **","user
You are an expert radiologist.





<image>
Where is the abnormality in this image?
model
Based on the chest X-ray provided, there appears to be a **significant opacity in the left hemithorax**, specifically in the lower lung field. This could be due to a number of possibilities, including:

*   **Pneumonia:** An infection causing inflammation and fluid accumulation in the lung tissue.",0.000000,0.000000,0.000000
2191,no,"user
You are an expert radiologist.





<image>
Is/Are there abnormalities in the patient's right lung?
model
Based on the provided chest X-ray image, there appears to be a significant opacity in the right lung field. This could be due to various factors, including:

*   **Pneumonia:** An infection causing inflammation and fluid accumulation in the lung tissue.
*   **Atelectasis:** Collapse of","user
You are an expert radiologist.





<image>
Is/Are there abnormalities in the patient's right lung?
model
Based on the provided chest X-ray image, there appears to be a significant abnormality in the right lung. The image shows a large, dense opacity in the right hemithorax, obscuring the normal lung markings. This could be due to a variety of conditions, including:

*   **Mass:** A","user
You are an expert radiologist.





<image>
Is/Are there abnormalities in the patient's right lung?
model
Based on the provided chest X-ray image, there appears to be a **possible abnormality in the right lung**.

Specifically, there is a **dense opacity** in the right lung field, which could represent a mass, consolidation, or other pathology.

It is important to note that this is a preliminary assessment based",0.000000,0.000000,0.000000
2192,yes,"user
You are an expert radiologist.





<image>
Is/Are there abnormalities in the patient's left lung?
model
Based on the provided chest X-ray image, there appears to be a significant abnormality in the left lung. The left lung field is largely opaque, suggesting a possible mass or consolidation. Further evaluation with additional imaging, such as a CT scan, would be necessary to determine the exact nature of the abnormality.","user
You are an expert radiologist.





<image>
Is/Are there abnormalities in the patient's left lung?
model
Based on the provided chest X-ray image, there appears to be a significant abnormality in the left lung. The left lung field is largely opaque, suggesting a possible mass or consolidation. Further evaluation with additional imaging, such as a CT scan, would be necessary to determine the exact nature of the abnormality.","user
You are an expert radiologist.





<image>
Is/Are there abnormalities in the patient's left lung?
model
Based on the provided chest X-ray image, there appears to be a significant opacity in the left lung field. This could be due to various factors, including:

*   **Consolidation:** This could be caused by pneumonia, pulmonary edema, or other inflammatory processes.
*   **Mass:** A tumor",0.000000,0.000000,0.000000
2202,right upper lobe,"user
You are an expert radiologist.





<image>
Which lobe is abnormal in this image?
model
Based on the provided chest X-ray image, the **right lung** appears to be abnormal. Specifically, there is a noticeable opacity in the right lung field, which could indicate a consolidation, mass, or other pathology.

It's important to note that this is a single image, and a definitive diagnosis requires","user
You are an expert radiologist.





<image>
Which lobe is abnormal in this image?
model
Based on the provided image, the **right lower lobe** appears to be abnormal. There is a hazy opacity in the right lower lobe, which could represent consolidation, atelectasis, or other pathology.

It is important to note that this is a single image and a full interpretation requires reviewing the entire chest X-","user
You are an expert radiologist.





<image>
Which lobe is abnormal in this image?
model
Based on the chest X-ray provided, the **right upper lobe** appears to be abnormal. There is a noticeable opacity or consolidation in that region, which could indicate a variety of conditions such as pneumonia, tumor, or other infiltrative processes.

It's important to note that this is a single image,",0.000000,0.000000,0.000000
2203,right upper lobe,"user
You are an expert radiologist.





<image>
Where is/are the pulmonary nodule located in this image?
model
Based on the provided chest X-ray image, I can see a nodule in the right lung. It appears to be located in the upper lobe.","user
You are an expert radiologist.





<image>
Where is/are the pulmonary nodule located in this image?
model
Based on the provided image, I cannot definitively identify a pulmonary nodule. The image appears to be a chest X-ray, and while I can assess the overall lung fields, the resolution and quality are not sufficient to reliably detect small nodules.

To accurately identify a pulmonary nodule, a higher-resolution image,","user
You are an expert radiologist.





<image>
Where is/are the pulmonary nodule located in this image?
model
Based on the provided chest X-ray image, there appears to be a pulmonary nodule located in the right upper lobe. It is a small, round opacity.",0.000000,0.000000,0.000000
2206,yes the xray image shows a nodule,"user
You are an expert radiologist.





<image>
Are there abnormalities in this image?
model
Based on the chest X-ray image provided, there are no obvious abnormalities that immediately stand out. The lung fields appear relatively clear, and the heart size seems within normal limits. The mediastinum is also unremarkable.

However, it's important to note that this is a single image and a comprehensive assessment requires reviewing","user
You are an expert radiologist.





<image>
Are there abnormalities in this image?
model
Based on the provided image, there are no obvious abnormalities. The lung fields appear clear, and there are no signs of consolidation, nodules, masses, or significant pleural effusions. The heart size and mediastinal contours are within normal limits.

However, it's important to note that this is a single image and","user
You are an expert radiologist.





<image>
Are there abnormalities in this image?
model
Based on the chest X-ray image provided, there are no obvious abnormalities that immediately stand out. The lung fields appear relatively clear, and the heart size seems within normal limits. The mediastinum is also unremarkable.

However, a definitive diagnosis requires a full clinical context and comparison with prior imaging, if available.",0.000000,0.000000,0.000000
2207,question isare there abnormalities in the patients right lung original answer yes  candidate answer1 no  candidate answer2 no  candidate answer3 no yes the xray image shows a nodule in the patients right lung indicating an abnormality,"user
You are an expert radiologist.





<image>
Is/Are there abnormalities in the patient's right lung?
model
Based on the provided chest X-ray image, there is a possible abnormality in the right lung. Specifically, there appears to be a nodule or mass in the right lung field. Further evaluation with a CT scan is recommended to characterize this finding.","user
You are an expert radiologist.





<image>
Is/Are there abnormalities in the patient's right lung?
model
Based on the provided image, there appears to be a possible abnormality in the right lung. Specifically, there is a region of increased density in the right lung field, which could represent a nodule, consolidation, or other lesion. Further evaluation with additional imaging, such as a CT scan, would be necessary to determine the","user
You are an expert radiologist.





<image>
Is/Are there abnormalities in the patient's right lung?
model
Based on the provided chest X-ray image, there appears to be a possible abnormality in the right lung. Specifically, there is a somewhat ill-defined opacity in the right upper lobe. This could represent a variety of conditions, including pneumonia, consolidation, or a mass.

However, it is important to note that",0.160366,0.127015,0.135018
2208,no,"user
You are an expert radiologist.





<image>
Can nodule be observed on the upper right lung in this picture?
model
Based on the provided chest X-ray image, there is a nodule visible in the upper right lung field. It appears as a small, round, and relatively dense opacity.

It's important to note that this is a single image and further evaluation is needed to determine the nature of this nodule. Further","user
You are an expert radiologist.





<image>
Can nodule be observed on the upper right lung in this picture?
model
Based on the provided image, it is difficult to definitively determine the presence of a nodule in the upper right lung without more information and a comparison to prior imaging. However, I can offer some observations:

*   **Lung Fields:** The lung fields appear relatively clear, with no obvious large masses or consolidations.","user
You are an expert radiologist.





<image>
Can nodule be observed on the upper right lung in this picture?
model
Based on the provided chest X-ray image, there is a nodule present in the upper right lung field. It appears as a small, round, and relatively dense opacity.

It's important to note that this is a single image and a definitive diagnosis requires further evaluation, including comparison with prior imaging, clinical",0.000000,0.000000,0.000000
2217,both,"user
You are an expert radiologist.





<image>
Which lobe is abnormal in this image?
model
Based on the provided image, the **left lobe of the thyroid gland** appears abnormal. It is enlarged and has a heterogeneous appearance, which could indicate a nodule or other pathology.

It is important to note that this is a single image and a full evaluation would require a complete radiographic series, including the contralateral lobe","user
You are an expert radiologist.





<image>
Which lobe is abnormal in this image?
model
Based on the provided image, the **left lobe** appears to be abnormal. The left lobe is the one on the left side of the image.

It is difficult to determine the exact nature of the abnormality without additional information such as the patient's clinical history, previous imaging studies, and the specific imaging protocol used","user
You are an expert radiologist.





<image>
Which lobe is abnormal in this image?
model
Based on the chest X-ray provided, the **left lung** appears to be abnormal. There is a significant opacity in the left lung field, which could represent a consolidation, mass, or other pathology.

It is important to note that this is a single image and further evaluation with additional imaging (e.g",0.000000,0.000000,0.000000
2218,right upper lobe,"user
You are an expert radiologist.





<image>
What part of the lung is the mass located in in this image?
model
Based on the provided image, the mass appears to be located in the **left lung**. The image shows a significant opacity in the left hemithorax, which is suggestive of a mass or consolidation.","user
You are an expert radiologist.





<image>
What part of the lung is the mass located in in this image?
model
Based on the provided image, the mass appears to be located in the **left lung**. The image shows a region of increased density in the left hemithorax, which could represent a mass or other abnormality.","user
You are an expert radiologist.





<image>
What part of the lung is the mass located in in this image?
model
Based on the chest X-ray provided, the mass appears to be located in the **left lung**.",0.000000,0.000000,0.000000
2222,yes,"user
You are an expert radiologist.





<image>
Is/Are there abnormalities in the patient's right lung?
model
Based on the provided image, there are no obvious abnormalities in the patient's right lung. The lung fields appear relatively clear, and there are no visible masses, consolidations, or other concerning findings.

However, it's important to note that this is a single image and a comprehensive evaluation would require reviewing the","user
You are an expert radiologist.





<image>
Is/Are there abnormalities in the patient's right lung?
model
Based on the provided image, there are no obvious abnormalities in the patient's right lung. The lung fields appear relatively clear, and there are no visible masses, consolidations, or other concerning findings.

However, it's important to note that this is a single image and a full assessment would require reviewing the","user
You are an expert radiologist.





<image>
Is/Are there abnormalities in the patient's right lung?
model
Based on the provided chest X-ray image, there are no obvious abnormalities in the patient's right lung. The lung fields appear relatively clear, with no significant opacities, consolidations, or masses identified.

However, it's important to note that this is a single image and a comprehensive evaluation would",0.000000,0.000000,0.000000
2232,both lung,"user
You are an expert radiologist.





<image>
Where is/are the abnormality located in this picture?
model
Based on the provided chest X-ray image, there appears to be a **left-sided pleural effusion**.

The fluid density is obscuring the left hemidiaphragm and the left costophrenic angle. This is a classic sign of fluid accumulation in the pleural space on the left side.

It","user
You are an expert radiologist.





<image>
Where is/are the abnormality located in this picture?
model
Based on the image provided, the abnormality appears to be located in the **right lung**.

Specifically, there is a **dense opacity** in the right lung field, which could represent a mass, consolidation, or other pathological process.

It is important to note that this is a preliminary assessment based on a single image","user
You are an expert radiologist.





<image>
Where is/are the abnormality located in this picture?
model
Based on the provided chest X-ray image, there appears to be a **left-sided pleural effusion**.

The fluid density in the left hemithorax, obscuring the normal lung markings, is a strong indicator of fluid accumulation in the pleural space.

It's important to note that this is a",0.000000,0.000000,0.000000
2237,yes,"user
You are an expert radiologist.





<image>
Is the lung abnormal?
model
Based on the provided chest X-ray image, there are some findings that warrant further investigation.

*   **Hyperinflation:** The lungs appear to be hyperinflated, which can be a sign of underlying lung disease such as emphysema or asthma.
*   **Possible opacity in the lower lung fields:** There","user
You are an expert radiologist.





<image>
Is the lung abnormal?
model
Based on the provided image, it is difficult to definitively determine if the lung is abnormal without more information. However, I can offer some observations:

*   **Image Quality:** The image appears to be a chest X-ray. The quality of the image is not ideal, and it is difficult to assess the lung","user
You are an expert radiologist.





<image>
Is the lung abnormal?
model
Based on the provided chest X-ray image, there are some findings that warrant further investigation.

*   **Right Lung:** There appears to be a possible opacity in the right lung field. This could be due to various factors, including consolidation (pneumonia), atelectasis (lung collapse), or a mass.",0.000000,0.000000,0.000000
2247,center,"user
You are an expert radiologist.





<image>
Which side of chest is abnormal in this image?
model
Based on the chest X-ray provided, the **right** side appears to be abnormal.

Here's why:

*   **Opacity/Density:** There is a significant opacity or increased density in the right hemithorax, obscuring the normal lung markings. This could be due to a variety of","user
You are an expert radiologist.





<image>
Which side of chest is abnormal in this image?
model
Based on the chest X-ray provided, the **right** side appears to be abnormal.

Specifically, there is a large opacity/density in the right hemithorax, obscuring the right lung markings. This could be due to a number of possibilities, including:

*   **Mass/Tumor","user
You are an expert radiologist.





<image>
Which side of chest is abnormal in this image?
model
Based on the chest X-ray provided, the **left** side appears to be abnormal.

Here's why:

*   **Increased opacity/density:** There is a significant area of increased density (whiteness) in the left hemithorax, obscuring the normal lung markings. This could be",0.000000,0.000000,0.000000
2262,question which lobe is abnormal in this image  left upper lobe,"user
You are an expert radiologist.





<image>
Which lobe is abnormal in this image?
model
Based on the chest X-ray provided, the **left lung** appears to be abnormal. There is a significant opacity in the lower left lung field, which could represent a consolidation, effusion, or other process.

It is important to note that this is a single image and further evaluation with additional imaging (e.","user
You are an expert radiologist.





<image>
Which lobe is abnormal in this image?
model
Based on the chest X-ray provided, the **left lung** appears to be abnormal. Specifically, there is a large, round opacity in the left upper lobe, which could represent a mass, nodule, or other lesion.

It is important to note that this is a preliminary assessment based on a single image","user
You are an expert radiologist.





<image>
Which lobe is abnormal in this image?
model
Based on the chest X-ray provided, the **left lung** appears to be abnormal. There is a significant opacity in the lower portion of the left lung field, which could represent a consolidation, mass, or other pathological process.

It is important to note that this is a single image and further evaluation with additional",0.087672,0.105929,0.084994
2278,left lung,"user
You are an expert radiologist.





<image>
Where is the mass in the lung?
model
Based on the provided chest X-ray image, there appears to be a mass in the left lung. The mass is located in the upper lobe of the left lung.

It is important to note that this is a preliminary interpretation based on a single image. A definitive diagnosis requires further evaluation, including a review of the","user
You are an expert radiologist.





<image>
Where is the mass in the lung?
model
Based on the provided image, it is difficult to definitively pinpoint a mass within the lung. The image quality is not ideal, and the lung fields appear relatively clear. However, I can offer some observations:

*   **Lung Fields:** The lung fields appear generally clear, with no obvious large consolidations or opac","user
You are an expert radiologist.





<image>
Where is the mass in the lung?
model
Based on the chest X-ray provided, there is a mass in the left lung. It appears as a dense, opaque area within the lung parenchyma.

It is important to note that this is a single image and a definitive diagnosis requires further evaluation, including comparison with prior imaging, clinical correlation, and potentially additional imaging",0.000000,0.000000,0.000000
2281,question does the patient have any abnormalities yes,"user
You are an expert radiologist.





<image>
Does the patient have any abnormalities?
model
Based on the provided image, here's a preliminary assessment:

**Findings:**

*   **Bones:** The ribs appear intact and without obvious fractures. The clavicles are also visible.
*   **Lungs:** The lungs appear relatively clear, with no obvious consolidation, pleural effusion, or pneumothor","user
You are an expert radiologist.





<image>
Does the patient have any abnormalities?
model
Based on the provided image, it is difficult to definitively determine the presence of abnormalities without additional clinical information and comparison to prior imaging. However, I can offer some observations:

*   **Image Quality:** The image appears to be a chest X-ray. The quality is adequate for initial assessment, but further evaluation may","user
You are an expert radiologist.





<image>
Does the patient have any abnormalities?
model
Based on the chest X-ray provided, there are a few observations that could be considered abnormalities:

*   **Possible Right Lower Lobe Opacity:** There appears to be some increased density in the right lower lobe, which could represent consolidation, atelectasis, or other pathology. Further evaluation with a lateral dec",0.088020,0.069705,0.074473
2283,yes,"user
You are an expert radiologist.





<image>
Can mass be observed on the left lung in this picture?
model
Based on the provided image, it is difficult to definitively determine the presence of a mass in the left lung. The image quality is not ideal, and there are several factors that could potentially mimic a mass.

However, I can point out some observations:

*   **Lung Fields:** The lung fields appear relatively clear","user
You are an expert radiologist.





<image>
Can mass be observed on the left lung in this picture?
model
Based on the provided image, it is difficult to definitively determine the presence of a mass in the left lung. The image quality is not ideal, and there are several factors that could potentially obscure a small mass.

However, I can offer some observations:

*   **Lung Fields:** The lung fields appear relatively clear","user
You are an expert radiologist.





<image>
Can mass be observed on the left lung in this picture?
model
Based on the chest X-ray provided, it is difficult to definitively determine the presence of a mass in the left lung without more information and comparison to prior imaging. However, I can offer some observations:

*   **Lung Fields:** The lung fields appear relatively clear, with no obvious large opacities or consolid",0.000000,0.000000,0.000000
2292,left lung,"user
You are an expert radiologist.





<image>
Where is/are the abnormality located in this picture?
model
Based on the chest X-ray provided, there appears to be a **large opacity in the right hemithorax**. This could be due to a number of possibilities, including:

*   **Mass:** A tumor or other mass.
*   **Fluid:** Pleural effusion (fluid in the pleural space","user
You are an expert radiologist.





<image>
Where is/are the abnormality located in this picture?
model
Based on the provided image, there appears to be a **right-sided pleural effusion**. The fluid density is visible in the lower portion of the right hemithorax, obscuring the right hemidiaphragm.

It's important to note that this is a preliminary assessment based on a single image.","user
You are an expert radiologist.





<image>
Where is/are the abnormality located in this picture?
model
Based on the chest X-ray provided, there appears to be a **right-sided pleural effusion**. The fluid density is obscuring the right hemidiaphragm and the right costophrenic angle.

It's important to note that this is a single image, and a full assessment would require reviewing",0.000000,0.000000,0.000000
2293,left lung,"user
You are an expert radiologist.





<image>
Where is the nodule in this image?
model
Based on the provided chest X-ray image, I can see a nodule in the left lung. It appears as a small, round, and relatively dense area within the lung tissue.

It's important to note that this is a single image, and further evaluation would be needed to confirm the nature of the","user
You are an expert radiologist.





<image>
Where is the nodule in this image?
model
Based on the provided image, I can see a nodule in the right lung. It appears as a small, round, and well-defined opacity in the right lung field.

It's important to note that this is a preliminary assessment based on a single image. A definitive diagnosis requires a full clinical evaluation,","user
You are an expert radiologist.





<image>
Where is the nodule in this image?
model
Based on the provided chest X-ray image, I can identify a nodule in the left lung. It appears as a slightly denser area within the lung tissue.

However, it's important to note that a single image is insufficient for a definitive diagnosis. Further evaluation, including comparison with prior imaging, clinical correlation",0.000000,0.000000,0.000000
2307,right lung,"user
You are an expert radiologist.





<image>
Where is the abnormality in this image?
model
Based on the provided image, the abnormality appears to be a **right-sided pleural effusion**.

Here's why:

*   **Blunting of the costophrenic angle:** The right costophrenic angle (the angle where the diaphragm meets the ribs) is blunted, suggesting fluid accumulation in","user
You are an expert radiologist.





<image>
Where is the abnormality in this image?
model
Based on the provided image, the most apparent abnormality is a **large mass in the right upper lobe of the lung**.

Here's a breakdown of why:

*   **Location:** The mass appears to be located in the right upper lobe, which is the upper portion of the right lung.
*","user
You are an expert radiologist.





<image>
Where is the abnormality in this image?
model
Based on the provided image, the most apparent abnormality is a **right-sided chest tube**. The tube is visible in the right hemithorax, likely inserted to drain fluid or air from the pleural space.

It's difficult to assess the extent of the abnormality without more information, such as the patient'",0.000000,0.000000,0.000000
2311,yes,"user
You are an expert radiologist.





<image>
Is the lung abnormal?
model
Based on the provided chest X-ray image, the lung appears to be relatively clear. There are no obvious signs of consolidation, large masses, or significant pleural effusions. However, a definitive assessment requires a full evaluation of the entire image, including the costophrenic angles, mediastinum, and heart size.","user
You are an expert radiologist.





<image>
Is the lung abnormal?
model
Based on the provided image, it is difficult to definitively determine if the lung is abnormal without more information and comparison to prior imaging. However, I can offer some observations:

*   **Overall Appearance:** The lung fields appear relatively clear, with no obvious large consolidations, effusions, or masses.
*","user
You are an expert radiologist.





<image>
Is the lung abnormal?
model
Based on the provided image, the lung appears to be relatively clear. There are no obvious signs of consolidation, large masses, or significant pleural effusions. However, it's important to note that this is a single image and a full evaluation would require comparison to prior imaging and clinical context.

Therefore, I cannot",0.000000,0.000000,0.000000
2322,left,"user
You are an expert radiologist.





<image>
Which side of lung is abnormal in this image,left or right?
model
Based on the chest X-ray provided, the **left lung** appears to be abnormal. There is a significant opacity in the left lung field, obscuring the normal lung markings. This could be due to various factors such as pneumonia, atelectasis, or a mass. Further evaluation with additional imaging or clinical correlation","user
You are an expert radiologist.





<image>
Which side of lung is abnormal in this image,left or right?
model
Based on the chest X-ray provided, the **left lung** appears to be abnormal. There is a large opacity in the left hemithorax, obscuring the lung markings. This could be due to a variety of causes, including pneumonia, pleural effusion, or a mass. Further evaluation with additional imaging (","user
You are an expert radiologist.





<image>
Which side of lung is abnormal in this image,left or right?
model
Based on the chest X-ray provided, the **left lung** appears to be abnormal. There is a significant opacity in the left lung field, which could represent a consolidation, mass, or other pathology. The right lung appears relatively clear.",0.000000,0.000000,0.000000
2337,upper left lung,"user
You are an expert radiologist.





<image>
Where is the abnormality in this image?
model
Based on the provided chest X-ray, there are no obvious abnormalities apparent in the visualized structures. The lungs appear clear, the heart size is within normal limits, and there are no obvious fractures or dislocations of the ribs or clavicles. The mediastinum is also unremarkable.

However, it's important to note","user
You are an expert radiologist.





<image>
Where is the abnormality in this image?
model
Based on the provided image, there is a **leftward deviation of the trachea**. The trachea is normally midline, but in this image, it appears to be shifted to the left.

This deviation could be due to a number of factors, including:

*   **Mass or lesion:** A mass in the mediast","user
You are an expert radiologist.





<image>
Where is the abnormality in this image?
model
Based on the provided chest X-ray, there are a few observations that could be considered abnormalities, although further clinical context is needed for a definitive diagnosis.

*   **Possible Right Shoulder Pathology:** There appears to be a metallic object (likely a surgical marker or implant) on the right shoulder. The exact nature of",0.000000,0.000000,0.000000
2338,upper left lung,"user
You are an expert radiologist.





<image>
Where is the nodule?
model
Based on the provided chest X-ray, I cannot definitively identify a nodule. The image is a single view, and nodules can be subtle and difficult to detect, especially in the lung fields.

To better assess for nodules, I would need additional images, such as:

*   **PA and Lateral Chest","user
You are an expert radiologist.





<image>
Where is the nodule?
model
Based on the provided image, I cannot definitively identify a nodule. The image is a lateral chest X-ray, and while it shows the ribs, lungs, and heart, it is not a standard chest X-ray with a focused nodule search.

To identify a nodule, a more detailed examination is","user
You are an expert radiologist.





<image>
Where is the nodule?
model
Based on the provided chest X-ray, I cannot definitively identify a nodule. The image quality is not ideal for detailed nodule detection. However, I can offer some general observations:

*   **Lung Fields:** The lung fields appear relatively clear, but a thorough evaluation would require a higher resolution image and potentially",0.000000,0.000000,0.000000
2343,no,"user
You are an expert radiologist.





<image>
Can nodule be observed on the upper right lung in this picture?
model
Based on the provided chest X-ray image, I can see the upper lung fields. However, I cannot definitively identify a nodule in the upper right lung.

To determine if a nodule is present, I would need to:

1.  **Examine the image in detail:** I would look for","user
You are an expert radiologist.





<image>
Can nodule be observed on the upper right lung in this picture?
model
Based on the provided image, it is difficult to definitively determine the presence of a nodule in the upper right lung. The image quality is not ideal, and subtle nodules can be easily missed.

However, I can see some areas of increased density in the right lung field. These could potentially represent nodules, but they","user
You are an expert radiologist.





<image>
Can nodule be observed on the upper right lung in this picture?
model
Based on the provided chest X-ray image, I can see a nodule in the upper right lung. It appears as a small, round, dense area of increased opacity.

However, it's important to note that a single image is insufficient for a definitive diagnosis. Further evaluation, including comparison with previous images",0.000000,0.000000,0.000000
2352,upper left lung,"user
You are an expert radiologist.





<image>
Where is the abnormality in this image?
model
Based on the provided chest X-ray, the abnormality appears to be located in the left lung. There is a significant opacity in the left hemithorax, obscuring the normal lung markings. This could be due to a variety of factors, including:

*   **Pneumonia:** Infection in the lung","user
You are an expert radiologist.





<image>
Where is the abnormality in this image?
model
Based on the provided chest X-ray, the abnormality appears to be located in the left lung. There is a significant opacity in the left lung field, obscuring the normal lung markings. This could be due to a variety of factors, including pneumonia, atelectasis, pleural effusion, or a mass. Further evaluation","user
You are an expert radiologist.





<image>
Where is the abnormality in this image?
model
Based on the provided chest X-ray, the abnormality appears to be located in the left lung. There is a significant opacity in the left lung field, obscuring the normal lung markings. This could be due to a variety of factors, including:

*   **Pneumonia:** Infection causing inflammation and fluid accumulation",0.000000,0.000000,0.000000
2356,yes,"user
You are an expert radiologist.





<image>
Does the lung look abnormal?
model
Yes, the lung appears abnormal. There is a significant opacity in the left hemithorax, obscuring the lung markings. This could be due to a number of factors, including:

*   **Pneumonia:** Infection in the lung tissue.
*   **Pleural effusion:** Fluid accumulation in the","user
You are an expert radiologist.





<image>
Does the lung look abnormal?
model
Yes, the lung appears abnormal. There is a significant opacity in the left lung field, obscuring the normal lung markings. This could be due to a variety of factors, including pneumonia, atelectasis, or a mass. Further evaluation with additional imaging, such as a CT scan, would be necessary to determine the","user
You are an expert radiologist.





<image>
Does the lung look abnormal?
model
Yes, the lung appears abnormal. There is a significant opacity in the left hemithorax, obscuring the lung markings. This could be due to a number of factors, including:

*   **Pneumonia:** Infection in the lung tissue.
*   **Pleural effusion:** Fluid accumulation in the",0.000000,0.000000,0.000000
2357,yes,"user
You are an expert radiologist.





<image>
Is the lung abnormal?
model
Yes, the lung appears abnormal. There is a significant opacity in the left hemithorax, obscuring the lung markings. This could be due to a number of factors, including:

*   **Pneumonia:** Infection in the lung tissue.
*   **Pleural effusion:** Fluid accumulation in the","user
You are an expert radiologist.





<image>
Is the lung abnormal?
model
Yes, the lung appears abnormal. There is a significant opacity in the left lung field, obscuring the normal lung markings. This could be due to a variety of factors, including pneumonia, atelectasis, or a mass. Further evaluation with a CT scan is recommended to determine the exact cause.","user
You are an expert radiologist.





<image>
Is the lung abnormal?
model
Yes, the lung appears abnormal. There is a significant opacity in the left hemithorax, obscuring the lung markings. This could be due to a variety of factors, including:

*   **Pneumonia:** Infection in the lung tissue.
*   **Pleural effusion:** Fluid accumulation in the",0.000000,0.000000,0.000000
2367,both,"user
You are an expert radiologist.





<image>
Which side of lung is abnormal in this image?
model
Based on the provided image, the **right lung** appears to be abnormal. The opacity in the right lung field is more prominent than the left.","user
You are an expert radiologist.





<image>
Which side of lung is abnormal in this image?
model
Based on the image provided, the right lung appears to be abnormal. The right lung is the side that is more prominent in the image, and there are some areas of increased density or opacity within it.

It is important to note that this is a preliminary assessment based on a single image. A full evaluation would require","user
You are an expert radiologist.





<image>
Which side of lung is abnormal in this image?
model
Based on the provided image, the **right lung** appears to be abnormal. The opacity in the right lung field is more prominent than the left lung field.",0.000000,0.000000,0.000000
2372,yes,"user
You are an expert radiologist.





<image>
Are there abnormalities in this image?
model
Based on the provided image, there are several observations that warrant further investigation.

*   **Image Quality:** The image appears to be a portable chest X-ray. The quality is somewhat limited due to the portable nature of the equipment and potential patient movement.
*   **Lung Fields:** The lung fields appear relatively","user
You are an expert radiologist.





<image>
Are there abnormalities in this image?
model
Based on the provided image, it is difficult to definitively determine the presence of abnormalities without additional clinical information and comparison to prior imaging. However, I can offer some observations:

*   **Image Type:** The image appears to be a portable chest X-ray, likely taken in an AP (anteroposterior)","user
You are an expert radiologist.





<image>
Are there abnormalities in this image?
model
Based on the provided image, it is difficult to definitively determine the presence of abnormalities without more information. However, I can offer some observations:

*   **Image Quality:** The image appears to be a portable chest X-ray. The quality is somewhat limited due to the portable nature of the equipment and potential patient movement",0.000000,0.000000,0.000000
2383,upper left lung,"user
You are an expert radiologist.





<image>
Where is the mass in this image?
model
Based on the chest X-ray provided, there is a mass located in the **right upper lobe of the lung**. It appears as a dense, rounded opacity in the upper lung field.

It's important to note that this is a preliminary assessment based on a single image. Further evaluation, including comparison to prior","user
You are an expert radiologist.





<image>
Where is the mass in this image?
model
Based on the provided image, it is difficult to definitively identify a mass without more information and a comparison to prior imaging. However, I can offer some observations:

*   **Location:** The image appears to be a chest X-ray. The mass is located in the upper mediastinum, specifically in the region of","user
You are an expert radiologist.





<image>
Where is the mass in this image?
model
Based on the chest X-ray provided, I cannot definitively identify a mass. The image quality is not ideal, and there are several factors that could be obscuring a potential mass.

Here's why it's difficult to pinpoint a mass in this image:

*   **Image Quality:** The image is",0.000000,0.000000,0.000000
2388,no,"user
You are an expert radiologist.





<image>
Can mass be observed on the lower left lung in this picture?
model
Based on the provided chest X-ray image, it is difficult to definitively determine the presence of a mass in the lower left lung without more information and comparison to prior imaging. However, I can offer some observations:

*   **Lung Fields:** The lung fields appear relatively clear, with no obvious large consolidations or","user
You are an expert radiologist.





<image>
Can mass be observed on the lower left lung in this picture?
model
Based on the provided image, it is difficult to definitively determine the presence of a mass in the lower left lung. The image quality is not ideal, and there are several factors that could potentially mimic a mass.

However, I can point out some observations:

*   **Lung markings:** The lung markings appear relatively","user
You are an expert radiologist.





<image>
Can mass be observed on the lower left lung in this picture?
model
Based on the provided image, it is difficult to definitively determine the presence of a mass in the lower left lung. The image quality is not ideal, and there are several factors that could potentially obscure a small mass.

However, I can offer some observations:

*   **Lung Fields:** The lung fields appear relatively",0.000000,0.000000,0.000000
2409,both,"user
You are an expert radiologist.





<image>
Which side of lung is abnormal in this image?
model
Based on the chest X-ray provided, the **left lung** appears to be abnormal. There is a significant opacity in the left lung field, which could represent a variety of conditions such as pneumonia, atelectasis, or a mass. Further evaluation with additional imaging or clinical correlation is needed to determine the exact cause","user
You are an expert radiologist.





<image>
Which side of lung is abnormal in this image?
model
Based on the chest X-ray provided, the **left lung** appears to be abnormal. There is a significant opacity in the left lung field, which could represent a variety of conditions such as pneumonia, atelectasis, or a mass. Further evaluation with additional imaging or clinical correlation is needed to determine the exact cause","user
You are an expert radiologist.





<image>
Which side of lung is abnormal in this image?
model
Based on the chest X-ray provided, the **left lung** appears to be abnormal. There is a significant opacity in the left lung field, which could be due to various factors such as pneumonia, pleural effusion, or atelectasis. Further evaluation with additional imaging or clinical correlation is needed to determine the exact cause",0.000000,0.000000,0.000000
2415,yes,"user
You are an expert radiologist.





<image>
Can mass be observed on the lower right lung in this picture?
model
Based on the provided chest X-ray image, it is difficult to definitively determine the presence of a mass in the lower right lung without more information and comparison to prior imaging. However, I can offer some observations:

*   **Lung Fields:** The lung fields appear relatively clear, with no obvious large consolidations or","user
You are an expert radiologist.





<image>
Can mass be observed on the lower right lung in this picture?
model
Based on the provided chest X-ray image, it is difficult to definitively determine the presence of a mass in the lower right lung without more information and comparison to prior imaging. However, I can offer some observations:

*   **Lung Fields:** The lung fields appear relatively clear, with no obvious large consolidations or","user
You are an expert radiologist.





<image>
Can mass be observed on the lower right lung in this picture?
model
Based on the provided chest X-ray image, I cannot definitively determine the presence of a mass in the lower right lung.

Here's why:

*   **Limited View:** A single chest X-ray provides a limited view of the lungs. It's difficult to assess the entire lung field and identify",0.000000,0.000000,0.000000
2424,left,"user
You are an expert radiologist.





<image>
Which side of lung is abnormal in this image?
model
Based on the provided chest X-ray, the **left lung** appears to be abnormal.

Specifically, there is a large opacity in the left hemithorax, obscuring the normal lung markings. This could be due to a variety of factors, including:

*   **Pneumonia:** Infection in","user
You are an expert radiologist.





<image>
Which side of lung is abnormal in this image?
model
Based on the provided image, the **right lung** appears to be abnormal. There is a significant opacity in the right lung field, which could represent a variety of conditions such as pneumonia, atelectasis, or a mass. Further evaluation with additional imaging or clinical correlation is needed to determine the exact cause.","user
You are an expert radiologist.





<image>
Which side of lung is abnormal in this image?
model
Based on the provided image, the **right lung** appears to be abnormal. There is a significant opacity in the right lung field, obscuring the normal lung markings. This could be due to various factors, including consolidation, atelectasis, or a mass.

It is important to note that this is a single",0.000000,0.000000,0.000000
2439,right,"user
You are an expert radiologist.





<image>
Which side of lung is abnormal in this image?
model
Based on the chest X-ray provided, the **right lung** appears to be abnormal. There is a significant opacity in the right lower lung field, which could represent a consolidation, mass, or other pathology.

It is important to note that this is a single image and further evaluation with additional imaging (e.","user
You are an expert radiologist.





<image>
Which side of lung is abnormal in this image?
model
Based on the chest X-ray provided, the **left lung** appears to be abnormal. There is a radiopaque object (likely a foreign body) in the right lung field, which is obscuring the lung markings. The left lung appears relatively clear.

It is important to note that this is a single image","user
You are an expert radiologist.





<image>
Which side of lung is abnormal in this image?
model
Based on the chest X-ray provided, the **right lung** appears to be abnormal. There is a significant opacity in the right lower lung field, which could represent a variety of conditions such as pneumonia, pleural effusion, or atelectasis. Further evaluation with additional imaging or clinical correlation is needed to determine the exact",0.000000,0.000000,0.000000
2454,center,"user
You are an expert radiologist.





<image>
Which side of chest is abnormal in this image?
model
Based on the chest X-ray provided, the **right** side appears to be abnormal. There is a significant opacity (whiteness) in the right hemithorax, obscuring the normal lung markings. This could be due to a variety of factors, including:

*   **Pneumonia:** Infection","user
You are an expert radiologist.





<image>
Which side of chest is abnormal in this image?
model
Based on the chest X-ray provided, the **right** side appears to be abnormal. There is a large opacity/density in the right hemithorax, obscuring the normal lung markings. This could be due to a variety of factors, including a mass, consolidation, or fluid collection. Further evaluation with","user
You are an expert radiologist.





<image>
Which side of chest is abnormal in this image?
model
Based on the chest X-ray provided, the **right** side appears to be abnormal. There is a significant opacity in the right hemithorax, obscuring the right lung markings. This could be due to a variety of factors, including a mass, consolidation, or pleural effusion. Further evaluation with additional imaging",0.000000,0.000000,0.000000
2458,yes the xray image shows cardiomegaly which indicates an abnormal enlargement of the heart,"user
You are an expert radiologist.





<image>
Are there abnormalities in this image?
model
Based on the chest X-ray provided, there are some potential abnormalities that warrant further investigation.

*   **Cardiomegaly:** The heart appears enlarged, which could indicate cardiomegaly. This could be due to various factors, including hypertension, heart failure, or other cardiac conditions.

*   **Medi","user
You are an expert radiologist.





<image>
Are there abnormalities in this image?
model
Based on the chest X-ray image provided, there are some potential abnormalities that warrant further investigation.

*   **Mediastinal Mass:** There appears to be a significant opacity in the mediastinum, which could represent a mass or enlarged lymph nodes. This is the most prominent finding.

*   **Possible Right","user
You are an expert radiologist.





<image>
Are there abnormalities in this image?
model
Based on the chest X-ray provided, there are a few observations that warrant attention:

*   **Cardiomegaly:** The heart appears enlarged, which could indicate cardiomegaly.

*   **Possible Pleural Effusion:** There is a blunting of the costophrenic angles, which could",0.000000,0.000000,0.000000
2496,left lung,"user
You are an expert radiologist.





<image>
Where is/are the abnormality located in this picture?
model
Based on the chest X-ray provided, there appears to be a significant opacity in the left hemithorax, obscuring the lung markings. This could be due to a number of possibilities, including:

*   **Pneumonia:** An infection in the lung tissue.
*   **Pleural effusion","user
You are an expert radiologist.





<image>
Where is/are the abnormality located in this picture?
model
Based on the provided image, there appears to be a significant opacity in the left hemithorax. This could be due to various factors, including:

*   **Pneumonia:** An infection in the lung tissue.
*   **Pleural effusion:** Fluid accumulation in the pleural space.
*","user
You are an expert radiologist.





<image>
Where is/are the abnormality located in this picture?
model
Based on the chest X-ray provided, there appears to be a significant opacity in the left hemithorax, obscuring the lung markings. This could be due to a number of possibilities, including:

*   **Pneumonia:** An infection in the lung tissue.
*   **Pleural effusion",0.000000,0.000000,0.000000
2531,yes,"user
You are an expert radiologist.





<image>
Is/Are there abnormalities in the patient's left lung?
model
Based on the provided image, there is a significant opacity in the left lung field. This could be due to a number of factors, including:

*   **Pneumonia:** An infection causing inflammation and fluid accumulation in the lung tissue.
*   **Atelectasis:** Collapse of lung tissue, which","user
You are an expert radiologist.





<image>
Is/Are there abnormalities in the patient's left lung?
model
Based on the provided image, there is a significant opacity in the left lung field, obscuring the normal lung markings. This could be due to a variety of factors, including:

*   **Pneumonia:** An infection causing inflammation and fluid accumulation in the lung tissue.
*   **Atelectasis","user
You are an expert radiologist.





<image>
Is/Are there abnormalities in the patient's left lung?
model
Based on the provided image, there is a significant opacity in the left hemithorax, obscuring the lung markings. This could be due to a number of factors, including:

*   **Pneumonia:** An infection in the lung tissue.
*   **Mass:** A tumor or other growth.",0.000000,0.000000,0.000000
2541,both lungs,"user
You are an expert radiologist.





<image>
Where is the abnormality in this image?
model
Based on the provided image, the most apparent abnormality is a **large, well-defined, homogenous opacity in the right upper quadrant of the abdomen**. This could represent a variety of possibilities, including:

*   **Large bowel obstruction:** This is a common cause of abdominal distension and can present as a large,","user
You are an expert radiologist.





<image>
Where is the abnormality in this image?
model
Based on the provided image, it is difficult to definitively identify a specific abnormality without more information about the patient's clinical history and the intended purpose of the imaging study. However, I can offer some observations:

*   **Lack of Contrast:** The image appears to be a non-contrast study. This means there","user
You are an expert radiologist.





<image>
Where is the abnormality in this image?
model
Based on the chest X-ray provided, there are no obvious abnormalities apparent in the visualized structures. The lungs appear clear, the heart size is within normal limits, and there are no obvious fractures or other bony abnormalities. The mediastinum is unremarkable.

However, it's important to note that this is a limited",0.000000,0.000000,0.000000
2546,yes,"user
You are an expert radiologist.





<image>
Is/Are there abnormalities in the patient's left lung?
model
Based on the provided image, there appears to be a **possible abnormality in the left lung**.

Specifically, there is a **rounded opacity** in the left lung field. This could be due to a variety of reasons, including:

*   **Mass:** A tumor or other mass.
*   **In","user
You are an expert radiologist.





<image>
Is/Are there abnormalities in the patient's left lung?
model
Based on the provided image, there are some abnormalities in the patient's left lung.

Specifically, there appears to be a **large opacity** in the left lung field. This could be due to a number of factors, including:

*   **Consolidation:** This could be caused by pneumonia, pulmonary","user
You are an expert radiologist.





<image>
Is/Are there abnormalities in the patient's left lung?
model
Based on the provided image, there are no obvious abnormalities in the left lung. The lung fields appear relatively clear, and there are no visible masses, consolidations, or other concerning findings.

However, it's important to note that this is a single image and a full assessment would require reviewing the entire chest X",0.000000,0.000000,0.000000
2556,heart,"user
You are an expert radiologist.





<image>
Where is the abnormality in this image?
model
Based on the chest X-ray provided, the abnormality appears to be a **large opacity in the right hemithorax, obscuring the right lung field.** This could be due to a number of possibilities, including:

*   **Mass:** A tumor or other mass could be present.
*   **","user
You are an expert radiologist.





<image>
Where is the abnormality in this image?
model
Based on the chest X-ray provided, there appears to be a **large opacity/mass** in the **right hemithorax**, obscuring the right lung field. This could be due to a variety of causes, including:

*   **Mass/Tumor:** Primary lung cancer, metastatic disease,","user
You are an expert radiologist.





<image>
Where is the abnormality in this image?
model
Based on the chest X-ray provided, there appears to be a **right-sided pleural effusion**.

Here's why:

*   **Blunting of the costophrenic angle:** The right costophrenic angle (the angle where the diaphragm meets the ribs) is blunted, suggesting fluid",0.000000,0.000000,0.000000
2591,no,"user
You are an expert radiologist.





<image>
Does the spleen look abnormal?
model
Based on the provided image, the spleen appears to be of normal size and shape. There are no obvious signs of abnormalities such as masses, cysts, or significant enlargement.

However, it's important to note that this is a single image, and a complete assessment would require reviewing the entire series of images, including","user
You are an expert radiologist.





<image>
Does the spleen look abnormal?
model
Based on the image provided, it is difficult to definitively determine if the spleen is abnormal. The image appears to be a cross-sectional view of a human brain, not a spleen. The image is a grayscale representation, and without additional information about the imaging modality (e.g., MRI, CT), it's","user
You are an expert radiologist.





<image>
Does the spleen look abnormal?
model
Based on the single axial slice provided, the spleen appears to be of normal size and shape. There are no obvious masses, cysts, or other abnormalities that are immediately apparent. However, it is important to note that this is a single slice and a full assessment would require reviewing the entire series of images.

Therefore,",0.000000,0.000000,0.000000
2595,right lower lobe of the right lung,"user
You are an expert radiologist.





<image>
Where is the abnormality in this image?
model
Based on the chest X-ray provided, the most apparent abnormality is a **large opacity in the right hemithorax**. This suggests a significant amount of fluid or consolidation in the right lung.

Here's a more detailed breakdown:

*   **Right Hemithorax Opacity:** The right side","user
You are an expert radiologist.





<image>
Where is the abnormality in this image?
model
Based on the chest X-ray provided, the most apparent abnormality is a **right-sided pleural effusion**.

Here's why:

*   **Blunting of the costophrenic angle:** The right costophrenic angle (the angle where the diaphragm meets the ribs) appears blunted, which","user
You are an expert radiologist.





<image>
Where is the abnormality in this image?
model
Based on the chest X-ray provided, the primary abnormality appears to be a **large opacity in the right hemithorax**. This suggests a significant amount of fluid or consolidation in the right pleural space, potentially due to a pneumothorax, hemothorax, or pleural effusion.

Here's a more",0.000000,0.000000,0.000000
2599,yes,"user
You are an expert radiologist.





<image>
Does the patient have any abnormalities?
model
Based on the chest X-ray provided, there are several potential abnormalities that warrant further investigation.

*   **Right-sided pneumothorax:** There appears to be a significant amount of air in the right pleural space, which is causing the lung to collapse. This is indicated by the absence of lung markings in the","user
You are an expert radiologist.





<image>
Does the patient have any abnormalities?
model
Based on the chest X-ray provided, there are several potential abnormalities that warrant further investigation.

*   **Right-sided pneumothorax:** There appears to be a significant amount of air in the right pleural space, which is causing the lung to collapse. This is a serious condition that requires prompt treatment.","user
You are an expert radiologist.





<image>
Does the patient have any abnormalities?
model
Based on the chest X-ray provided, there are several abnormalities present:

*   **Right-sided pneumothorax:** There is a significant amount of air in the right pleural space, causing a visible pleural line and collapse of the right lung. The presence of a chest tube is also visible, suggesting a prior",0.000000,0.000000,0.000000
2600,yes,"user
You are an expert radiologist.





<image>
Is/Are there abnormalities in the patient's right lung?
model
Yes, there appears to be a significant abnormality in the patient's right lung. The right lung is largely opaque, suggesting a significant consolidation or mass. The mediastinum is shifted to the left, which is a common finding with a large right-sided mass or consolidation.

Based on the image, I would recommend","user
You are an expert radiologist.





<image>
Is/Are there abnormalities in the patient's right lung?
model
Yes, there appears to be a significant abnormality in the patient's right lung. The image shows a large opacity in the right hemithorax, which could be due to a variety of conditions such as pneumonia, pleural effusion, atelectasis, or a mass. Further evaluation with additional imaging, such as a","user
You are an expert radiologist.





<image>
Is/Are there abnormalities in the patient's right lung?
model
Yes, there are significant abnormalities in the patient's right lung. The image shows a large opacity in the right hemithorax, likely representing a large pleural effusion. There is also a chest tube in place, which suggests a previous pneumothorax or pleural effusion. The mediastinum is shifted to the left,",0.000000,0.000000,0.000000
2610,lower left lung,"user
You are an expert radiologist.





<image>
Where is/are the abnormality located in this picture?
model
Based on the chest X-ray provided, there is a **right-sided pleural effusion**.

The fluid is obscuring the right hemidiaphragm, which is normally visible. This indicates fluid accumulation in the pleural space on the right side.

It's important to note that this is a preliminary assessment","user
You are an expert radiologist.





<image>
Where is/are the abnormality located in this picture?
model
Based on the chest X-ray provided, there is a **prominent opacity in the right lower lung field**. This could be due to a variety of factors, including:

*   **Pneumonia:** An infection causing inflammation and fluid accumulation in the lung tissue.
*   **Atelectasis:**","user
You are an expert radiologist.





<image>
Where is/are the abnormality located in this picture?
model
Based on the chest X-ray provided, there is a **right-sided pleural effusion**.

The fluid is obscuring the right hemidiaphragm and the right costophrenic angle.

It is important to note that this is a preliminary assessment based on a single image. A full evaluation would require",0.000000,0.000000,0.000000
2611,lower left lung,"user
You are an expert radiologist.





<image>
Where is the mass in this image?
model
Based on the provided chest X-ray image, there is a mass located in the **right lung**. It appears as a dense, opaque area within the lung tissue.

It's important to note that this is a preliminary assessment based on a single image. Further evaluation, including comparison with previous images, clinical history","user
You are an expert radiologist.





<image>
Where is the mass in this image?
model
Based on the chest X-ray provided, I cannot definitively identify a mass. However, I can offer some observations:

*   **Lung Fields:** The lung fields appear relatively clear, with no obvious large masses or consolidations.
*   **Heart Size:** The heart size appears within normal limits.
*","user
You are an expert radiologist.





<image>
Where is the mass in this image?
model
Based on the chest X-ray provided, I cannot definitively identify a mass. However, I can point out some observations that might be relevant for further evaluation:

*   **Heart Size:** The heart size appears within normal limits.
*   **Lung Fields:** The lung fields are relatively clear, with no obvious",0.000000,0.000000,0.000000
2614,yes,"user
You are an expert radiologist.





<image>
Does the lung look abnormal?
model
Based on the chest X-ray provided, the lungs appear relatively clear. There are no obvious signs of consolidation, large masses, or significant pleural effusions. The heart size appears within normal limits. The mediastinum is also unremarkable.

However, a definitive diagnosis requires clinical correlation and potentially additional imaging.

**Disclaimer","user
You are an expert radiologist.





<image>
Does the lung look abnormal?
model
Based on the chest X-ray provided, the lungs appear relatively clear. There are no obvious signs of consolidation, large masses, or significant pleural effusions. The heart size appears within normal limits. The mediastinum is also unremarkable.

However, a definitive diagnosis requires a full clinical context and comparison with prior imaging,","user
You are an expert radiologist.





<image>
Does the lung look abnormal?
model
Based on the chest X-ray provided, the lungs appear relatively clear. There are no obvious signs of consolidation, large masses, or significant pleural effusions. The heart size appears within normal limits. The mediastinum is also unremarkable.

However, a definitive diagnosis requires clinical correlation and potentially additional imaging.

**Disclaimer",0.000000,0.000000,0.000000
2616,no,"user
You are an expert radiologist.





<image>
Can mass be observed on the upper left lung in this picture?
model
Based on the provided chest X-ray image, I cannot definitively determine if a mass is present in the upper left lung.

Here's why:

*   **Limited View:** A single chest X-ray provides a limited view of the lungs. It's difficult to assess subtle lesions or masses, especially","user
You are an expert radiologist.





<image>
Can mass be observed on the upper left lung in this picture?
model
Based on the provided chest X-ray image, I cannot definitively determine the presence of a mass in the upper left lung.

Here's why:

*   **Limited View:** A single AP (anteroposterior) chest X-ray provides a limited view of the lungs. It's difficult to","user
You are an expert radiologist.





<image>
Can mass be observed on the upper left lung in this picture?
model
Based on the chest X-ray provided, I cannot definitively determine if a mass is present in the upper left lung.

Here's why:

*   **Limited View:** A single chest X-ray provides a limited view of the lungs. It's difficult to assess subtle lesions or masses, especially in",0.000000,0.000000,0.000000
2625,right,"user
You are an expert radiologist.





<image>
Which side of lung is abnormal in this image?
model
Based on the chest X-ray provided, the **left lung** appears to be abnormal.

Specifically, there is a significant opacity in the left lung field, obscuring the normal lung markings. This could be due to a variety of factors, including:

*   **Pneumonia:** Infection in the lung","user
You are an expert radiologist.





<image>
Which side of lung is abnormal in this image?
model
Based on the chest X-ray provided, the **left lung** appears to be abnormal.

Specifically, there is a significant opacity in the left lung field, which could represent a variety of conditions such as pneumonia, atelectasis, or a mass. Further evaluation with additional imaging (e.g., CT scan","user
You are an expert radiologist.





<image>
Which side of lung is abnormal in this image?
model
Based on the chest X-ray provided, the **right lung** appears to be abnormal. There is a significant opacity in the right hemithorax, obscuring the normal lung markings. This could be due to a variety of factors, including pneumonia, pleural effusion, atelectasis, or a mass. Further",0.000000,0.000000,0.000000
2626,question where isare the mass located original answer right lung candidate answer1 anterior mediastinum candidate answer2 anterior mediastinum candidate answer3 right lower lobe right lung,"user
You are an expert radiologist.





<image>
Where is/are the mass located?
model
Based on the chest X-ray provided, there is a mass located in the **right upper lobe of the lung**. It appears as a dense, opaque area within the lung tissue.

It's important to note that this is a preliminary assessment based on a single image. Further evaluation, including comparison with prior imaging","user
You are an expert radiologist.





<image>
Where is/are the mass located?
model
Based on the provided chest X-ray image, there is a large mass located in the **mediastinum**, specifically in the **superior mediastinum**. It appears to be a homogenous, dense opacity, likely representing a tumor or enlarged lymph node.

It is important to note that this is a preliminary interpretation based on","user
You are an expert radiologist.





<image>
Where is/are the mass located?
model
Based on the chest X-ray provided, there is a large opacity in the right hemithorax, obscuring the right lung field. This could be due to a variety of factors, including:

*   **Mass:** A tumor or other mass could be present.
*   **Pleural effusion:**",0.061348,0.059518,0.076445
2631,no,"user
You are an expert radiologist.





<image>
Can mass be observed on the lower left lung in this picture?
model
Based on the provided chest X-ray image, it is difficult to definitively determine the presence of a mass in the lower left lung without more information and comparison to prior imaging. However, I can offer some observations:

*   **Lung Fields:** The lung fields appear relatively clear, with no obvious large consolidations or","user
You are an expert radiologist.





<image>
Can mass be observed on the lower left lung in this picture?
model
Based on the provided chest X-ray image, it is difficult to definitively determine the presence of a mass in the lower left lung without more information and comparison to prior imaging. However, I can offer some observations:

*   **Lung Fields:** The lung fields appear relatively clear, with no obvious large consolidations or","user
You are an expert radiologist.





<image>
Can mass be observed on the lower left lung in this picture?
model
Based on the chest X-ray provided, I cannot definitively determine if a mass is present in the lower left lung.

Here's why:

*   **Limited View:** A single chest X-ray provides a limited view of the lungs. It's difficult to assess subtle lesions or masses, especially in",0.000000,0.000000,0.000000
2640,right lower lobe,"user
You are an expert radiologist.





<image>
Which lobe is abnormal in this image?
model
Based on the chest X-ray provided, the **left lower lobe** appears to be abnormal. There is increased opacity in the lower portion of the left lung field, which could indicate consolidation, atelectasis, or other pathology.

It is important to note that this is a preliminary assessment based on a single image","user
You are an expert radiologist.





<image>
Which lobe is abnormal in this image?
model
Based on the chest X-ray provided, the **left lung** appears to be abnormal. There is a noticeable opacity or consolidation in the left lung field, which could indicate pneumonia, atelectasis, or other lung pathology.

It's important to note that this is a preliminary assessment based on a single image","user
You are an expert radiologist.





<image>
Which lobe is abnormal in this image?
model
Based on the chest X-ray provided, the **left lung** appears to be abnormal. There is a significant opacity in the left lung field, which could be due to various factors such as pneumonia, atelectasis, or a mass. Further evaluation with additional imaging or clinical correlation is needed to determine the exact cause",0.000000,0.000000,0.000000
2645,yes,"user
You are an expert radiologist.





<image>
Is/Are there abnormalities in the patient's right lung?
model
Based on the provided chest X-ray image, there is a **possible** abnormality in the right lung.

Specifically, there appears to be a **possible opacity** in the right lower lung field. This could be due to a variety of factors, including:

*   **Infection:** Pneumonia or other","user
You are an expert radiologist.





<image>
Is/Are there abnormalities in the patient's right lung?
model
Based on the provided image, there appears to be a possible abnormality in the right lung. There is a hazy opacity in the right lung field, which could represent a consolidation, infiltrate, or other process. Further evaluation with additional imaging or clinical correlation is recommended to determine the cause of this finding.","user
You are an expert radiologist.





<image>
Is/Are there abnormalities in the patient's right lung?
model
Based on the chest X-ray provided, there is a significant opacity in the right lung field. This could be due to a number of factors, including:

*   **Pneumonia:** An infection causing inflammation and fluid accumulation in the lung tissue.
*   **Atelectasis:** Collapse of lung",0.000000,0.000000,0.000000
2655,lower left lung,"user
You are an expert radiologist.





<image>
Where is/are the abnormality located in this picture?
model
Based on the chest X-ray provided, there is a **large opacity in the left upper lung field**. This could be due to a variety of causes, including:

*   **Mass:** A tumor or other mass.
*   **Infection:** Pneumonia or other lung infection.
*   **","user
You are an expert radiologist.





<image>
Where is/are the abnormality located in this picture?
model
Based on the chest X-ray image, there appears to be a **left upper lobe opacity** in the highlighted region. This could represent a variety of conditions, including:

*   **Consolidation:** This could be due to pneumonia, aspiration, or other inflammatory processes.
*   **Mass:** A","user
You are an expert radiologist.





<image>
Where is/are the abnormality located in this picture?
model
Based on the chest X-ray provided, there appears to be a **left upper lobe opacity**. This could be due to various reasons, including:

*   **Pneumonia:** An infection causing inflammation and fluid accumulation in the lung tissue.
*   **Mass:** A tumor or other growth in the lung",0.000000,0.000000,0.000000
2659,yes,"user
You are an expert radiologist.





<image>
Is the lung abnormal?
model
Based on the chest X-ray provided, there are no obvious signs of significant lung abnormalities. The lung fields appear relatively clear, with no large consolidations, effusions, or masses readily apparent. The heart size is within normal limits, and the mediastinum is unremarkable.

However, it's important to note","user
You are an expert radiologist.





<image>
Is the lung abnormal?
model
Based on the provided chest X-ray image, there are no obvious signs of significant lung abnormalities. The lung fields appear relatively clear, with no large consolidations, effusions, or masses readily apparent. The heart size appears within normal limits.

However, a definitive diagnosis requires a full clinical context and comparison with prior","user
You are an expert radiologist.





<image>
Is the lung abnormal?
model
Based on the provided chest X-ray image, there are some findings that warrant further investigation.

*   **Cardiomegaly:** The heart appears enlarged, which could be a sign of cardiomegaly.
*   **Mediastinal widening:** The mediastinum (the space between the lungs containing the heart",0.000000,0.000000,0.000000
2670,both,"user
You are an expert radiologist.





<image>
Which side of lung is abnormal in this image?
model
Based on the chest X-ray provided, the **left lung** appears to be abnormal. There is a noticeable opacity or consolidation in the left lung field, which could indicate pneumonia, fluid accumulation, or other lung pathology.

It's important to note that this is a single image, and a full assessment would","user
You are an expert radiologist.





<image>
Which side of lung is abnormal in this image?
model
Based on the provided image, the **left lung** appears to be abnormal. There is a noticeable opacity or consolidation in the left lung field, which could indicate pneumonia, atelectasis, or other lung pathology.

It's important to note that this is a preliminary assessment based on a single image. A full","user
You are an expert radiologist.





<image>
Which side of lung is abnormal in this image?
model
Based on the chest X-ray provided, the **right lung** appears to be more abnormal than the left lung.

Specifically, there is increased opacity and haziness in the right lung field, which could indicate consolidation, fluid, or other infiltrative processes. The left lung appears relatively clear.

It is important",0.000000,0.000000,0.000000
2671,left lung,"user
You are an expert radiologist.





<image>
What part of the lung is the nodule located in?
model
Based on the chest X-ray provided, the nodule appears to be located in the **left lung**.","user
You are an expert radiologist.





<image>
What part of the lung is the nodule located in?
model
Based on the provided image, the nodule appears to be located in the **left lung**.","user
You are an expert radiologist.





<image>
What part of the lung is the nodule located in?
model
Based on the chest X-ray provided, the nodule appears to be located in the **left lung**.",0.000000,0.000000,0.000000
2675,yes,"user
You are an expert radiologist.





<image>
Does the patient have any abnormalities?
model
Based on the chest X-ray provided, there are several potential abnormalities that warrant further investigation.

*   **Right Lower Lobe Opacity:** There appears to be an area of increased density in the right lower lobe, which could represent consolidation, atelectasis, or other pathology.

*   **Possible Ple","user
You are an expert radiologist.





<image>
Does the patient have any abnormalities?
model
Based on the chest X-ray provided, there are some potential abnormalities that warrant further investigation.

*   **Possible opacity in the left lower lobe:** There appears to be a hazy opacity in the left lower lobe. This could be due to various causes, including pneumonia, atelectasis, or a mass. Further","user
You are an expert radiologist.





<image>
Does the patient have any abnormalities?
model
Based on the chest X-ray provided, there are several potential abnormalities that warrant further investigation.

*   **Right Lower Lobe Opacity:** There appears to be increased opacity in the right lower lobe, which could represent consolidation, atelectasis, or other infiltrative processes.

*   **Left Lower L",0.000000,0.000000,0.000000
2676,no,"user
You are an expert radiologist.





<image>
Can nodule be observed on the lower right lung in this picture?
model
Based on the provided chest X-ray image, I can see a nodule in the lower right lung field. It appears as a small, round, and relatively dense area within the lung tissue.

However, it's important to note that a single image is insufficient for a definitive diagnosis. Further evaluation, including","user
You are an expert radiologist.





<image>
Can nodule be observed on the lower right lung in this picture?
model
Based on the provided image, it is difficult to definitively determine the presence of a nodule in the lower right lung without more information and comparison to prior imaging. However, I can offer some observations:

*   **Lung Fields:** The lung fields appear relatively clear, with no obvious large masses or consolidations.","user
You are an expert radiologist.





<image>
Can nodule be observed on the lower right lung in this picture?
model
Based on the chest X-ray provided, there is a nodule present in the lower right lung field. It appears as a small, round opacity.

It's important to note that this is a single image and further evaluation is needed to determine the nature of the nodule. Further imaging, such as a",0.000000,0.000000,0.000000
2691,no,"user
You are an expert radiologist.





<image>
Does the kidneys look abnormal?
model
Based on the provided image, it is difficult to definitively determine if the kidneys are abnormal. The image is a single axial slice of a cross-sectional scan, and a full assessment requires reviewing multiple slices and comparing them to prior imaging or clinical information.

However, I can make some general observations:

*   **","user
You are an expert radiologist.





<image>
Does the kidneys look abnormal?
model
Based on the image provided, it is difficult to definitively assess the kidneys for abnormalities. The image appears to be a cross-sectional view of the abdomen, and the kidneys are visible. However, the resolution and quality of the image are not sufficient to evaluate their structure, size, or presence of any lesions.

To","user
You are an expert radiologist.





<image>
Does the kidneys look abnormal?
model
Based on the provided image, the kidneys appear to be of normal size and shape. There are no obvious signs of abnormalities such as masses, cysts, or significant enlargement. However, a definitive diagnosis requires a full review of the entire imaging study, including the surrounding structures and comparison to prior images if available.

Therefore,",0.000000,0.000000,0.000000
2701,yes,"user
You are an expert radiologist.





<image>
Is the lung abnormal?
model
Based on the chest X-ray provided, the lungs appear relatively clear. There are no obvious signs of consolidation, nodules, masses, or significant pleural effusions. The heart size appears within normal limits.

However, a definitive diagnosis requires a full clinical context and comparison with prior imaging, if available.

Therefore,","user
You are an expert radiologist.





<image>
Is the lung abnormal?
model
Based on the provided chest X-ray image, there are no obvious signs of significant lung abnormalities. The lung fields appear relatively clear, with no large consolidations, effusions, or masses readily apparent. The heart size and mediastinal contours are within normal limits.

However, it's important to note that this","user
You are an expert radiologist.





<image>
Is the lung abnormal?
model
Based on the provided chest X-ray image, there are no obvious signs of significant lung abnormalities. The lung fields appear relatively clear, with no large consolidations, masses, or effusions. The heart size is within normal limits, and the mediastinal structures are unremarkable.

However, it's important to note",0.000000,0.000000,0.000000
2702,yes the xray image shows a nodule indicating an abnormal lung,"user
You are an expert radiologist.





<image>
Does the lung look abnormal?
model
Based on the chest X-ray provided, the lungs appear relatively clear. There are no obvious signs of consolidation, pleural effusion, or pneumothorax. The heart size appears within normal limits. The mediastinum is also unremarkable.

However, a definitive diagnosis requires a full clinical context and comparison with prior imaging, if","user
You are an expert radiologist.





<image>
Does the lung look abnormal?
model
Based on the provided image, the lungs appear relatively clear. There are no obvious signs of consolidation, nodules, masses, or significant pleural effusions. The heart size appears within normal limits.

However, it's important to note that this is a single image and a full interpretation requires reviewing the entire study, including","user
You are an expert radiologist.





<image>
Does the lung look abnormal?
model
Based on the chest X-ray image provided, the lungs appear relatively clear. There are no obvious signs of consolidation, masses, or significant pleural effusions. The heart size appears within normal limits.

However, a definitive diagnosis requires a full clinical context and comparison with previous images if available.

Therefore, I cannot",0.000000,0.000000,0.000000
2717,yes the xray image shows that the lungs look abnormal indicating pneumonia,"user
You are an expert radiologist.





<image>
Does the lung look abnormal?
model
Based on the chest X-ray provided, the lungs appear relatively clear. There are no obvious signs of consolidation, large masses, or significant pleural effusions. The heart size appears within normal limits.

However, a definitive diagnosis requires a full clinical context and comparison with prior imaging, if available.

**Disclaimer:**","user
You are an expert radiologist.





<image>
Does the lung look abnormal?
model
Based on the chest X-ray provided, the lung appears to be somewhat abnormal. There is a large opacity in the left lower lung field, which could be due to a variety of factors, including pneumonia, atelectasis, or a mass. Further evaluation is needed to determine the exact cause.","user
You are an expert radiologist.





<image>
Does the lung look abnormal?
model
Yes, the lung appears abnormal. There is a large opacity in the left lower lung field, which could be a mass, consolidation, or other pathology. Further evaluation is needed to determine the cause of this opacity.",0.000000,0.000000,0.000000
2727,right paratracheal area,"user
You are an expert radiologist.





<image>
Which part of chest is abnormal in this image?
model
Based on the chest X-ray provided, the **right lung** appears to be abnormal. There is a significant opacity (whiteness) in the right hemithorax, obscuring the normal lung markings. This could be due to various factors, including:

*   **Pneumonia:** An infection causing","user
You are an expert radiologist.





<image>
Which part of chest is abnormal in this image?
model
Based on the chest X-ray provided, the **right lung** appears to be abnormal. There is a significant opacity or density in the right lung field, obscuring the normal lung markings. This could be due to various factors, including:

*   **Pneumonia:** An infection causing inflammation and fluid accumulation","user
You are an expert radiologist.





<image>
Which part of chest is abnormal in this image?
model
Based on the chest X-ray provided, there appears to be a significant amount of **right-sided subcutaneous emphysema**. This is indicated by the increased density in the right hemithorax, particularly in the soft tissues. The presence of subcutaneous emphysema can be caused by a variety of factors, including trauma,",0.000000,0.000000,0.000000
2731,yes,"user
You are an expert radiologist.





<image>
Does the patient have any abnormalities?
model
Based on the chest X-ray provided, here's a preliminary assessment:

**Findings:**

*   **Lung Fields:** The lung fields appear relatively clear, with no obvious consolidation, masses, or significant infiltrates.
*   **Heart Size:** The heart size appears within normal limits.
*","user
You are an expert radiologist.





<image>
Does the patient have any abnormalities?
model
Based on the provided chest X-ray image, I can see the following:

*   **Lung fields:** The lung fields appear relatively clear, with no obvious consolidation, nodules, or masses.
*   **Heart size:** The heart size appears within normal limits.
*   **Mediastinum:** The","user
You are an expert radiologist.





<image>
Does the patient have any abnormalities?
model
Based on the chest X-ray provided, here's a summary of my observations:

**Findings:**

*   **Heart Size:** The heart size appears within normal limits.
*   **Mediastinum:** The mediastinum (the space between the lungs containing the heart, great vessels, trachea, etc",0.000000,0.000000,0.000000
2732,yes the xray image shows cardiomegaly which indicates an abnormal enlargement of the heart,"user
You are an expert radiologist.





<image>
Are there abnormalities in this image?
model
Based on the chest X-ray provided, there are a few observations that warrant attention:

*   **Significant opacity in the right hemithorax:** There appears to be a large area of increased density (opacity) in the right hemithorax, obscuring the lung markings. This could be due to","user
You are an expert radiologist.





<image>
Are there abnormalities in this image?
model
Based on the provided chest X-ray image, there are some observations that warrant further investigation.

*   **Right Hemithorax Opacity:** There appears to be increased opacity in the right hemithorax, which could be due to various factors such as consolidation, pleural effusion, or atelectasis.","user
You are an expert radiologist.





<image>
Are there abnormalities in this image?
model
Based on the chest X-ray provided, there are a few observations that could be considered abnormalities, although further clinical context is needed for a definitive diagnosis.

*   **Right Hemithorax Opacity:** There appears to be increased density in the right hemithorax, obscuring the right lung markings.",0.000000,0.000000,0.000000
2742,heart,"user
You are an expert radiologist.





<image>
Where is the abnormality in this image?
model
Based on the provided chest X-ray, the most apparent abnormality is the **right subclavian line**.

The line is likely a central venous catheter, and it is positioned in the superior vena cava (SVC). The catheter tip is likely in the proximal SVC.

The image is a portable AP (anteroposter","user
You are an expert radiologist.





<image>
Where is the abnormality in this image?
model
Based on the provided image, the most apparent abnormality is the **significant opacity in the right hemithorax**. This could be due to several possibilities, including:

*   **Pneumothorax:** Air in the pleural space, causing lung collapse.
*   **Hemothorax:** Blood in the pleural","user
You are an expert radiologist.





<image>
Where is the abnormality in this image?
model
Based on the provided chest X-ray, there is a **right-sided picc line** that appears to be in place. The tip of the line is likely in the superior vena cava.

There are no obvious acute abnormalities such as pneumothorax, pleural effusion, or consolidation. The heart size appears within",0.000000,0.000000,0.000000
2746,yes,"user
You are an expert radiologist.





<image>
Is the lung abnormal?
model
Based on the provided chest X-ray, the lungs appear relatively clear. There are no obvious signs of consolidation, pleural effusion, or pneumothorax. The heart size is within normal limits. The mediastinum is also unremarkable.

However, it's important to note that this is a portable AP (anterop","user
You are an expert radiologist.





<image>
Is the lung abnormal?
model
Based on the provided image, it is difficult to definitively determine if the lung is abnormal without a full evaluation. However, I can make some observations:

*   **Image Quality:** The image appears to be a portable AP (anteroposterior) chest X-ray. The image quality is somewhat limited due to","user
You are an expert radiologist.





<image>
Is the lung abnormal?
model
Based on the provided chest X-ray, the lungs appear relatively clear. There are no obvious signs of consolidation, pleural effusion, or pneumothorax. The heart size appears within normal limits. The mediastinum is also unremarkable.

However, it's important to note that this is a portable AP (anterop",0.000000,0.000000,0.000000
2757,right upper lobe,"user
You are an expert radiologist.





<image>
Which lobe is abnormal in this image?
model
Based on the chest X-ray provided, the **right lung** appears to be abnormal. There is a significant opacity in the right lower lung field, which could represent a consolidation, mass, or other pathology. Further evaluation with additional imaging (e.g., CT scan) would be necessary to determine the exact nature","user
You are an expert radiologist.





<image>
Which lobe is abnormal in this image?
model
Based on the chest X-ray provided, the **right lung** appears to be abnormal. There is a significant opacity in the right lung field, which could represent a consolidation, mass, or other pathology. Further evaluation with additional imaging (e.g., CT scan) would be necessary to determine the exact nature of","user
You are an expert radiologist.





<image>
Which lobe is abnormal in this image?
model
Based on the chest X-ray provided, the **right lung** appears to be abnormal. There is a significant opacity in the right hemithorax, which could be due to a variety of factors such as pneumonia, pleural effusion, or a mass. Further evaluation with additional imaging, such as a CT scan,",0.000000,0.000000,0.000000
2762,yes,"user
You are an expert radiologist.





<image>
Is the lung abnormal?
model
Yes, the lung appears abnormal. There is a significant opacity in the right lower lung field, which could represent a variety of conditions such as pneumonia, pleural effusion, atelectasis, or a mass. Further evaluation with additional imaging (e.g., CT scan) would be needed to determine the exact cause.","user
You are an expert radiologist.





<image>
Is the lung abnormal?
model
Yes, the lung appears abnormal. There is a significant opacity in the right hemithorax, which could be due to a variety of conditions such as pneumonia, pleural effusion, or a mass. Further evaluation is needed to determine the exact cause.","user
You are an expert radiologist.





<image>
Is the lung abnormal?
model
Yes, the lung appears abnormal. There is a large opacity in the right hemithorax, which could be due to a variety of causes, including:

*   **Pleural effusion:** Fluid accumulation in the pleural space.
*   **Consolidation:** Filling of the lung tissue with fluid or inflammatory",0.000000,0.000000,0.000000
2794,right lower lung zone,"user
You are an expert radiologist.





<image>
Where is the abnormality in this image?
model
Based on the chest X-ray provided, there appears to be a **right pleural effusion**.

The right hemithorax appears denser than the left, suggesting fluid accumulation in the pleural space. This is a common finding in pleural effusions.

It's important to note that this is a preliminary interpretation based","user
You are an expert radiologist.





<image>
Where is the abnormality in this image?
model
Based on the chest X-ray provided, there appears to be a **right pleural effusion**.

The right costophrenic angle is blunted, suggesting fluid accumulation in the pleural space. This is a common finding in pleural effusions.

It's important to note that this is a preliminary assessment based on","user
You are an expert radiologist.





<image>
Where is the abnormality in this image?
model
Based on the chest X-ray provided, there appears to be a significant opacity in the right hemithorax, obscuring the right hemidiaphragm. This could be due to a number of possibilities, including:

*   **Pleural effusion:** Fluid accumulation in the pleural space.
*",0.000000,0.000000,0.000000
2809,lower left lung,"user
You are an expert radiologist.





<image>
Where is/are the abnormality located in this picture?
model
Based on the chest X-ray provided, there appears to be a **left upper lobe opacity**. This could be due to various reasons, including pneumonia, consolidation, or a mass. Further evaluation with additional imaging or clinical correlation is recommended to determine the exact cause.","user
You are an expert radiologist.





<image>
Where is/are the abnormality located in this picture?
model
Based on the chest X-ray image, there is a **left upper lobe opacity**. This could be due to various reasons, including pneumonia, consolidation, or a mass. Further evaluation with additional imaging or clinical correlation is needed to determine the exact cause.","user
You are an expert radiologist.





<image>
Where is/are the abnormality located in this picture?
model
Based on the chest X-ray image, there appears to be a **left upper lobe opacity**. This could be due to various reasons, including pneumonia, consolidation, or a mass. Further evaluation with additional imaging or clinical correlation is needed to determine the exact cause.",0.000000,0.000000,0.000000
2813,yes the xray image shows abnormalities consistent with pneumonia,"user
You are an expert radiologist.





<image>
Are there abnormalities in this image?
model
Based on the chest X-ray image provided, there are some potential abnormalities that warrant further investigation.

*   **Possible opacity in the lower lung fields:** There appears to be some increased density in the lower lung fields, which could be due to various factors such as atelectasis, consolidation, or pleural effusion.","user
You are an expert radiologist.





<image>
Are there abnormalities in this image?
model
Based on the provided image, there are no obvious abnormalities. The lung fields appear clear, and the heart size seems within normal limits. The mediastinum is also unremarkable.

However, it's important to note that this is a single image and a full interpretation requires reviewing the entire series of images, including the lateral","user
You are an expert radiologist.





<image>
Are there abnormalities in this image?
model
Based on the chest X-ray image provided, there are some potential abnormalities that warrant further investigation.

*   **Possible opacity in the lower lung fields:** There appears to be some increased density in the lower lung fields, which could be due to various factors such as atelectasis, consolidation, or pleural effusion.",0.000000,0.000000,0.000000
2828,yes,"user
You are an expert radiologist.





<image>
Is/Are there abnormalities in the patient's left lung?
model
Based on the provided chest X-ray image, there is a **possible** abnormality in the left lung.

Specifically, there appears to be a **opacity** in the left lung field. This could be due to a number of reasons, including:

*   **Pneumonia:** An infection causing inflammation and","user
You are an expert radiologist.





<image>
Is/Are there abnormalities in the patient's left lung?
model
Based on the provided chest X-ray image, there is a **possible abnormality** in the left lung.

Specifically, there appears to be a **mass or opacity** in the left lung field, located in the upper lobe. This could be due to various reasons, including:

*   **Infection:**","user
You are an expert radiologist.





<image>
Is/Are there abnormalities in the patient's left lung?
model
Based on the provided chest X-ray image, there is a significant opacity in the left lung field. This could be due to a number of factors, including:

*   **Pneumonia:** An infection causing inflammation and fluid accumulation in the lung tissue.
*   **Atelectasis:** Collapse of",0.000000,0.000000,0.000000
3003,yes,"user
You are an expert radiologist.





<image>
Does the brain look abnormal?
model
Based on the image provided, it is difficult to determine if the brain is abnormal. The image is a highly complex pattern of colors and lacks any discernible anatomical structures. It could be a representation of a brain scan, but without additional information, it's impossible to assess for abnormalities.

To determine if the brain is","user
You are an expert radiologist.





<image>
Does the brain look abnormal?
model
Based on the image provided, it is difficult to determine if the brain appears abnormal. The image is a highly processed, abstract representation of data, and it lacks the anatomical detail necessary for a proper assessment.

To determine if the brain is abnormal, I would need to see a clear image of the brain, ideally with","user
You are an expert radiologist.





<image>
Does the brain look abnormal?
model
Based on the provided image, it is difficult to definitively determine if the brain is abnormal. The image is a single slice of a brain scan, and without additional information such as the patient's clinical history, the scan's purpose, and the imaging modality used (e.g., MRI, CT), it is",0.000000,0.000000,0.000000
3178,yes the mri scan shows an abnormal brain indicative of brain edema,"user
You are an expert radiologist.





<image>
Does the brain look abnormal?
model
Based on the image provided, it is difficult to definitively determine if the brain is abnormal. The image appears to be a single slice from a brain MRI, and the resolution is quite low.

Here's why it's hard to say:

*   **Low Resolution:** The image lacks sufficient detail to assess","user
You are an expert radiologist.





<image>
Does the brain look abnormal?
model
Based on the image provided, it is difficult to definitively determine if the brain is abnormal. The image appears to be a highly processed or distorted representation of a brain scan. The lack of clear anatomical structures and the presence of noise make it challenging to assess for any specific abnormalities.

To provide a more accurate assessment, I","user
You are an expert radiologist.





<image>
Does the brain look abnormal?
model
Based on the single image provided, it is difficult to definitively determine if the brain is abnormal. However, I can offer some observations:

*   **Image Quality:** The image appears to be a T2-weighted MRI. The signal intensity is relatively uniform, and there are no obvious signs of hemorrhage, edema,",0.000000,0.000000,0.000000
3179,left,"user
You are an expert radiologist.





<image>
Where is/are the abnormality located?
model
Based on the image provided, it is difficult to definitively identify any specific abnormalities. The image appears to be a high-resolution MRI scan of the brain, likely a T1-weighted image.

However, I can make some general observations:

*   **Brain Structures:** The image shows the typical structures of the","user
You are an expert radiologist.





<image>
Where is/are the abnormality located?
model
Based on the image provided, it is difficult to definitively identify any specific abnormalities. The image appears to be a highly processed or distorted representation of a brain scan. The lack of clear anatomical structures and the presence of noise and artifacts make it challenging to assess for any potential pathology.

To provide a more accurate assessment, I","user
You are an expert radiologist.





<image>
Where is/are the abnormality located?
model
Based on the provided image, it is difficult to definitively identify any abnormalities without more information, such as the patient's clinical history, other imaging sequences, and the specific protocol used. However, I can offer some observations:

*   **General Appearance:** The image appears to be a T2-weighted MRI of",0.000000,0.000000,0.000000
3253,lower right lobe,"user
You are an expert radiologist.





<image>
Where is/are the abnormality located?
model
Based on the image provided, it is difficult to definitively identify any specific abnormalities. The image appears to be a highly processed or distorted representation of a brain scan. The lack of clear anatomical structures and the presence of noise make it challenging to assess for any lesions, masses, or other pathological findings.

To provide a more","user
You are an expert radiologist.





<image>
Where is/are the abnormality located?
model
Based on the image provided, it is difficult to definitively identify any specific abnormalities. The image appears to be a highly processed representation of a brain scan, likely from a diffusion tensor imaging (DTI) or similar technique.

Here's why it's hard to pinpoint abnormalities:

*   **Image Processing:**","user
You are an expert radiologist.





<image>
Where is/are the abnormality located?
model
Based on the image provided, the abnormality appears to be located in the **cerebral white matter**. It is difficult to determine the exact nature of the abnormality without more information, such as the sequence used for the image acquisition (e.g., T1, T2, FLAIR). However, the appearance suggests a",0.000000,0.000000,0.000000
3256,gray,"user
You are an expert radiologist.





<image>
Is brain tumor white or gray relative to other tissues?
model
Based on the image, the brain tissue appears white relative to other tissues. This is typical for T1-weighted MRI images, which are commonly used to visualize brain structures.","user
You are an expert radiologist.





<image>
Is brain tumor white or gray relative to other tissues?
model
Based on the image, the brain tissue appears to be **white** relative to other tissues. This is because the brain tissue is typically bright (white) on MRI scans due to its high water content. The black areas likely represent structures like the ventricles or other areas of lower signal intensity.","user
You are an expert radiologist.





<image>
Is brain tumor white or gray relative to other tissues?
model
Based on the image provided, the brain tissue appears **white** relative to other tissues. This is typical for T2-weighted MRI images, which are commonly used to visualize fluid-filled structures like cerebrospinal fluid (CSF) and edema. In T2-weighted images, fluid appears bright (white).",0.000000,0.000000,0.000000
3257,2,"user
You are an expert radiologist.





<image>
How many kinds of abnormalities are there in this image?
model
Based on the image provided, it is difficult to definitively identify specific abnormalities without more information about the imaging protocol, patient history, and clinical context. However, I can offer some observations:

1.  **Image Quality:** The image appears to be a T1-weighted MRI scan of the brain. The signal intensity","user
You are an expert radiologist.





<image>
How many kinds of abnormalities are there in this image?
model
Based on the image provided, I can identify **one** kind of abnormality:

*   **Brain tissue abnormalities:** The image shows a distorted representation of brain tissue, with a lack of clear anatomical structures and a general lack of the normal gray-white matter differentiation. This could be indicative of various conditions, including:","user
You are an expert radiologist.





<image>
How many kinds of abnormalities are there in this image?
model
Based on the image provided, there appears to be **one** primary abnormality.

The image shows a T2-weighted MRI of the brain. The abnormality is a **large, bright lesion** located in the center of the brain. This could represent a variety of conditions, including:

*   **Brain tumor",0.000000,0.000000,0.000000
3263,question where is the brain tumor located lower right lobe,"user
You are an expert radiologist.





<image>
Where is the brain tumor located?
model
Based on the image provided, it is difficult to definitively determine the location of a brain tumor. The image appears to be a highly processed or distorted representation of a brain scan. The lack of clear anatomical structures and the presence of noise make it challenging to identify any potential lesions.

To accurately assess for a brain tumor,","user
You are an expert radiologist.





<image>
Where is the brain tumor located?
model
Based on the image provided, it is difficult to definitively determine the location of a brain tumor. The image is a highly processed representation of a brain scan, and the details are not clear enough to pinpoint a specific tumor.

However, I can make some general observations:

*   **Overall Structure:** The image shows","user
You are an expert radiologist.





<image>
Where is the brain tumor located?
model
Based on the image provided, it is difficult to definitively determine the location of a brain tumor. The image shows a T2-weighted MRI of the brain. While I can see the cerebral hemispheres, the sulci and gyri, and the ventricles, I cannot identify any specific lesions or masses that would indicate a",0.062683,0.068607,0.068607
3266,question what density is the abnormality hyperdense,"user
You are an expert radiologist.





<image>
What density is the abnormality?
model
Based on the image provided, it is difficult to determine the exact density of any abnormality. The image appears to be a single slice from a brain MRI, and the contrast and resolution are not ideal for detailed assessment.

However, I can make some general observations:

*   **Gray Matter vs. White Matter:**","user
You are an expert radiologist.





<image>
What density is the abnormality?
model
Based on the image provided, it is difficult to determine the exact density of any abnormality. The image is a highly compressed representation of a brain scan, and the level of detail is limited.

However, I can make some general observations:

*   **Overall Appearance:** The image shows a somewhat distorted representation of a","user
You are an expert radiologist.





<image>
What density is the abnormality?
model
Based on the image provided, the abnormality appears to be a **hypodense** lesion.

Here's why:

*   **Appearance:** The lesion appears darker (less dense) than the surrounding brain tissue. This is a characteristic sign of hypodensity.
*   **Contrast:** The lesion is",0.053826,0.052964,0.068260
3272,upper left lobe,"user
You are an expert radiologist.





<image>
Where is/are the abnormality located?
model
Based on the image provided, it is difficult to definitively determine the location of any abnormality. The image is a single, low-resolution slice, and without additional information about the imaging modality, the patient's clinical history, and the intended clinical question, it is impossible to provide a specific answer.

However, I","user
You are an expert radiologist.





<image>
Where is/are the abnormality located?
model
Based on the image provided, it is difficult to definitively identify any specific abnormalities. The image appears to be a highly processed representation of a brain scan, likely a diffusion-weighted imaging (DWI) or a similar technique. The lack of clear anatomical structures and the presence of noise make it challenging to discern any pathological features","user
You are an expert radiologist.





<image>
Where is/are the abnormality located?
model
Based on the image provided, it is difficult to definitively determine the location of any abnormality. The image appears to be a single axial slice of a brain MRI.

However, I can offer some general observations:

*   **The image shows a cross-sectional view of the brain.** The circular shape suggests it is",0.000000,0.000000,0.000000
3284,left,"user
You are an expert radiologist.





<image>
Where is/are the abnormality located?
model
Based on the image provided, it is difficult to definitively identify any abnormalities. The image appears to be a single slice of a brain MRI, and without additional slices or clinical context, it is impossible to determine if there are any issues.

To assess for abnormalities, I would need to see multiple slices of the brain,","user
You are an expert radiologist.





<image>
Where is/are the abnormality located?
model
Based on the image provided, it appears to be a representation of a brain scan. The image shows a circular structure with a central area that is darker than the surrounding areas. This could potentially represent a lesion or abnormality within the brain.

However, it's important to note that this is a highly simplified representation and","user
You are an expert radiologist.





<image>
Where is/are the abnormality located?
model
Based on the image provided, it appears to be a T2-weighted MRI of the brain.

The image shows a normal brain structure with the ventricles (fluid-filled spaces) appearing bright. There are no obvious abnormalities identified in this single slice.

To provide a more definitive answer, I would need to",0.000000,0.000000,0.000000
3289,left,"user
You are an expert radiologist.





<image>
Which hemisphere is abnormal,left or right?
model
Based on the image, the **left** hemisphere appears to be abnormal. The image shows a significant amount of signal in the left hemisphere, which is not typical.","user
You are an expert radiologist.





<image>
Which hemisphere is abnormal,left or right?
model
Based on the image, the left hemisphere appears to be abnormal. The structures within the left hemisphere are distorted and appear to be in a different orientation than the right hemisphere.","user
You are an expert radiologist.





<image>
Which hemisphere is abnormal,left or right?
model
Based on the image provided, the **left** hemisphere appears to be abnormal. The signal intensity is different from the right hemisphere.",0.000000,0.000000,0.000000
3291,yes,"user
You are an expert radiologist.





<image>
Is there a brain tumor?
model
Based on the image provided, it is difficult to definitively determine the presence of a brain tumor. The image is a single slice from a scan, and without additional information such as the patient's clinical history, the scan parameters (e.g., MRI sequence, slice thickness), and the surrounding slices, it is impossible","user
You are an expert radiologist.





<image>
Is there a brain tumor?
model
Based on the image provided, it is difficult to definitively determine the presence of a brain tumor. The image appears to be a highly processed or distorted representation of a brain scan.

Here's why it's hard to say:

*   **Lack of Contrast:** The image lacks the necessary contrast to clearly visualize","user
You are an expert radiologist.





<image>
Is there a brain tumor?
model
Based on the single image provided, it is impossible to definitively determine if a brain tumor is present. The image shows a cross-sectional view of the brain, likely from an MRI or CT scan. While the image shows the brain parenchyma, it is not sufficient to rule out a tumor.

To assess for a brain",0.000000,0.000000,0.000000
3292,2,"user
You are an expert radiologist.





<image>
How many kinds of abnormalities are there in this image?
model
Based on the image provided, there appears to be one primary abnormality.

The image shows a single, bright, circular structure with a central darker area. This could represent a foreign object, a cyst, or other similar entity.

Therefore, I would say there is **one** kind of abnormality present.","user
You are an expert radiologist.





<image>
How many kinds of abnormalities are there in this image?
model
Based on the image provided, it is difficult to definitively identify specific abnormalities. The image appears to be a highly processed or distorted representation of a brain scan. The lack of clear anatomical structures and the presence of noise and artifacts make it challenging to discern any abnormalities.

However, I can suggest some potential observations:

*","user
You are an expert radiologist.





<image>
How many kinds of abnormalities are there in this image?
model
Based on the image provided, I can identify one potential abnormality:

*   **Brain tissue abnormality:** The image shows a single, circular structure with a distinct border. This could represent a mass, cyst, or other abnormal tissue within the brain.

It's important to note that this is a preliminary assessment based",0.000000,0.000000,0.000000
3298,right temporal lobe,"user
You are an expert radiologist.





<image>
Where is the brain tumor?
model
Based on the image provided, it is difficult to definitively identify a brain tumor. The image quality is low, and the field of view is limited. However, I can offer some observations:

*   **No obvious mass:** There are no distinct, well-defined masses or lesions that would be typical of a brain","user
You are an expert radiologist.





<image>
Where is the brain tumor?
model
Based on the image provided, it is difficult to definitively identify a brain tumor. The image is a highly distorted and fragmented representation of a medical scan. It's not possible to discern any anatomical structures or abnormalities with certainty.

To accurately assess for a brain tumor, a proper medical image (such as an MRI or","user
You are an expert radiologist.





<image>
Where is the brain tumor?
model
Based on the image provided, it is difficult to definitively identify a brain tumor. The image is a single slice, and without additional information such as the patient's clinical history, the imaging modality used (MRI, CT, etc.), and the specific location of the scan within the brain, it is impossible to provide a",0.000000,0.000000,0.000000
3309,yes,"user
You are an expert radiologist.





<image>
Is the tumor enhancing?
model
Based on the image provided, it is difficult to definitively determine if the lesion is enhancing. The image is a single slice, and the contrast resolution is not sufficient to assess enhancement patterns.

To determine if the lesion is enhancing, I would need to see multiple slices from the same scan, ideally with contrast. I would","user
You are an expert radiologist.





<image>
Is the tumor enhancing?
model
Based on the image provided, it is difficult to determine if there is a tumor present, let alone if it is enhancing. The image appears to be a highly processed or distorted representation of a medical scan. The lack of clear anatomical structures and the presence of noise make it impossible to assess for enhancement patterns.

To determine","user
You are an expert radiologist.





<image>
Is the tumor enhancing?
model
Based on the image provided, it is difficult to definitively determine if the lesion is enhancing. The image is a single slice, and the contrast resolution is not ideal. However, I can make some observations:

*   **Appearance:** The lesion appears to be a well-defined, roundish structure.
*",0.000000,0.000000,0.000000
3318,3,"user
You are an expert radiologist.





<image>
How many kinds of abnormalities are there in this image?
model
Based on the image provided, I can identify at least two potential abnormalities:

1.  **Possible edema/fluid collection:** There appears to be a region of increased signal intensity, potentially indicating edema or a fluid collection. This could be due to various causes, such as injury, inflammation, or a mass effect.","user
You are an expert radiologist.





<image>
How many kinds of abnormalities are there in this image?
model
Based on the image, it is difficult to determine the exact number and nature of abnormalities. The image appears to be a highly processed or distorted representation of a brain scan.

However, I can identify some potential features that might be considered abnormalities, although without more context or comparison to a normal scan, it's impossible","user
You are an expert radiologist.





<image>
How many kinds of abnormalities are there in this image?
model
Based on the image provided, I can identify **one** potential abnormality.

The image appears to be a T2-weighted MRI, and there is a region of increased signal intensity in the left parietal lobe. This could represent a variety of possibilities, including:

*   **Lesion:** A mass, tumor",0.000000,0.000000,0.000000
3324,left,"user
You are an expert radiologist.





<image>
Which lobe is abnormal, left or right?
model
Based on the image provided, it is difficult to definitively determine which lobe is abnormal. The image appears to be a cross-sectional view of the brain, likely from an MRI or CT scan. The structures visible include the cerebral hemispheres, ventricles, and possibly some of the surrounding brain tissue.

However, without more","user
You are an expert radiologist.





<image>
Which lobe is abnormal, left or right?
model
Based on the image, the **left** lobe appears to be abnormal. The asymmetry and distortion of the tissue within the left hemisphere are indicative of a potential abnormality.","user
You are an expert radiologist.





<image>
Which lobe is abnormal, left or right?
model
Based on the image provided, the **left** lobe appears to be abnormal. The signal intensity is significantly different from the right lobe, suggesting a potential pathology in the left hemisphere.",0.000000,0.000000,0.000000
3327,2,"user
You are an expert radiologist.





<image>
How many kinds of abnormalities are there in this image?
model
Based on the image provided, I can identify one potential abnormality:

*   **Possible artifact:** The image appears to have a significant amount of noise and artifacts, which could be due to various factors such as motion artifact, poor image quality, or technical issues during acquisition.

It is difficult to definitively determine the nature","user
You are an expert radiologist.





<image>
How many kinds of abnormalities are there in this image?
model
Based on the image provided, it is difficult to definitively identify specific abnormalities without more information about the imaging modality, the patient's clinical history, and the intended purpose of the scan. However, I can offer some observations:

1.  **Lack of Clear Anatomical Structures:** The image appears to lack clear anatomical","user
You are an expert radiologist.





<image>
How many kinds of abnormalities are there in this image?
model
Based on the image provided, I can identify one potential abnormality:

*   **White Matter Lesions (WMLs):** The image shows a pattern of increased signal intensity in the white matter, which could represent WMLs. These are small areas of demyelination that can be associated with various conditions, including",0.000000,0.000000,0.000000
3336,light grey,"user
You are an expert radiologist.





<image>
What is the color of abnormality in this image?
model
Based on the image provided, it is difficult to definitively determine the color of any abnormality. The image appears to be a grayscale representation of a brain scan.

However, if there were a specific abnormality present, it would likely appear as a region of different grayscale intensity compared to the surrounding brain tissue. The color of this","user
You are an expert radiologist.





<image>
What is the color of abnormality in this image?
model
Based on the image, the abnormality appears to be a **white** color. This is likely due to the image being a T2-weighted MRI, where fluid appears bright white.","user
You are an expert radiologist.





<image>
What is the color of abnormality in this image?
model
Based on the image, the abnormality appears to be **bright white**. This is a common finding in certain types of brain lesions, such as:

*   **White matter lesions:** These can be caused by various conditions like multiple sclerosis, small vessel disease, or other inflammatory processes.
*   **Edema:**",0.000000,0.000000,0.000000
3337,1,"user
You are an expert radiologist.





<image>
How many kinds of abnormalities are there in this image?
model
Based on the image provided, I can see a single abnormality. It appears to be a **lesion** within the brain tissue.

It's difficult to provide a more specific diagnosis without additional information, such as the imaging modality (MRI, CT, etc.), the sequence used, and the clinical context. However","user
You are an expert radiologist.





<image>
How many kinds of abnormalities are there in this image?
model
Based on the image provided, it is difficult to definitively determine the number and specific nature of abnormalities. The image appears to be a highly processed or distorted representation of a brain scan.

However, I can offer some observations:

*   **Lack of Clear Anatomy:** The image lacks the typical anatomical structures of a brain","user
You are an expert radiologist.





<image>
How many kinds of abnormalities are there in this image?
model
Based on the image provided, I can identify at least one potential abnormality.

There appears to be a region of increased signal intensity in the right cerebral hemisphere. This could represent a variety of possibilities, including:

*   **Stroke:** An area of infarction (tissue death due to lack of blood supply).
*",0.000000,0.000000,0.000000
3343,right hemisphere,"user
You are an expert radiologist.





<image>
Where are the abnormalities in this image?
model
Based on the image provided, I can see a bright, circular structure in the center of the image. This could potentially represent a cyst, fluid collection, or other abnormal tissue. However, without additional information such as the patient's history, clinical context, and comparison to previous imaging, it is difficult to definitively determine","user
You are an expert radiologist.





<image>
Where are the abnormalities in this image?
model
Based on the image provided, it is difficult to definitively identify any specific abnormalities without additional clinical information and comparison to prior imaging. However, I can offer some observations:

*   **Overall Appearance:** The image appears to be a representation of a brain scan, likely an MRI or CT scan. The grayscale intensity variations suggest","user
You are an expert radiologist.





<image>
Where are the abnormalities in this image?
model
Based on the image provided, there appears to be a lesion in the brain. The lesion is located in the white matter, and it is bright.

It is difficult to determine the exact location and size of the lesion without more information, such as the patient's clinical history and other imaging studies. However, the",0.000000,0.000000,0.000000
3362,hypodense,"user
You are an expert radiologist.





<image>
Is the abnormality hyperdense or hypodense?
model
Based on the image provided, the abnormality appears to be **hypodense**.

Here's why:

*   **Appearance:** The area in the image appears darker (less dense) compared to the surrounding tissue. This is a characteristic sign of hypodensity.
*   **Context:** Without additional information","user
You are an expert radiologist.





<image>
Is the abnormality hyperdense or hypodense?
model
Based on the image provided, it appears to be a T2-weighted MRI. In T2-weighted images, fluid appears bright (hyperintense), and fat appears dark (hypointense).

In this image, the structures that appear bright are likely cerebrospinal fluid (CSF) within the ventricles. The","user
You are an expert radiologist.





<image>
Is the abnormality hyperdense or hypodense?
model
Based on the image provided, the abnormality appears to be **hypodense**.

Here's why:

*   **Appearance:** The area of increased signal intensity (brighter appearance) compared to the surrounding brain tissue suggests hypodensity.
*   **Context:** In the context of brain imaging, hyp",0.000000,0.000000,0.000000
3363,one,"user
You are an expert radiologist.





<image>
How many kinds of abnormalities are there in this image?
model
Based on the image provided, there appears to be **one** primary abnormality.

The image shows a large, well-defined, hypointense (dark) lesion within the posterior aspect of the brain. This could represent a variety of things, including:

*   **Cerebral infarct:** A stroke.","user
You are an expert radiologist.





<image>
How many kinds of abnormalities are there in this image?
model
Based on the image provided, there appears to be one primary abnormality:

*   **Possible Cerebral Edema/Inflammation:** The image shows a significant amount of signal intensity variation, with areas of increased and decreased signal. This could be indicative of edema, inflammation, or other pathological processes within the brain tissue.","user
You are an expert radiologist.





<image>
How many kinds of abnormalities are there in this image?
model
Based on the image provided, I can identify at least one potential abnormality:

*   **White Matter Lesions (WMLs):** The image shows a bright, white area in the brain, which could represent a white matter lesion. WMLs are areas of demyelination, often associated with conditions like multiple",0.000000,0.000000,0.000000
3379,yes,"user
You are an expert radiologist.





<image>
Does the patient have brain tumor?
model
Based on the image provided, it is difficult to definitively determine if the patient has a brain tumor. The image is a single, low-resolution slice of a brain scan. It is not possible to assess the entire brain volume or to differentiate between various types of brain lesions.

However, I can offer some observations:","user
You are an expert radiologist.





<image>
Does the patient have brain tumor?
model
Based on the image provided, it is difficult to definitively determine if the patient has a brain tumor. The image appears to be a representation of a brain scan, likely an MRI or CT scan. However, without additional information such as the patient's clinical history, the specific imaging parameters used, and the presence of contrast","user
You are an expert radiologist.





<image>
Does the patient have brain tumor?
model
Based on the image provided, it is difficult to definitively determine if the patient has a brain tumor. The image shows a single slice of a brain scan, and without additional information such as the patient's clinical history, other imaging sequences, and the specific type of scan (e.g., MRI, CT), it",0.000000,0.000000,0.000000
3380,hyperdense,"user
You are an expert radiologist.





<image>
Is the abnormality hyperdense or hypodense?
model
Based on the image provided, it is difficult to definitively determine if the abnormality is hyperdense or hypodense. The image appears to be a very low-resolution, possibly a microscopic view.

However, I can make some observations:

*   **Appearance:** The image shows a few small, bright spots.","user
You are an expert radiologist.





<image>
Is the abnormality hyperdense or hypodense?
model
Based on the image provided, the abnormality appears to be **hypodense**. The dark areas within the brain structure suggest a lower density compared to the surrounding tissue.","user
You are an expert radiologist.





<image>
Is the abnormality hyperdense or hypodense?
model
Based on the image provided, the abnormality appears to be **hyperdense**. The bright, white appearance suggests increased density compared to surrounding tissues.",0.000000,0.000000,0.000000
3389,2,"user
You are an expert radiologist.





<image>
How many kinds of abnormalities are there in this image?
model
Based on the image provided, there appears to be **one** kind of abnormality.

The image shows a circular, somewhat blurry, and possibly slightly irregular shape. This could represent a variety of things, but without more information, it's difficult to pinpoint the exact nature of the abnormality. It could be a cyst","user
You are an expert radiologist.





<image>
How many kinds of abnormalities are there in this image?
model
Based on the image provided, there appears to be **one** primary abnormality.

The image shows a highly contrasted, somewhat distorted representation of a brain. The overall shape is suggestive of a brain, but the extreme contrast and lack of detail make it difficult to definitively identify specific structures or abnormalities.

However, the presence","user
You are an expert radiologist.





<image>
How many kinds of abnormalities are there in this image?
model
Based on the image provided, there appears to be **one** primary abnormality.

The image shows a large, circular, and somewhat diffuse area of increased signal intensity within the brain. This could represent a variety of conditions, including:

*   **Brain Tumor:** A mass lesion within the brain parenchyma.
*",0.000000,0.000000,0.000000
3403,left lobe,"user
You are an expert radiologist.





<image>
Where is/are the abnormality located?
model
Based on the image provided, it is difficult to definitively identify any specific abnormalities. The image appears to be a highly processed or distorted representation of a medical scan.

However, I can offer some general observations:

*   **Lack of Clear Structures:** The image lacks clear anatomical structures, making it difficult to assess for","user
You are an expert radiologist.





<image>
Where is/are the abnormality located?
model
Based on the image provided, there is a prominent circular structure with a central point and radiating lines. This could potentially represent a variety of things, but without more context, it's difficult to pinpoint a specific abnormality.

Here are some possibilities, depending on the context:

*   **Aneurysm:** A","user
You are an expert radiologist.





<image>
Where is/are the abnormality located?
model
Based on the image provided, it is difficult to definitively determine the location of any abnormality. The image appears to be a single, undifferentiated signal, lacking clear anatomical structures.

To provide a more accurate assessment, I would need more information, such as:

*   **The imaging modality used:** (e.",0.000000,0.000000,0.000000
3405,yes,"user
You are an expert radiologist.





<image>
Does the patient have brain tumor?
model
Based on the image provided, it is difficult to definitively determine if the patient has a brain tumor. The image is a single pixel, and without additional information such as the patient's history, clinical presentation, and other imaging modalities, it is impossible to make a diagnosis.

However, I can offer some general observations","user
You are an expert radiologist.





<image>
Does the patient have brain tumor?
model
Based on the image provided, it is difficult to definitively determine if the patient has a brain tumor. The image is a highly processed and distorted representation of a brain scan.

Here's why it's hard to say:

*   **Lack of Anatomical Detail:** The image lacks the clear anatomical structures that","user
You are an expert radiologist.





<image>
Does the patient have brain tumor?
model
Based on the image provided, it is difficult to definitively determine if the patient has a brain tumor. The image is a single slice of a brain scan, and without more information, such as the patient's clinical history, other imaging studies, and the specific type of scan (e.g., MRI, CT),",0.000000,0.000000,0.000000
3407,3,"user
You are an expert radiologist.





<image>
How many kinds of abnormalities are there in this image?
model
Based on the image provided, I can identify **one** potential abnormality.

The image shows a bright, circular area with a distinct border. This could represent a **foreign object** or a **mass** within the body. Further investigation is needed to determine the exact nature of this finding.","user
You are an expert radiologist.





<image>
How many kinds of abnormalities are there in this image?
model
Based on the image provided, I can identify one potential abnormality:

*   **Possible artifact:** The image appears to be a highly processed or distorted representation of a medical image. The lack of clear anatomical structures and the presence of a single, prominent circular shape could indicate a technical artifact or a result of image processing.","user
You are an expert radiologist.





<image>
How many kinds of abnormalities are there in this image?
model
Based on the image provided, I can identify one potential abnormality:

*   **Possible artifact:** The image appears to have a significant amount of noise and artifacts, which could be due to various factors such as poor image quality, motion artifact, or technical issues during the scan.

It is important to note that this",0.000000,0.000000,0.000000
3416,hyperdense,"user
You are an expert radiologist.





<image>
Is the abnormality hyperdense or hypodense?
model
Based on the image provided, it is difficult to definitively determine if the abnormality is hyperdense or hypodense without additional clinical information and comparison to normal anatomy. However, the image appears to show a bright area within a darker background. This could be consistent with a hyperdense lesion, but it could also be due to","user
You are an expert radiologist.





<image>
Is the abnormality hyperdense or hypodense?
model
Based on the image, the abnormality appears to be **hypodense**. The darker areas within the image suggest a lower density compared to the surrounding tissue.","user
You are an expert radiologist.





<image>
Is the abnormality hyperdense or hypodense?
model
Based on the image provided, the abnormality appears to be **hypodense**.

Here's why:

*   **Appearance:** The area in the image appears darker (less dense) compared to the surrounding brain tissue. This is a characteristic sign of hypodensity.
*   **Contrast:** The contrast",0.000000,0.000000,0.000000
3422,right frontal lobe,"user
You are an expert radiologist.





<image>
Where is the brain enhancing tumor?
model
Based on the image provided, it is difficult to definitively identify a brain enhancing tumor. The image is a single slice, and the contrast is very low, making it challenging to discern subtle abnormalities.

However, I can offer some observations:

*   **Shape:** The image shows a somewhat irregular shape, which could","user
You are an expert radiologist.





<image>
Where is the brain enhancing tumor?
model
Based on the image provided, it is difficult to definitively identify a brain enhancing tumor. The image appears to be a highly processed MRI scan, and the lack of clear anatomical structures and the presence of artifacts make it challenging to discern any potential lesions.

To accurately assess for a brain tumor, a radiologist would need to","user
You are an expert radiologist.





<image>
Where is the brain enhancing tumor?
model
Based on the image provided, it is difficult to definitively identify a brain enhancing tumor. The image is a single slice of a brain MRI, and without additional slices or a full series, it's impossible to assess the entire brain parenchyma for lesions.

However, I can offer some general observations:

*   **",0.000000,0.000000,0.000000
3425,white,"user
You are an expert radiologist.





<image>
What is the color of abnormality in this image?
model
Based on the image provided, the abnormality appears to be **white**.","user
You are an expert radiologist.





<image>
What is the color of abnormality in this image?
model
Based on the image, the abnormality appears to be **black**.","user
You are an expert radiologist.





<image>
What is the color of abnormality in this image?
model
Based on the image provided, it's difficult to definitively determine the color of an abnormality without more context. However, I can make some observations:

*   **The image appears to be a T2-weighted MRI.** In T2-weighted images, fluids (like cerebrospinal fluid) appear bright (hyperint",0.000000,0.000000,0.000000
3426,three,"user
You are an expert radiologist.





<image>
How many kinds of abnormalities are there in this image?
model
Based on the image provided, I can identify one potential abnormality:

*   **Possible artifact:** The image appears to have a significant artifact, possibly due to a technical issue during the scan. This could be a result of metal interference, motion artifact, or other factors.

It's important to note that without","user
You are an expert radiologist.





<image>
How many kinds of abnormalities are there in this image?
model
Based on the image provided, it is difficult to definitively determine the number and nature of abnormalities. The image appears to be a highly processed or distorted representation of a brain scan.

However, I can offer some observations:

*   **Lack of Clear Anatomy:** The image lacks the typical anatomical structures of the brain,","user
You are an expert radiologist.





<image>
How many kinds of abnormalities are there in this image?
model
Based on the image provided, I can identify **one** potential abnormality.

The image appears to be a T2-weighted MRI of the brain. There is a bright area in the center of the image, which could represent a lesion or edema.

However, it is difficult to determine the exact nature of the",0.000000,0.000000,0.000000
3432,upper left lobe,"user
You are an expert radiologist.





<image>
Where are the abnormalities in this image?
model
Based on the image provided, I cannot definitively identify any abnormalities. The image appears to be a very high-resolution, possibly microscopic, view of a structure. Without more context, such as the patient's history, clinical presentation, or the imaging modality used, it is impossible to determine if any findings are abnormal.","user
You are an expert radiologist.





<image>
Where are the abnormalities in this image?
model
Based on the image provided, there are no obvious abnormalities. The image appears to be a representation of a brain scan, and the structures are not clearly visible or distorted in a way that would suggest a pathology.

However, it's important to note that this is a very low-resolution image, and a proper","user
You are an expert radiologist.





<image>
Where are the abnormalities in this image?
model
Based on the image provided, it is difficult to definitively identify any abnormalities without more information about the patient's clinical history, the imaging protocol used, and the intended purpose of the scan. However, I can offer some general observations:

*   **Image Quality:** The image appears to be a single axial slice of",0.000000,0.000000,0.000000
3435,two,"user
You are an expert radiologist.





<image>
How many kinds of abnormalities are there in this image?
model
Based on the image provided, I can see a single, prominent linear structure. It is difficult to determine the exact nature of this structure without additional information, such as the patient's history, clinical context, and other imaging modalities. However, based on the appearance, it could potentially represent a number of things, including","user
You are an expert radiologist.





<image>
How many kinds of abnormalities are there in this image?
model
Based on the image provided, I can identify one potential abnormality:

*   **Possible artifact:** The image appears to be a highly processed or manipulated image. The lack of clear anatomical structures and the overall chaotic appearance suggest a possible artifact.

It's important to note that without additional clinical context or comparison to normal","user
You are an expert radiologist.





<image>
How many kinds of abnormalities are there in this image?
model
Based on the image provided, I can see a single abnormality. It appears to be a **mass or lesion** within the brain.

It's difficult to provide a more specific diagnosis without additional information such as the patient's history, clinical presentation, and other imaging sequences. However, the presence of a distinct",0.000000,0.000000,0.000000
3441,left,"user
You are an expert radiologist.





<image>
Which hemisphere is abnormal,left or right?
model
Based on the image, the abnormality appears to be in the **right** hemisphere.","user
You are an expert radiologist.





<image>
Which hemisphere is abnormal,left or right?
model
Based on the image, the abnormality appears to be in the **left** hemisphere.","user
You are an expert radiologist.





<image>
Which hemisphere is abnormal,left or right?
model
Based on the image, the abnormality appears to be in the **left** hemisphere.",0.000000,0.000000,0.000000
3443,question isare there abnormalities in the patients right brain lobe no,"user
You are an expert radiologist.





<image>
Is/Are there abnormalities in the patient's right brain lobe?
model
Based on the image provided, I cannot definitively determine if there are abnormalities in the patient's right brain lobe. The image is a single, low-resolution pixelated representation, making it impossible to assess the structure and function of the brain.

To assess for abnormalities, I would need a higher-resolution image,","user
You are an expert radiologist.





<image>
Is/Are there abnormalities in the patient's right brain lobe?
model
Based on the image provided, it is difficult to definitively determine if there are abnormalities in the patient's right brain lobe. The image is a highly processed, abstract representation of data, and it lacks the necessary anatomical detail to assess for specific lesions or structural changes.

However, I can offer some general observations:","user
You are an expert radiologist.





<image>
Is/Are there abnormalities in the patient's right brain lobe?
model
Based on the image provided, it is difficult to definitively determine if there are abnormalities in the patient's right brain lobe. The image is a single slice, and without additional information such as the patient's clinical history, the specific imaging modality used (e.g., MRI, CT), and the slice location,",0.116799,0.109876,0.116799
3444,yes the mri image shows an enhancing tumor,"user
You are an expert radiologist.





<image>
Is the tumor enhancing?
model
Based on the image provided, it is difficult to determine if there is a tumor present, let alone whether it is enhancing. The image is too low resolution and lacks sufficient contrast to assess for any potential tumor characteristics.

To determine if a tumor is present and enhancing, a higher resolution image with better contrast is required.","user
You are an expert radiologist.





<image>
Is the tumor enhancing?
model
Based on the image provided, it is difficult to determine if there is a tumor present, let alone whether it is enhancing. The image is a highly compressed, low-resolution representation of a medical image. It lacks the necessary anatomical context and contrast to assess for a tumor or its enhancement.

To determine if a tumor","user
You are an expert radiologist.





<image>
Is the tumor enhancing?
model
Based on the image provided, it is difficult to determine if the lesion is enhancing. The image is a single slice, and the contrast is low. It is not possible to assess the enhancement pattern without additional slices or information about the imaging protocol.

To determine if the lesion is enhancing, I would need to see the",0.000000,0.000000,0.000000
3450,left,"user
You are an expert radiologist.





<image>
Which lobe is abnormal,left or right?
model
Based on the image provided, it is difficult to definitively determine which lobe is abnormal. The image appears to be a single slice of a brain MRI, and without additional slices or clinical information, it's impossible to assess the entire brain structure.

However, I can make some observations:

*   **The image","user
You are an expert radiologist.





<image>
Which lobe is abnormal,left or right?
model
Based on the image, the abnormality appears to be in the **right** lobe. The image shows a distorted and abnormal pattern within the right cerebral hemisphere.","user
You are an expert radiologist.





<image>
Which lobe is abnormal,left or right?
model
Based on the image, the **left** lobe appears to be abnormal. The signal intensity is different from the right lobe.",0.000000,0.000000,0.000000
3453,2,"user
You are an expert radiologist.





<image>
How many kinds of abnormalities are there in this image?
model
Based on the image provided, I can see a single abnormality. It appears to be a **white matter lesion**.

It's difficult to provide a definitive diagnosis without more information, such as the patient's clinical history, the imaging sequence used, and the presence of other abnormalities. However, the appearance of a","user
You are an expert radiologist.





<image>
How many kinds of abnormalities are there in this image?
model
Based on the image provided, I can identify **one** primary abnormality:

*   **Abnormal Brain Structure:** The image shows a highly distorted and fragmented representation of a brain. The presence of a circular shape with internal structures that appear irregular and chaotic suggests a significant abnormality in the brain's normal anatomy.","user
You are an expert radiologist.





<image>
How many kinds of abnormalities are there in this image?
model
Based on the image provided, I can identify **one** kind of abnormality:

*   **Brain tissue abnormalities:** The image shows a brain scan, and there are some areas of altered signal intensity that could represent various abnormalities, such as lesions, edema, or other pathological processes.

It's important to note",0.000000,0.000000,0.000000
3459,lower left lobe,"user
You are an expert radiologist.





<image>
Where is/are the abnormality located?
model
Based on the image provided, it is difficult to definitively identify any specific abnormalities. The image appears to be a single slice from a brain scan, and the resolution is quite low, making it challenging to discern fine details.

However, I can offer some general observations:

*   **Overall Structure:** The image shows","user
You are an expert radiologist.





<image>
Where is/are the abnormality located?
model
Based on the image provided, it is difficult to definitively identify any specific abnormalities. The image appears to be a high-resolution MRI scan of a brain. However, without additional clinical information or comparison to prior imaging, it is impossible to determine if there are any abnormalities present.

To provide a more accurate assessment, I","user
You are an expert radiologist.





<image>
Where is/are the abnormality located?
model
Based on the image provided, I cannot definitively determine the location of any abnormalities. I am unable to see the image.",0.000000,0.000000,0.000000
3461,yes the mri scan shows brain edema indicating an abnormal condition in the brain,"user
You are an expert radiologist.





<image>
Does the brain look abnormal?
model
Based on the image provided, it is difficult to definitively determine if the brain is abnormal without more information, such as the imaging modality (MRI, CT, etc.), the sequence type (T1, T2, FLAIR, etc.), and the clinical context. However, I can make some general observations:

*","user
You are an expert radiologist.





<image>
Does the brain look abnormal?
model
Based on the image provided, it is difficult to definitively determine if the brain is abnormal without additional information such as the patient's clinical history, age, and other imaging modalities. However, I can offer some observations:

*   **Overall Appearance:** The image shows a complex pattern of gray and white matter, which","user
You are an expert radiologist.





<image>
Does the brain look abnormal?
model
Based on the single image provided, it is difficult to definitively determine if the brain is abnormal. However, I can offer some observations:

*   **Image Quality:** The image appears to be a T2-weighted MRI. The signal intensity differences between gray matter and white matter are visible, which is typical for this",0.000000,0.000000,0.000000
3462,1,"user
You are an expert radiologist.





<image>
How many kinds of abnormalities are there in this image?
model
Based on the image provided, I can see a brain scan. I am unable to determine the number of abnormalities present in the image. I need more information about the image, such as the type of scan (MRI, CT, etc.), the specific sequence used, and the clinical context.","user
You are an expert radiologist.





<image>
How many kinds of abnormalities are there in this image?
model
Based on the image provided, it is difficult to definitively identify specific abnormalities without more information or a higher resolution image. However, I can offer some observations:

*   **Overall Appearance:** The image appears to be a representation of a brain, likely from an MRI or other neuroimaging modality. The overall structure is recognizable","user
You are an expert radiologist.





<image>
How many kinds of abnormalities are there in this image?
model
Based on the image provided, I can identify one potential abnormality:

*   **White Matter Lesions (WMLs):** The image shows a T2-weighted MRI, which is commonly used to visualize WMLs. These lesions appear as bright areas in the white matter, representing areas of demyelination or",0.000000,0.000000,0.000000
3472,question where isare the abnormality located left,"user
You are an expert radiologist.





<image>
Where is/are the abnormality located?
model
Based on the image provided, it is difficult to definitively identify any specific abnormalities. The image appears to be a high-resolution MRI scan of the brain, likely a T2-weighted image.

However, I can offer some general observations:

*   **Brain Structures:** The image shows the typical structures of the","user
You are an expert radiologist.





<image>
Where is/are the abnormality located?
model
Based on the image provided, it is difficult to definitively identify any specific abnormalities. The image appears to be a highly processed or distorted representation of a brain scan. The lack of clear anatomical structures and the overall chaotic appearance make it challenging to pinpoint any specific lesions, masses, or other abnormalities.

To provide a more accurate","user
You are an expert radiologist.





<image>
Where is/are the abnormality located?
model
Based on the image provided, there appears to be a lesion located in the **posterior fossa**, specifically in the **cerebellum**. The lesion is bright (hyperintense) on this T2-weighted image, which is typical for fluid-filled structures like cysts or edema.

It is difficult to determine the exact",0.057572,0.049040,0.058591
3477,upper left lobe,"user
You are an expert radiologist.





<image>
Where is the brain non-enhancing tumor?
model
Based on the image provided, it is difficult to definitively identify a non-enhancing tumor without more information, such as the patient's history, clinical presentation, and contrast protocol. However, I can offer some observations:

*   **Image Quality:** The image appears to be a T1-weighted MRI, which","user
You are an expert radiologist.





<image>
Where is the brain non-enhancing tumor?
model
Based on the image provided, it is difficult to definitively identify a non-enhancing tumor. The image appears to be a highly processed representation of a brain scan, likely a T1-weighted MRI. The lack of contrast and the overall noise make it challenging to discern subtle lesions.

However, I can offer some general","user
You are an expert radiologist.





<image>
Where is the brain non-enhancing tumor?
model
Based on the image provided, it is difficult to definitively identify a non-enhancing tumor without more information, such as the patient's clinical history, the imaging protocol used (e.g., T1-weighted, T2-weighted, FLAIR), and the presence of contrast administration.

However, I can",0.000000,0.000000,0.000000
3486,right,"user
You are an expert radiologist.





<image>
Which hemisphere is abnormal,left or right?
model
Based on the image provided, the left hemisphere appears to be abnormal. The signal intensity is significantly different from the right hemisphere.","user
You are an expert radiologist.





<image>
Which hemisphere is abnormal,left or right?
model
Based on the image, the left hemisphere appears to be abnormal. The structures within the left hemisphere are more prominent and appear to have a different texture compared to the right hemisphere.","user
You are an expert radiologist.





<image>
Which hemisphere is abnormal,left or right?
model
Based on the image provided, the left hemisphere appears to be abnormal. The signal intensity is different from the right hemisphere.",0.000000,0.000000,0.000000
3488,yes the mri scan shows the brain looks abnormal,"user
You are an expert radiologist.





<image>
Does the brain look abnormal?
model
Based on the image provided, it is difficult to definitively determine if the brain is abnormal without more information. However, I can offer some observations:

*   **Image Quality:** The image appears to be a T2-weighted MRI. The signal intensity is relatively uniform, which is typical for this type of imaging.","user
You are an expert radiologist.





<image>
Does the brain look abnormal?
model
Based on the image provided, it is difficult to definitively determine if the brain is abnormal without additional clinical information and comparison to prior imaging. However, I can offer some observations:

*   **Overall Structure:** The image appears to show a brain with a recognizable gyral pattern, suggesting it is a normal brain structure.","user
You are an expert radiologist.





<image>
Does the brain look abnormal?
model
Based on the single image provided, the brain appears to be normal. The structures are well-defined, and there are no obvious signs of lesions, edema, or other abnormalities.

However, it's important to remember that a single image is insufficient for a definitive diagnosis. A full interpretation requires reviewing the entire series",0.000000,0.000000,0.000000
3489,no,"user
You are an expert radiologist.





<image>
Is the tumor enhancing?
model
Based on the image provided, it is difficult to determine if there is a tumor present, let alone if it is enhancing. The image is a single slice of a brain MRI, and the resolution is very low. It is not possible to assess for enhancement without a higher resolution image and a full series of slices.","user
You are an expert radiologist.





<image>
Is the tumor enhancing?
model
Based on the image provided, it is difficult to determine if there is a tumor present and whether it is enhancing. The image appears to be a high-resolution MRI scan of the brain.

Here's why it's hard to assess enhancement:

*   **Image Quality:** The image is very noisy and","user
You are an expert radiologist.





<image>
Is the tumor enhancing?
model
Based on the provided image, it is difficult to definitively determine if a tumor is present and whether it is enhancing. Here's why:

*   **Limited Information:** The image is a single slice of a brain MRI. To assess for tumors and enhancement, we need to see multiple slices in different planes (axial",0.000000,0.000000,0.000000
3495,right cerebral hemisphere,"user
You are an expert radiologist.





<image>
Where is/are the abnormality located?
model
Based on the image provided, it is difficult to definitively identify any specific abnormalities. The image appears to be a very low-resolution, possibly a digital artifact or a very low-quality image.

However, I can offer some general observations:

*   **Lack of Clear Structures:** The image lacks clear anatomical structures","user
You are an expert radiologist.





<image>
Where is/are the abnormality located?
model
Based on the image provided, there is a circular shape with a dark center and a lighter outer ring. This could be a representation of a **brain lesion** or a **mass**.

However, without further clinical information, it's impossible to determine the exact nature of the abnormality. Further imaging and clinical correlation are","user
You are an expert radiologist.





<image>
Where is/are the abnormality located?
model
Based on the image provided, there is a large, bright area in the center of the image. This could represent a large mass, cyst, or other abnormal collection of fluid.

However, without more information about the patient's history, clinical context, and other imaging modalities, it is impossible to definitively determine the",0.000000,0.000000,0.000000
3497,no,"user
You are an expert radiologist.





<image>
Is/Are there abnormalities in the patient's right brain lobe?
model
Based on the image provided, it is difficult to definitively determine if there are abnormalities in the patient's right brain lobe. The image is a single, low-resolution pixelated image, making it impossible to assess the structure and function of the brain.

To determine if there are abnormalities, a radiologist would need","user
You are an expert radiologist.





<image>
Is/Are there abnormalities in the patient's right brain lobe?
model
Based on the image provided, I cannot definitively determine if there are abnormalities in the patient's right brain lobe.

Here's why:

*   **Limited Information:** The image is a single, highly processed pixelated representation. It lacks the necessary anatomical context and spatial resolution to assess the right brain lobe.","user
You are an expert radiologist.





<image>
Is/Are there abnormalities in the patient's right brain lobe?
model
Based on the image provided, there are no obvious abnormalities in the right brain lobe. The image appears to show a cross-sectional view of the brain, and the right brain lobe is visible. There are no distinct masses, lesions, or other abnormalities that are immediately apparent.

However, it's important to note",0.000000,0.000000,0.000000
3504,right,"user
You are an expert radiologist.





<image>
Which hemisphere is abnormal,left or right?
model
Based on the image, the **left** hemisphere appears to be abnormal.","user
You are an expert radiologist.





<image>
Which hemisphere is abnormal,left or right?
model
Based on the image, the **left** hemisphere appears to be abnormal. The structures within the left hemisphere are distorted and appear to be displaced.","user
You are an expert radiologist.





<image>
Which hemisphere is abnormal,left or right?
model
Based on the image, the left hemisphere appears to be abnormal. The white matter appears to be more hyperintense (brighter) than the right hemisphere.",0.000000,0.000000,0.000000
3507,yes,"user
You are an expert radiologist.





<image>
Is the tumor enhancing?
model
Based on the image provided, it is difficult to determine if the tumor is enhancing. The image is a single slice of a brain MRI, and the contrast is not sufficient to assess for enhancement. To determine if a tumor is enhancing, a series of images (typically a T1-weighted, T2-weighted,","user
You are an expert radiologist.





<image>
Is the tumor enhancing?
model
Based on the image provided, it is difficult to definitively determine if a tumor is present and whether it is enhancing. The image is a highly compressed representation of a brain scan, and the resolution is insufficient to visualize subtle details like enhancement patterns.

To determine if a tumor is present and enhancing, a radiologist would need","user
You are an expert radiologist.





<image>
Is the tumor enhancing?
model
Based on the provided image, it is difficult to definitively determine if the lesion is enhancing. Here's why:

*   **Limited Image Quality:** The image is a single slice, and the resolution is not high enough to assess enhancement patterns clearly.
*   **Lack of Contrast:** The image lacks contrast,",0.000000,0.000000,0.000000
3513,right frontal lobe,"user
You are an expert radiologist.





<image>
Where is the brain non-enhancing tumor?
model
Based on the image provided, it is difficult to definitively identify a brain tumor, especially a non-enhancing one, with certainty. The image is a highly processed, likely artifactual, representation of a medical scan.

However, I can offer some observations:

*   **Lack of Clear Boundaries:** The image lacks","user
You are an expert radiologist.





<image>
Where is the brain non-enhancing tumor?
model
Based on the image, it appears to be a brain MRI with a non-enhancing tumor. The tumor is located in the **right parietal lobe**.

Here's why:

*   **Location:** The image shows a distinct area of increased signal intensity (bright) in the right parietal lobe.
*","user
You are an expert radiologist.





<image>
Where is the brain non-enhancing tumor?
model
Based on the image provided, the non-enhancing tumor appears to be located in the **right parietal lobe**.

It is difficult to provide a precise location without more information, such as the patient's age, clinical history, and other imaging sequences. However, the location is most likely in the right parietal lobe.",0.000000,0.000000,0.000000
3524,yes,"user
You are an expert radiologist.





<image>
Does the brain look abnormal?
model
Based on the image provided, it is difficult to definitively determine if the brain is abnormal without more information. However, I can offer some observations:

*   **Image Quality:** The image appears to be a T2-weighted MRI. The signal intensity is high, which is typical for T2-weighted images.","user
You are an expert radiologist.





<image>
Does the brain look abnormal?
model
Based on the image provided, it is difficult to definitively determine if the brain is abnormal without more information. However, I can offer some observations:

*   **Image Quality:** The image appears to be a high-resolution MRI scan of the brain.
*   **Overall Structure:** The image shows a recognizable brain","user
You are an expert radiologist.





<image>
Does the brain look abnormal?
model
Based on the image provided, there appears to be a lesion in the brain. The lesion is located in the white matter, and it is bright in this T2-weighted image.

It is difficult to determine the exact nature of the lesion without more information, such as the patient's clinical history, other imaging",0.000000,0.000000,0.000000
3525,right cerebral hemisphere,"user
You are an expert radiologist.





<image>
Where is/are the abnormality located?
model
Based on the image provided, it is difficult to definitively identify any specific abnormalities. The image appears to be a brain MRI, but the resolution is very low, and the signal intensity is not well-defined.

To provide a more accurate assessment, I would need a higher-resolution image with better contrast and signal characteristics","user
You are an expert radiologist.





<image>
Where is/are the abnormality located?
model
Based on the image provided, it is difficult to definitively identify any specific abnormalities. The image appears to be a highly compressed and processed representation of a brain scan. The lack of contrast and the overall noise make it challenging to discern any distinct structures or lesions.

To provide a more accurate assessment, I would need a higher","user
You are an expert radiologist.





<image>
Where is/are the abnormality located?
model
Based on the image provided, there appears to be a lesion located in the right temporal lobe. It is characterized by a bright signal intensity, which is typical of fluid-filled structures or areas of edema.

It is important to note that this is a single image and a full radiological report would require reviewing the entire series",0.000000,0.000000,0.000000
3538,right frontal lobe,"user
You are an expert radiologist.





<image>
Where is the brain tumor?
model
Based on the image provided, it is difficult to definitively identify a brain tumor. The image appears to be a single slice of a brain MRI, and the resolution is not high enough to clearly visualize small lesions or subtle abnormalities.

However, I can make some observations:

*   **The image shows a brain structure","user
You are an expert radiologist.





<image>
Where is the brain tumor?
model
Based on the image provided, it is difficult to definitively identify a brain tumor. The image appears to be a highly processed representation of a brain scan, possibly from a technique like MRI or CT.

However, I can offer some observations:

*   **Brain Structure:** The image shows a clear representation of the brain","user
You are an expert radiologist.





<image>
Where is the brain tumor?
model
Based on the image provided, it is difficult to definitively identify a brain tumor. The image appears to be a single slice of a brain MRI, and the contrast and resolution are not ideal for a detailed assessment.

However, I can offer some observations:

*   **The image shows a cross-sectional view of",0.000000,0.000000,0.000000
3541,hypodense,"user
You are an expert radiologist.





<image>
Is the abnormality hyperdense or hypodense?
model
Based on the image provided, the abnormality appears to be **hypodense**.

Here's why:

*   **Appearance:** The area in the center of the image appears darker (more black) than the surrounding brain tissue. This suggests a lower density of the tissue compared to the normal brain parenchyma.","user
You are an expert radiologist.





<image>
Is the abnormality hyperdense or hypodense?
model
Based on the image, the brain appears to be **hypodense**. The darker areas within the brain tissue suggest a lower density compared to normal brain tissue.","user
You are an expert radiologist.





<image>
Is the abnormality hyperdense or hypodense?
model
Based on the image provided, the abnormality appears to be **hypodense**.

Here's why:

*   **Appearance:** The area in the center of the image appears darker (more black) than the surrounding brain tissue. This is a characteristic sign of hypodensity.
*   **Contrast:**",0.000000,0.000000,0.000000
3555,right frontal lobe,"user
You are an expert radiologist.





<image>
Where are the abnormalities in this image?
model
Based on the image provided, I can see a few potential areas of interest. However, without more information about the context of the image (e.g., what it's supposed to represent, what the patient's history is), it's difficult to definitively say what these are.

Here are some observations","user
You are an expert radiologist.





<image>
Where are the abnormalities in this image?
model
Based on the image provided, I can't definitively identify any specific abnormalities. The image appears to be a highly processed or distorted representation of a medical image. It's difficult to discern any anatomical structures or features that would be relevant for a radiologist to assess.

To provide a proper interpretation, I would need","user
You are an expert radiologist.





<image>
Where are the abnormalities in this image?
model
Based on the image provided, there are no obvious abnormalities. The image appears to be a circular shape with a bright white center and a darker outer ring. This could be a representation of a simple geometric shape or a representation of a specific medical image.

Without more context, it's difficult to determine the exact nature",0.000000,0.000000,0.000000
3563,right,"user
You are an expert radiologist.





<image>
Which hemisphere is abnormal,left or right?
model
Based on the image, the left hemisphere appears to be abnormal. The image shows a large, white, and somewhat irregular mass in the left hemisphere.","user
You are an expert radiologist.





<image>
Which hemisphere is abnormal,left or right?
model
Based on the image, the **left** hemisphere appears to be abnormal. The signal intensity and overall appearance of the left hemisphere are different from the right hemisphere.","user
You are an expert radiologist.





<image>
Which hemisphere is abnormal,left or right?
model
Based on the image, the left hemisphere appears to be abnormal. The image shows a large, white area in the left side of the brain, which is not typical for normal brain tissue. This could be due to a variety of factors, such as a stroke, tumor, or other lesion.",0.000000,0.000000,0.000000
3565,yes,"user
You are an expert radiologist.





<image>
Does the brain look abnormal?
model
Based on the image provided, it is difficult to definitively determine if the brain is abnormal without more information. However, I can offer some observations:

*   **Image Quality:** The image appears to be a single slice of a brain scan, likely from an MRI or CT. The resolution and contrast are not ideal,","user
You are an expert radiologist.





<image>
Does the brain look abnormal?
model
Based on the image provided, it is difficult to definitively determine if the brain is abnormal without more information. However, I can offer some observations:

*   **Image Quality:** The image appears to be a single slice from a brain scan, likely an MRI or CT scan. The resolution and contrast are not ideal,","user
You are an expert radiologist.





<image>
Does the brain look abnormal?
model
Based on the provided image, it is difficult to definitively determine if the brain is abnormal. The image is a grayscale representation, and without additional information such as the patient's clinical history, age, and other imaging modalities, it is impossible to make a conclusive diagnosis.

However, I can offer some general observations:",0.000000,0.000000,0.000000
3574,yes,"user
You are an expert radiologist.





<image>
Is/Are there abnormalities in the patient's right brain lobe?
model
Based on the image provided, it is difficult to definitively determine if there are abnormalities in the patient's right brain lobe. The image is a single pixel, and without additional information such as the patient's clinical history, the imaging modality used, and the specific region of interest, it is impossible to make a diagnosis","user
You are an expert radiologist.





<image>
Is/Are there abnormalities in the patient's right brain lobe?
model
Based on the image provided, it is difficult to definitively determine if there are abnormalities in the right brain lobe. The image appears to be a highly processed representation of a brain scan, and without additional clinical information or comparison to a normal scan, it is impossible to make a conclusive diagnosis.

However, I can offer some","user
You are an expert radiologist.





<image>
Is/Are there abnormalities in the patient's right brain lobe?
model
Based on the image provided, there are no obvious abnormalities in the right brain lobe. The image appears to show a cross-sectional view of the brain, and the structures within the right brain lobe appear relatively normal.

However, it's important to note that this is a single image and a full assessment would require",0.000000,0.000000,0.000000
3581,right frontal lobe,"user
You are an expert radiologist.





<image>
Which lobe is abnormal?
model
Based on the image provided, it is difficult to definitively identify a specific lobe as abnormal without more information. However, I can make some observations:

*   **Overall Appearance:** The image appears to be a representation of a brain, likely from an MRI or CT scan. The overall structure of the brain is visible,","user
You are an expert radiologist.





<image>
Which lobe is abnormal?
model
Based on the image, the **left cerebral hemisphere** appears to be abnormal. The signal intensity is significantly different from the right hemisphere, suggesting a potential lesion or abnormality in that region.","user
You are an expert radiologist.





<image>
Which lobe is abnormal?
model
Based on the image provided, the **right frontal lobe** appears to be abnormal. The signal intensity is significantly different from the left frontal lobe, suggesting a potential lesion or abnormality in that region.

It's important to note that this is a preliminary assessment based on a single image. A full interpretation would require reviewing",0.000000,0.000000,0.000000
3584,hypodense,"user
You are an expert radiologist.





<image>
Is the brain non-enhancing tumor hyperdense or hypodense?
model
Based on the image provided, it is difficult to definitively determine whether the brain tissue is hyperdense or hypodense. The image appears to be a high-resolution MRI scan, and the signal intensity is not clearly defined.

However, based on the appearance of the image, it is likely that the brain tissue is","user
You are an expert radiologist.





<image>
Is the brain non-enhancing tumor hyperdense or hypodense?
model
Based on the image provided, the brain appears to be **hypodense**.

Here's why:

*   **Appearance:** The image shows a relatively dark (low signal intensity) area within the brain tissue. This is characteristic of hypodense lesions.
*   **Contrast:** The image is likely","user
You are an expert radiologist.





<image>
Is the brain non-enhancing tumor hyperdense or hypodense?
model
Based on the image provided, the brain appears to be **hypodense**.

Here's why:

*   **Appearance:** The image shows a region of decreased signal intensity compared to the surrounding brain tissue. This is characteristic of hypodense lesions.
*   **Contrast Enhancement:** The question specifically asks",0.000000,0.000000,0.000000
3585,3,"user
You are an expert radiologist.





<image>
How many kinds of abnormalities are there in this image?
model
Based on the image provided, I can see a brain scan. There is a single abnormality present. It appears to be a lesion or area of abnormal signal intensity within the brain tissue.

It is difficult to determine the exact nature of the abnormality without more information, such as the patient's clinical history, the imaging","user
You are an expert radiologist.





<image>
How many kinds of abnormalities are there in this image?
model
Based on the image provided, I can see a few potential abnormalities. However, it's difficult to provide a definitive diagnosis without more information, such as the patient's clinical history, the imaging protocol used, and the presence of other images.

Here are some potential abnormalities that could be present:

1.","user
You are an expert radiologist.





<image>
How many kinds of abnormalities are there in this image?
model
Based on the image provided, I can identify at least one potential abnormality.

There appears to be a region of increased signal intensity in the right frontal lobe. This could represent a variety of conditions, including:

*   **Tumor:** A mass of abnormal cells.
*   **Infarction:** An",0.000000,0.000000,0.000000
3591,right,"user
You are an expert radiologist.





<image>
Which lobe is abnormal,left or right?
model
Based on the image provided, it is difficult to determine which lobe is abnormal. The image appears to be a very low-resolution, possibly a digital artifact or a very low-quality image. It is not possible to differentiate between the left and right lobes of the brain with this image.","user
You are an expert radiologist.





<image>
Which lobe is abnormal,left or right?
model
Based on the image, it is difficult to determine which lobe is abnormal. The image appears to be a highly processed or distorted representation of a medical image. The lack of clear anatomical structures and the presence of noise and artifacts make it impossible to identify any specific abnormalities.

To determine if a lobe is abnormal, I would","user
You are an expert radiologist.





<image>
Which lobe is abnormal,left or right?
model
Based on the image, the abnormality appears to be in the **left lobe**.",0.000000,0.000000,0.000000
3593,yes,"user
You are an expert radiologist.





<image>
Does the brain look abnormal?
model
Based on the image provided, it is difficult to determine if the brain is abnormal. The image is a single pixel, and without additional information about the context (e.g., the patient's history, the imaging modality used, the clinical indication), it is impossible to make a definitive diagnosis.

However, I","user
You are an expert radiologist.





<image>
Does the brain look abnormal?
model
Based on the image provided, it is difficult to definitively determine if the brain appears abnormal. The image is a highly processed, likely digital representation of a brain scan. Without knowing the specific imaging modality (MRI, CT, etc.), the sequence of imaging, and the clinical context, it's impossible to make a conclusive","user
You are an expert radiologist.





<image>
Does the brain look abnormal?
model
Based on the image provided, it is difficult to definitively determine if the brain is abnormal without more information, such as the patient's clinical history, age, and other imaging sequences. However, I can offer some observations:

*   **Overall Appearance:** The image shows a cross-sectional view of the brain.",0.000000,0.000000,0.000000
3594,3,"user
You are an expert radiologist.





<image>
How many kinds of abnormalities are there in this image?
model
Based on the image provided, I can see a few potential abnormalities. However, without more information about the context of the image, it's difficult to definitively say what they are. Here are some possibilities:

1.  **Noise/Artifacts:** The image appears to have a lot of noise or artifacts.","user
You are an expert radiologist.





<image>
How many kinds of abnormalities are there in this image?
model
Based on the image provided, I can identify at least two potential abnormalities:

1.  **Possible artifact:** The image appears to have a significant amount of noise and a lack of clear anatomical structures. This could be due to a technical issue during image acquisition or processing.
2.  **Possible small lesion:**","user
You are an expert radiologist.





<image>
How many kinds of abnormalities are there in this image?
model
Based on the image provided, I can identify at least two potential abnormalities:

1.  **Multiple small, round, hypodense (dark) lesions scattered throughout the brain parenchyma.** These lesions are most likely representing small infarcts or microbleeds.

2.  **A larger, more prominent hypodense",0.000000,0.000000,0.000000
3603,gray,"user
You are an expert radiologist.





<image>
What is the color of abnormality in this image?
model
Based on the image provided, it is difficult to definitively determine the color of any abnormality. The image is a highly complex, high-resolution image, and without additional context or information about the imaging modality used (e.g., MRI, CT, X-ray), it's impossible to say what the abnormality might","user
You are an expert radiologist.





<image>
What is the color of abnormality in this image?
model
Based on the image, the color of abnormality appears to be **black**.","user
You are an expert radiologist.





<image>
What is the color of abnormality in this image?
model
Based on the image, the abnormality appears to be **white**.",0.000000,0.000000,0.000000
3609,lower right lobe,"user
You are an expert radiologist.





<image>
Where is the brain non-enhancing tumor?
model
Based on the image provided, it is difficult to definitively identify a brain tumor, especially a non-enhancing one, without more information. The image appears to be a highly processed or distorted representation of a medical scan.

However, I can offer some general observations:

*   **Lack of Clear Structures:** The image","user
You are an expert radiologist.





<image>
Where is the brain non-enhancing tumor?
model
Based on the image provided, it is difficult to definitively identify a brain non-enhancing tumor. The image appears to be a highly processed or distorted representation of a medical scan. The lack of clear anatomical structures and the presence of artifacts make it challenging to discern any potential lesions.

To accurately identify a brain non-enhancing","user
You are an expert radiologist.





<image>
Where is the brain non-enhancing tumor?
model
Based on the image provided, it is difficult to definitively identify a non-enhancing tumor. The image is a single slice, and without additional information such as the patient's history, clinical context, and other imaging sequences, it is impossible to determine the presence or location of a tumor.

However, I can offer",0.000000,0.000000,0.000000
3611,yes,"user
You are an expert radiologist.





<image>
Does the patient have brain tumor?
model
Based on the image provided, it is **impossible to determine if the patient has a brain tumor.**

Here's why:

*   **Image Quality:** The image is a single pixel, which is insufficient for any diagnostic interpretation. A radiologist needs a full image of the brain, ideally with contrast, to","user
You are an expert radiologist.





<image>
Does the patient have brain tumor?
model
Based on the image provided, it is **not possible to determine if the patient has a brain tumor.**

Here's why:

*   **Image Quality:** The image is a single pixel, which is insufficient for any diagnostic interpretation. A radiologist needs a full image, ideally with contrast, to assess for","user
You are an expert radiologist.





<image>
Does the patient have brain tumor?
model
Based on the image provided, it is difficult to definitively determine if the patient has a brain tumor. The image is a single slice of a brain MRI, and without additional slices or clinical information, it is impossible to make a conclusive diagnosis.

However, I can offer some observations:

*   **Image Quality:**",0.000000,0.000000,0.000000
3612,3,"user
You are an expert radiologist.





<image>
How many kinds of abnormalities are there in this image?
model
Based on the image provided, I can't definitively identify any specific abnormalities. The image appears to be a random collection of pixels, and without additional context or information about the imaging modality, it's impossible to determine if there are any abnormalities present.

To determine if there are abnormalities, I would need more information","user
You are an expert radiologist.





<image>
How many kinds of abnormalities are there in this image?
model
Based on the image provided, I can see a few potential abnormalities, although it's difficult to definitively diagnose without more information. Here's a breakdown:

1.  **Possible artifacts:** The image appears to have a lot of noise and artifacts. This could be due to various factors during image acquisition, such","user
You are an expert radiologist.





<image>
How many kinds of abnormalities are there in this image?
model
Based on the image provided, I can see a single, circular structure. It's difficult to definitively say what this represents without more information about the context (e.g., what the image is supposed to be of, what the patient's history is). However, I can identify one potential abnormality:

1",0.000000,0.000000,0.000000
3618,right frontal lobe,"user
You are an expert radiologist.





<image>
Where is the brain tumor?
model
Based on the image provided, it is difficult to definitively identify a brain tumor. The image is a very low-resolution, high-frequency representation, and it lacks the necessary anatomical detail to visualize the brain parenchyma and identify any potential lesions.

To accurately assess for a brain tumor, a higher-resolution image is required","user
You are an expert radiologist.





<image>
Where is the brain tumor?
model
Based on the image provided, it is difficult to definitively identify a brain tumor. The image appears to be a highly processed, abstract representation of data, likely from a medical imaging modality like MRI or CT.

Here's why it's hard to pinpoint a tumor:

*   **Lack of Anatomical Detail","user
You are an expert radiologist.





<image>
Where is the brain tumor?
model
Based on the image provided, it is difficult to definitively identify a brain tumor. The image appears to be a single slice of a brain scan, and without additional slices or clinical context, it is impossible to determine the presence or location of a tumor.

To accurately assess for a brain tumor, a radiologist would need",0.000000,0.000000,0.000000
3628,yes,"user
You are an expert radiologist.





<image>
Is/Are there abnormalities in the patient's left brain lobe?
model
Based on the provided image, it is difficult to definitively determine if there are abnormalities in the left brain lobe. The image appears to be a single slice of a brain MRI, and without additional slices or clinical context, it is impossible to assess the entire brain for abnormalities.

However, I can offer some general observations:","user
You are an expert radiologist.





<image>
Is/Are there abnormalities in the patient's left brain lobe?
model
Based on the image provided, it is difficult to definitively determine if there are abnormalities in the left brain lobe. The image is a single slice of a brain MRI, and without additional slices or clinical context, it is impossible to assess the entire brain structure and identify subtle abnormalities.

However, I can make some general observations","user
You are an expert radiologist.





<image>
Is/Are there abnormalities in the patient's left brain lobe?
model
Based on the image provided, it is difficult to definitively determine if there are abnormalities in the left brain lobe without more information. However, I can offer some observations:

*   **Image Quality:** The image quality is not ideal. It is difficult to assess subtle changes in the brain tissue.
*   **Appearance",0.000000,0.000000,0.000000
3629,yes,"user
You are an expert radiologist.





<image>
Is the tumor enhancing?
model
Based on the provided image, it is difficult to definitively determine if a tumor is present and whether it is enhancing. The image appears to be a diffusion-weighted imaging (DWI) sequence, which is a type of MRI. In DWI, areas of restricted diffusion, such as tumors, appear bright (hyperintense","user
You are an expert radiologist.





<image>
Is the tumor enhancing?
model
Based on the image provided, it is difficult to definitively determine if the tumor is enhancing. The image appears to be a high-resolution MRI scan, and the contrast is very low. The signal intensity is not clearly defined, and there are many artifacts present.

To determine if the tumor is enhancing, I would need","user
You are an expert radiologist.





<image>
Is the tumor enhancing?
model
Based on the image provided, it is difficult to definitively determine if the tumor is enhancing. The image is a single slice, and the contrast resolution is not ideal.

However, I can make some observations:

*   **Appearance:** The lesion appears to be a bright area within the tissue.
*   **",0.000000,0.000000,0.000000
3659,yes,"user
You are an expert radiologist.





<image>
Does the brain look abnormal?
model
Based on the image provided, it is difficult to definitively determine if the brain is abnormal without more information. However, I can offer some observations:

*   **Image Quality:** The image appears to be a T2-weighted MRI, which is a common sequence for visualizing fluid-filled structures like the ventricles.","user
You are an expert radiologist.





<image>
Does the brain look abnormal?
model
Based on the image provided, it is difficult to definitively determine if the brain is abnormal without additional information, such as the patient's clinical history, age, and other imaging modalities. However, I can offer some observations:

*   **Overall Appearance:** The image shows a somewhat distorted representation of the brain's","user
You are an expert radiologist.





<image>
Does the brain look abnormal?
model
Based on the single image provided, it is difficult to definitively determine if the brain is abnormal. However, I can offer some observations:

*   **Image Quality:** The image appears to be a T2-weighted MRI. The signal intensity is typical for this sequence.
*   **Overall Appearance:** The brain",0.000000,0.000000,0.000000
3660,lower right specifically the right frontal lobe,"user
You are an expert radiologist.





<image>
Where is/are the abnormality located?
model
Based on the image provided, it is difficult to definitively identify any abnormalities. The image appears to be a single slice of a brain MRI, and the resolution is quite low.

However, I can make some general observations:

*   **Brain Structures:** The image shows the characteristic structures of the brain, including the","user
You are an expert radiologist.





<image>
Where is/are the abnormality located?
model
Based on the image provided, it is difficult to definitively identify any specific abnormalities. The image appears to be a highly processed representation of a brain scan, likely from a diffusion tensor imaging (DTI) or similar technique. The lack of clear anatomical structures and the presence of noise make it challenging to discern any pathological features.","user
You are an expert radiologist.





<image>
Where is/are the abnormality located?
model
Based on the image provided, there are no obvious abnormalities. The brain structures appear to be well-defined and the signal intensity is within normal limits.",0.000000,0.000000,0.000000
3665,lower right lobe,"user
You are an expert radiologist.





<image>
Where is the brain tumor located?
model
Based on the image provided, it is difficult to definitively determine the location of a brain tumor. The image is a single pixel, and without additional information or context, it is impossible to make a diagnosis.

To determine the location of a brain tumor, a radiologist would typically need to see a series of images,","user
You are an expert radiologist.





<image>
Where is the brain tumor located?
model
Based on the image provided, it is impossible to determine the location of a brain tumor. The image is a highly complex, abstract pattern of colors and shapes, and it does not contain any discernible anatomical structures, such as the brain or any other organs.

To identify a brain tumor, a radiologist would need a","user
You are an expert radiologist.





<image>
Where is the brain tumor located?
model
Based on the image provided, it is difficult to definitively determine the location of a brain tumor. The image is a single, grayscale representation, and without additional information such as the patient's age, medical history, and the imaging modality used (e.g., MRI, CT), it is impossible to provide a precise",0.000000,0.000000,0.000000
3677,white,"user
You are an expert radiologist.





<image>
What is the color of brain enhancing tumor in this image?
model
Based on the image provided, it is difficult to definitively determine the color of a brain enhancing tumor. The image is a grayscale representation, and the enhancement pattern is not clearly visible.

However, in a typical MRI image of a brain tumor, enhancing tumors would appear as brighter areas compared to the surrounding brain tissue. The","user
You are an expert radiologist.





<image>
What is the color of brain enhancing tumor in this image?
model
Based on the image provided, it is difficult to definitively determine the color of a brain enhancing tumor. The image appears to be a highly processed or manipulated representation of a medical scan. The lack of clear anatomical structures and the presence of artifacts make it impossible to identify a tumor with certainty.

However, if I were to","user
You are an expert radiologist.





<image>
What is the color of brain enhancing tumor in this image?
model
Based on the image provided, it is difficult to definitively determine the color of a brain enhancing tumor. The image is a grayscale representation, and the contrast is low, making it challenging to distinguish subtle color variations.

However, in a typical MRI or CT scan of a brain tumor, enhancing tumors often appear **bright white",0.000000,0.000000,0.000000
3683,question where is the brain enhancing tumor left lobe,"user
You are an expert radiologist.





<image>
Where is the brain enhancing tumor?
model
Based on the image provided, it is difficult to definitively identify a brain enhancing tumor. The image is a single, low-resolution slice of a brain scan, and the contrast is not optimal for detailed visualization.

However, I can offer some observations:

*   **General Appearance:** The image shows a relatively uniform","user
You are an expert radiologist.





<image>
Where is the brain enhancing tumor?
model
Based on the image provided, it is difficult to definitively identify a brain enhancing tumor. The image appears to be a highly complex, noisy pattern of colors and shapes. It is not a standard medical image, and without additional clinical information or a clear anatomical context, it is impossible to determine if any structures are present or if","user
You are an expert radiologist.





<image>
Where is the brain enhancing tumor?
model
Based on the image provided, it is difficult to definitively identify a brain enhancing tumor. The image is a single slice, and without additional information such as the patient's history, clinical presentation, and comparison to prior imaging, it is impossible to make a conclusive diagnosis.

However, I can offer some general observations:",0.072010,0.062683,0.068607
3686,white,"user
You are an expert radiologist.





<image>
What color does the brain enhancing tumor show in the picture?
model
Based on the image provided, the brain enhancing tumor appears **bright white**. This is because the tumor is actively taking up contrast agent, which is a characteristic of enhancing lesions.","user
You are an expert radiologist.





<image>
What color does the brain enhancing tumor show in the picture?
model
Based on the image, the brain enhancing tumor appears as a **bright, intensely colored area** within the brain tissue. The specific color is difficult to pinpoint with certainty due to the lack of contrast and the image's overall lack of detail. However, it is likely to be a **bright, intense color** such","user
You are an expert radiologist.





<image>
What color does the brain enhancing tumor show in the picture?
model
Based on the image provided, it's difficult to definitively determine the color of a brain enhancing tumor. The image is a grayscale representation, and the contrast is limited.

However, in a typical MRI with contrast enhancement, a brain tumor would appear as a brighter area than the surrounding brain tissue. The enhancement is due",0.000000,0.000000,0.000000
3692,question where isare the abnormality located upper right lobe,"user
You are an expert radiologist.





<image>
Where is/are the abnormality located?
model
Based on the image provided, there are no discernible anatomical structures or abnormalities that can be identified. The image appears to be a random collection of pixels, lacking any features that would suggest a pathological process.

Therefore, I cannot locate any abnormalities in this image.","user
You are an expert radiologist.





<image>
Where is/are the abnormality located?
model
Based on the image provided, there are no clear anatomical structures or abnormalities that can be identified. The image appears to be a random collection of pixels with no discernible features. Therefore, I cannot determine the location of any abnormality.","user
You are an expert radiologist.





<image>
Where is/are the abnormality located?
model
Based on the image provided, there is a single, well-defined, round, white lesion in the center of the image.

Without further clinical information, it is impossible to determine the exact location of the abnormality within the body. However, based on the appearance of the lesion, it could be a:

*",0.059647,0.065556,0.055636
3701,left,"user
You are an expert radiologist.





<image>
Which lobe is abnormal,left or right?
model
Based on the image provided, the **right lobe** appears to be abnormal. The image shows a significant area of increased density or signal intensity in the right lobe, which could indicate a lesion, mass, or other abnormality.

It's important to note that this is a preliminary assessment based on a single image.","user
You are an expert radiologist.





<image>
Which lobe is abnormal,left or right?
model
Based on the image, the abnormality appears to be in the **left** lobe. The image shows a significant area of increased density (whiteness) in the left hemisphere, which is not typical for normal brain tissue.","user
You are an expert radiologist.





<image>
Which lobe is abnormal,left or right?
model
Based on the image provided, the abnormality appears to be in the **left** lobe.",0.000000,0.000000,0.000000
3703,yes,"user
You are an expert radiologist.





<image>
Is the brain abnormal?
model
Based on the image provided, it is difficult to definitively determine if the brain is abnormal. The image is a single slice of a brain scan, and without additional information such as the patient's history, clinical presentation, and other imaging sequences, it is impossible to make a conclusive diagnosis.

However, I can offer","user
You are an expert radiologist.





<image>
Is the brain abnormal?
model
Based on the image provided, it is difficult to definitively determine if the brain is abnormal. The image appears to be a highly processed or distorted representation of a brain scan. The lack of clear anatomical structures and the presence of noise make it challenging to assess for any specific abnormalities.

To provide a more accurate assessment, I","user
You are an expert radiologist.





<image>
Is the brain abnormal?
model
Based on the image provided, it is difficult to definitively determine if the brain is abnormal without more information. However, I can offer some observations:

*   **Image Quality:** The image appears to be a single axial slice of a brain MRI. The resolution is relatively low, and the contrast is not optimal. This",0.000000,0.000000,0.000000
3704,hypodense,"user
You are an expert radiologist.





<image>
Is the brain non-enhancing tumor hyperdense or hypodense?
model
Based on the image provided, it is difficult to definitively determine whether the brain tissue is hyperdense or hypodense. The image appears to be a single slice of a brain scan, and the contrast between the different tissues is not very clear.

However, based on the appearance of the image, it is likely that","user
You are an expert radiologist.





<image>
Is the brain non-enhancing tumor hyperdense or hypodense?
model
Based on the image provided, it is difficult to definitively determine whether the brain tissue is hyperdense or hypodense. The image appears to be a highly processed representation of brain tissue, and the lack of contrast and clear anatomical structures makes it challenging to assess density.

However, based on the visual appearance, it is","user
You are an expert radiologist.





<image>
Is the brain non-enhancing tumor hyperdense or hypodense?
model
Based on the image provided, the brain appears to be non-enhancing. The image shows a relatively uniform signal intensity throughout the brain parenchyma, with no distinct areas of increased signal intensity that would suggest enhancement. Therefore, the brain appears to be **hypodense**.",0.000000,0.000000,0.000000
3705,3,"user
You are an expert radiologist.





<image>
How many kinds of abnormalities are there in this image?
model
Based on the image provided, I can identify **one** potential abnormality.

The image appears to show a cross-sectional view of the chest. There is a distinct, circular structure with a central dark area, which could represent a mass or a lesion within the lung tissue.

However, it's important to","user
You are an expert radiologist.





<image>
How many kinds of abnormalities are there in this image?
model
Based on the image provided, it is difficult to definitively determine the number and nature of abnormalities. The image appears to be a highly processed or distorted representation of a brain scan.

However, I can offer some observations:

*   **Possible Artifacts:** The image exhibits a high degree of noise and artifacts, which","user
You are an expert radiologist.





<image>
How many kinds of abnormalities are there in this image?
model
Based on the image provided, there appears to be **one** kind of abnormality.

The image shows a single, bright, circular structure. This could represent a variety of things, including:

*   **A cyst:** A fluid-filled sac within the brain.
*   **A tumor:** A mass",0.000000,0.000000,0.000000
3711,left lobe,"user
You are an expert radiologist.





<image>
Where is the brain non-enhancing tumor?
model
Based on the image provided, it is difficult to definitively identify a non-enhancing tumor without more information. However, I can offer some observations:

*   **Appearance:** The image shows a large, relatively homogeneous, and somewhat irregular mass. This appearance is suggestive of a possible tumor.
*   **Enhancement","user
You are an expert radiologist.





<image>
Where is the brain non-enhancing tumor?
model
Based on the image, it appears to be a T1-weighted MRI image of the brain. The image shows a large, non-enhancing mass in the right hemisphere. The mass appears to be located in the white matter.

It is important to note that this is a preliminary assessment based on a single image.","user
You are an expert radiologist.





<image>
Where is the brain non-enhancing tumor?
model
Based on the image provided, it is difficult to definitively identify a non-enhancing tumor without more information, such as the patient's clinical history, the imaging protocol used, and comparison to prior scans. However, I can offer some observations:

*   **Appearance:** The image shows a region of increased signal intensity",0.000000,0.000000,0.000000
3714,white,"user
You are an expert radiologist.





<image>
What is the color of abnormality in this image?
model
Based on the image, the abnormality appears to be **white**.","user
You are an expert radiologist.





<image>
What is the color of abnormality in this image?
model
Based on the image, the abnormality appears to be **black**. This is likely due to a lack of signal in that region, which could be caused by a variety of factors such as:

*   **Edema:** Swelling in the brain tissue.
*   **Infarction:** Tissue death due to","user
You are an expert radiologist.





<image>
What is the color of abnormality in this image?
model
Based on the image provided, the abnormality appears to be **white**. This is a common finding in MRI scans, and could represent a variety of things depending on the context of the scan.",0.000000,0.000000,0.000000
3723,no,"user
You are an expert radiologist.





<image>
Does the brain look abnormal?
model
Based on the image provided, it is difficult to definitively determine if the brain is abnormal without more information, such as the patient's clinical history, the imaging modality used (e.g., MRI, CT), and the specific sequences acquired. However, I can offer some observations:

*   **Image Quality:**","user
You are an expert radiologist.





<image>
Does the brain look abnormal?
model
Based on the image provided, it is difficult to definitively determine if the brain is abnormal without more information. However, I can offer some observations:

*   **Image Quality:** The image appears to be a high-resolution MRI scan of the brain.
*   **Overall Appearance:** The image shows a brain with","user
You are an expert radiologist.





<image>
Does the brain look abnormal?
model
Based on the single image provided, it is difficult to definitively determine if the brain is abnormal. However, I can offer some observations:

*   **Image Quality:** The image appears to be a T2-weighted MRI. The signal intensity is relatively uniform, which is typical for this type of imaging.
*",0.000000,0.000000,0.000000
3729,lower left lobe,"user
You are an expert radiologist.





<image>
Where is the brain tumor?
model
Based on the image provided, it is difficult to definitively identify a brain tumor. The image is a single, low-resolution slice of a brain scan, and without additional information such as the patient's history, clinical context, and other imaging sequences, it is impossible to make a conclusive diagnosis.

However, I","user
You are an expert radiologist.





<image>
Where is the brain tumor?
model
Based on the image provided, it is difficult to definitively identify a brain tumor. The image appears to be a highly processed or distorted representation of a medical scan. The lack of clear anatomical structures and the presence of artifacts make it challenging to discern any potential abnormalities.

To accurately assess for a brain tumor, a standard medical","user
You are an expert radiologist.





<image>
Where is the brain tumor?
model
Based on the image provided, it is difficult to definitively identify a brain tumor. The image appears to be a single axial slice of a brain MRI. While there are some areas of increased signal intensity, it is not possible to determine if these represent a tumor without additional information such as the patient's clinical history, other",0.000000,0.000000,0.000000
3732,three,"user
You are an expert radiologist.





<image>
How many kinds of abnormalities are there in this image?
model
Based on the image provided, I can see a single, distinct, and relatively bright area. It's difficult to definitively determine the nature of this abnormality without more information, such as the imaging modality, patient history, and comparison to previous images. However, based on the visual appearance, it could potentially represent a number","user
You are an expert radiologist.





<image>
How many kinds of abnormalities are there in this image?
model
Based on the image provided, I can identify **one** type of abnormality:

*   **Possible artifact/noise:** The image appears to be a highly processed or corrupted image, with a lot of noise and a distorted appearance. This could be due to various factors, such as a faulty scanner, improper image acquisition","user
You are an expert radiologist.





<image>
How many kinds of abnormalities are there in this image?
model
Based on the image provided, I can identify at least two potential abnormalities:

1.  **White Matter Lesions:** There appear to be areas of increased signal intensity (appearing white) within the white matter of the brain. These could represent various conditions, including:
    *   **Small Vessel Disease:** This",0.000000,0.000000,0.000000
3738,lower left lobe,"user
You are an expert radiologist.





<image>
Where is the brain tumor located?
model
Based on the image provided, it is impossible to determine the location of a brain tumor. The image is a random collection of colors and does not contain any discernible anatomical structures, including the brain. A radiologist would need a proper medical image, such as an MRI or CT scan, to visualize the brain and identify any","user
You are an expert radiologist.





<image>
Where is the brain tumor located?
model
Based on the image provided, it is impossible to determine the location of a brain tumor. The image is a random collection of pixels with no discernible anatomical structures. A radiologist would need a proper medical image, such as an MRI or CT scan, to visualize the brain and identify any potential tumors.","user
You are an expert radiologist.





<image>
Where is the brain tumor located?
model
Based on the image provided, it is difficult to definitively determine the location of a brain tumor. The image is a single slice of a brain scan, and without additional slices or clinical information, it is impossible to pinpoint the exact location.

However, I can offer some general observations:

*   **The image appears",0.000000,0.000000,0.000000
3741,3,"user
You are an expert radiologist.





<image>
How many kinds of abnormalities are there in this image?
model
Based on the image provided, I can't definitively identify any specific abnormalities. The image appears to be a random collection of pixels, lacking any discernible anatomical structures or features that would suggest a pathological process.

Therefore, I can't provide a number of abnormalities.","user
You are an expert radiologist.





<image>
How many kinds of abnormalities are there in this image?
model
Based on the image provided, it is difficult to definitively identify specific abnormalities. The image appears to be a highly complex, high-resolution image with a lot of noise and data. It's possible that the image represents a complex medical scan, but without more context, it's impossible to say what the abnormalities might","user
You are an expert radiologist.





<image>
How many kinds of abnormalities are there in this image?
model
Based on the image provided, there appears to be one kind of abnormality. The image shows a single, bright, circular structure. This could represent a variety of things, but without more information, it's difficult to say for sure. It could be a cyst, a nodule, or some other type of lesion",0.000000,0.000000,0.000000
3747,right frontal lobe,"user
You are an expert radiologist.





<image>
Where is/are the abnormality located?
model
Based on the image provided, there appears to be a region of increased signal intensity within the brain, specifically in the area enclosed by the square. This could represent a variety of possibilities, including:

*   **Lesion:** A focal area of abnormal tissue, such as a tumor, infarct, or inflammatory process.","user
You are an expert radiologist.





<image>
Where is/are the abnormality located?
model
Based on the image, there appears to be a lesion located in the right frontal lobe. The lesion is characterized by a different signal intensity compared to the surrounding brain tissue.","user
You are an expert radiologist.





<image>
Where is/are the abnormality located?
model
Based on the image provided, there is a region of increased signal intensity within the white matter of the brain, specifically in the area demarcated by the square. This could represent a variety of conditions, including:

*   **Small Infarct:** A small area of tissue death due to lack of blood supply.",0.000000,0.000000,0.000000
3751,2,"user
You are an expert radiologist.





<image>
How many kinds of abnormalities are there in this image?
model
Based on the image provided, there appears to be **one** kind of abnormality.

The image shows a brain scan, and the highlighted region (the square) appears to be a lesion or area of abnormal signal intensity. This could be due to a variety of factors, such as:

*   **Tumor","user
You are an expert radiologist.





<image>
How many kinds of abnormalities are there in this image?
model
Based on the image, there appears to be **one** primary abnormality.

The image shows a brain scan with a distinct, well-defined, and relatively large area of increased signal intensity (hyperintensity) within the brain parenchyma. This could represent a variety of pathologies, including but not limited to:

*","user
You are an expert radiologist.





<image>
How many kinds of abnormalities are there in this image?
model
Based on the image provided, there appears to be **one** kind of abnormality.

The image shows a brain MRI. The abnormality is a **white square** in the center of the brain. This could represent a variety of things, such as a lesion, a mass, or a region of interest for further study",0.000000,0.000000,0.000000
3757,right frontal lobe right subcortical white matter,"user
You are an expert radiologist.





<image>
Where is/are the abnormality located?
model
Based on the image provided, there are no obvious abnormalities. The image appears to be a uniform, homogenous gray field. This could be due to a variety of factors, including:

*   **Normal tissue:** The image could represent normal tissue, such as fat or muscle, without any pathological changes.
*","user
You are an expert radiologist.





<image>
Where is/are the abnormality located?
model
Based on the image provided, there are no clear abnormalities that can be identified. The image appears to be a random collection of pixels with no discernible anatomical structures or patterns.

Therefore, I cannot locate any abnormalities in this image.","user
You are an expert radiologist.





<image>
Where is/are the abnormality located?
model
Based on the image provided, there is a circular shape with a central darker area and a lighter outer ring. This could be a variety of things, but without more information, it's difficult to pinpoint the exact abnormality. Some possibilities include:

*   **A cyst:** A fluid-filled sac within the body",0.000000,0.000000,0.000000
3769,white,"user
You are an expert radiologist.





<image>
What is the color of brain enhancing tumor in this image?
model
Based on the image provided, the enhancing tumor appears to be **bright white** or **hyperintense** on the MRI. This is a common characteristic of enhancing tumors, as the contrast agent used in MRI highlights areas of increased blood flow and vascularity, which are often present in tumors.","user
You are an expert radiologist.





<image>
What is the color of brain enhancing tumor in this image?
model
Based on the image provided, it is difficult to definitively determine the color of a brain enhancing tumor. The image is a highly processed representation of a brain MRI, and the colors are likely artifacts of the image processing algorithm.

However, in a typical MRI, enhancing tumors would appear as bright (hyperintense) areas","user
You are an expert radiologist.





<image>
What is the color of brain enhancing tumor in this image?
model
Based on the image provided, it is difficult to definitively determine the color of a brain enhancing tumor. The image is a grayscale representation, and the enhancement pattern is not clearly visible.

However, in a typical MRI with contrast enhancement, a brain tumor would appear as a brighter area than the surrounding brain tissue. The color",0.000000,0.000000,0.000000
3777,yes,"user
You are an expert radiologist.





<image>
Is/Are there abnormalities in the patient's right brain lobe?
model
Based on the image provided, it is difficult to definitively determine if there are abnormalities in the right brain lobe. The image is a single slice of a brain MRI, and a comprehensive assessment requires reviewing multiple slices and considering the clinical context.

However, I can make some observations:

*   **Overall Appearance:** The","user
You are an expert radiologist.





<image>
Is/Are there abnormalities in the patient's right brain lobe?
model
Based on the image provided, it is difficult to definitively determine if there are abnormalities in the right brain lobe. The image is a highly compressed representation of a brain scan, and the resolution is insufficient to assess for subtle structural changes.

However, I can make some general observations:

*   **Overall Structure:** The","user
You are an expert radiologist.





<image>
Is/Are there abnormalities in the patient's right brain lobe?
model
Based on the image provided, it is difficult to definitively determine if there are abnormalities in the right brain lobe. The image appears to be a single slice from a brain scan, and without additional slices or clinical information, it is impossible to assess the entire brain for abnormalities.

However, I can make some general observations:",0.000000,0.000000,0.000000
3786,yes,"user
You are an expert radiologist.





<image>
Does the brain look abnormal?
model
Based on the image provided, it is difficult to definitively determine if the brain is abnormal without more information, such as the patient's clinical history, the imaging modality used (e.g., T1-weighted, T2-weighted, FLAIR), and the presence of contrast. However, I can offer some","user
You are an expert radiologist.





<image>
Does the brain look abnormal?
model
Based on the image provided, it is difficult to definitively determine if the brain is abnormal. The image appears to be a highly processed representation of a brain, likely from a medical imaging modality like MRI or CT.

Here's why it's hard to say:

*   **Lack of Contrast:** The image","user
You are an expert radiologist.





<image>
Does the brain look abnormal?
model
Based on the single image provided, it is difficult to definitively determine if the brain is abnormal. However, I can offer some observations:

*   **Image Quality:** The image appears to be a T2-weighted MRI. The signal intensity is relatively uniform, which is typical for this type of imaging.
*",0.000000,0.000000,0.000000
3787,lower left,"user
You are an expert radiologist.





<image>
Where is/are the abnormality located?
model
Based on the image provided, it is difficult to definitively identify any abnormalities. The image appears to be a single slice from a brain MRI, and the resolution is quite low.

However, I can make some general observations:

*   **Brain Structures:** The image shows the typical structures of the brain, including the","user
You are an expert radiologist.





<image>
Where is/are the abnormality located?
model
Based on the image provided, it is difficult to definitively identify any specific abnormalities. The image appears to be a highly processed representation of a brain, likely from a neuroimaging study.

Here's why it's hard to pinpoint abnormalities:

*   **Image Quality:** The image is a single slice, and","user
You are an expert radiologist.





<image>
Where is/are the abnormality located?
model
Based on the image provided, it appears to be a T2-weighted MRI of the brain. There are no obvious abnormalities visible in this single slice. However, it's important to note that a complete assessment requires reviewing the entire scan, including other sequences (T1-weighted, FLAIR, DWI) and",0.000000,0.000000,0.000000
3792,right,"user
You are an expert radiologist.





<image>
Which lobe is abnormal,left or right?
model
Based on the image provided, it is difficult to determine the specific location of any abnormality. The image appears to be a highly processed or distorted representation of a medical scan. It lacks the necessary anatomical landmarks and contrast to accurately identify any potential lesions or abnormalities.

To provide a definitive answer, I would need a clear,","user
You are an expert radiologist.





<image>
Which lobe is abnormal,left or right?
model
Based on the image provided, it is difficult to determine which lobe is abnormal. The image appears to be a highly processed or distorted representation of a circular shape. Without additional clinical information or a comparison to a normal image, it is impossible to make a definitive diagnosis.","user
You are an expert radiologist.





<image>
Which lobe is abnormal,left or right?
model
Based on the image provided, the abnormality appears to be in the **left** lobe.",0.000000,0.000000,0.000000
3794,yes,"user
You are an expert radiologist.





<image>
Is/Are there abnormalities in the patient's right brain lobe?
model
Based on the image provided, I cannot definitively determine if there are abnormalities in the patient's right brain lobe.

Here's why:

*   **Image Quality:** The image is a single pixel, which is insufficient for any meaningful interpretation. A radiologist needs a full image with proper contrast, resolution,","user
You are an expert radiologist.





<image>
Is/Are there abnormalities in the patient's right brain lobe?
model
Based on the image provided, I cannot definitively determine if there are abnormalities in the patient's right brain lobe. The image is a single, highly processed, and likely artifactual representation. It lacks the necessary anatomical context and contrast to assess for any potential abnormalities.

To assess for abnormalities, I would need:","user
You are an expert radiologist.





<image>
Is/Are there abnormalities in the patient's right brain lobe?
model
Based on the image provided, it is difficult to definitively determine if there are abnormalities in the right brain lobe. The image is a single slice of a brain scan, and without additional information such as the patient's clinical history, the type of scan (e.g., MRI, CT), and the specific region of",0.000000,0.000000,0.000000
3795,white,"user
You are an expert radiologist.





<image>
Is brain tumor white or gray relative to other tissues?
model
Based on the image provided, it is difficult to definitively determine if the image represents a brain tumor. However, the image appears to be a highly processed or distorted representation of a brain scan. The lack of clear anatomical structures and the overall appearance suggest that it is not a standard medical image.

If this were a real","user
You are an expert radiologist.





<image>
Is brain tumor white or gray relative to other tissues?
model
Based on the image provided, it's difficult to definitively determine if the central structure is a brain tumor. However, the image appears to show a circular shape with a darker central area and a lighter outer ring. This could be a variety of things, including a cyst, a lesion, or a normal anatomical structure.","user
You are an expert radiologist.





<image>
Is brain tumor white or gray relative to other tissues?
model
Based on the image provided, the brain tissue appears **white** relative to other tissues. This is because the brain tissue is primarily composed of gray matter, which is a lighter shade of gray compared to the surrounding structures.",0.000000,0.000000,0.000000
3801,upper right lobe,"user
You are an expert radiologist.





<image>
Where are the abnormalities in this image?
model
Based on the image provided, I cannot definitively identify any abnormalities. The image appears to be a highly processed or distorted representation of data. It lacks the necessary anatomical structures and contrast to allow for a proper radiological interpretation.

To determine if there are abnormalities, I would need a clear, high-quality image of the relevant","user
You are an expert radiologist.





<image>
Where are the abnormalities in this image?
model
Based on the image provided, there are no obvious abnormalities. The image appears to be a random collection of pixels with no discernible anatomical structures or patterns. It could be a result of a technical issue, a corrupted image, or a representation of noise.

Therefore, I cannot identify any abnormalities in this image.","user
You are an expert radiologist.





<image>
Where are the abnormalities in this image?
model
Based on the image provided, I can see a large, bright area within the brain. This could represent a variety of things, and without more information (like the patient's history, clinical context, and other imaging sequences), it's impossible to say definitively what it is. However, some possibilities include:",0.000000,0.000000,0.000000
3804,3,"user
You are an expert radiologist.





<image>
How many kinds of abnormalities are there in this image?
model
Based on the image provided, I can see a few potential abnormalities. However, it's difficult to provide a definitive diagnosis without more information and a proper clinical context.

Here are some observations:

*   **Possible artifact:** The image appears to have a lot of noise and artifacts, which could be due to","user
You are an expert radiologist.





<image>
How many kinds of abnormalities are there in this image?
model
Based on the image provided, it is difficult to definitively identify specific abnormalities. The image appears to be a highly processed or distorted representation of a medical scan. The lack of clear anatomical structures and the presence of noise and artifacts make it challenging to discern any potential abnormalities.

However, I can offer some general observations:","user
You are an expert radiologist.





<image>
How many kinds of abnormalities are there in this image?
model
Based on the image provided, I can see a single abnormality. It appears to be a **mass or lesion** within the brain.

It's difficult to provide a more specific diagnosis without additional information, such as the patient's clinical history, the imaging protocol used, and comparison to prior images. However,",0.000000,0.000000,0.000000
3812,yes,"user
You are an expert radiologist.





<image>
Is/Are there abnormalities in the patient's left brain lobe?
model
Based on the image provided, it is difficult to definitively determine if there are abnormalities in the left brain lobe. The image is a single slice, and a comprehensive assessment requires reviewing multiple slices and considering the clinical context.

However, I can offer some observations:

*   **Signal Intensity:** The signal intensity within the","user
You are an expert radiologist.





<image>
Is/Are there abnormalities in the patient's left brain lobe?
model
Based on the image provided, it is difficult to definitively determine if there are abnormalities in the left brain lobe. The image appears to be a highly processed representation of a brain scan, likely a T1-weighted MRI.

Here's why it's hard to say:

*   **Image Quality:** The","user
You are an expert radiologist.





<image>
Is/Are there abnormalities in the patient's left brain lobe?
model
Based on the provided image, it is difficult to definitively determine if there are abnormalities in the left brain lobe without more information. However, I can offer some observations:

*   **Image Quality:** The image appears to be a single axial slice of a brain MRI. The resolution and contrast are not ideal for a detailed",0.000000,0.000000,0.000000
3818,left,"user
You are an expert radiologist.





<image>
Which lobe is abnormal,left or right?
model
Based on the image, the **left** lobe appears to be abnormal. The signal intensity is different from the right lobe.","user
You are an expert radiologist.





<image>
Which lobe is abnormal,left or right?
model
Based on the image, the **left** lobe appears to be abnormal. The asymmetry in the gray matter and the overall distortion suggest a possible lesion or abnormality in the left hemisphere.","user
You are an expert radiologist.





<image>
Which lobe is abnormal,left or right?
model
Based on the image provided, the **left** lobe appears to be abnormal. The signal intensity is increased in the left hemisphere compared to the right.",0.000000,0.000000,0.000000
3820,yes the mri scan shows brain edema,"user
You are an expert radiologist.





<image>
Does the brain look abnormal?
model
Based on the image provided, it is difficult to definitively determine if the brain is abnormal without more information. However, I can offer some observations:

*   **Image Quality:** The image appears to be a T2-weighted MRI, which is a common sequence for visualizing brain tissue. The signal intensity is relatively uniform","user
You are an expert radiologist.





<image>
Does the brain look abnormal?
model
Based on the image provided, it is difficult to definitively determine if the brain is abnormal without more information. However, I can offer some observations:

*   **Image Quality:** The image appears to be a high-resolution MRI scan.
*   **Overall Structure:** The image shows a clear representation of the brain","user
You are an expert radiologist.





<image>
Does the brain look abnormal?
model
Based on the image provided, it is difficult to definitively determine if the brain is abnormal without more information. However, I can offer some observations:

*   **Image Quality:** The image appears to be a T2-weighted MRI. The signal intensity is relatively uniform, which is typical for this type of imaging.",0.000000,0.000000,0.000000
3821,1,"user
You are an expert radiologist.





<image>
How many kinds of abnormalities are there in this image?
model
Based on the image provided, it is difficult to definitively identify specific abnormalities without more information about the imaging modality, the patient's clinical history, and the intended purpose of the scan. However, I can offer some general observations:

1.  **Signal Intensity Variations:** There are variations in signal intensity within the brain","user
You are an expert radiologist.





<image>
How many kinds of abnormalities are there in this image?
model
Based on the image provided, I can identify **one** type of abnormality:

*   **Brain tissue abnormalities:** The image shows a distorted representation of brain tissue, with a lack of clear anatomical structures and a general lack of detail. This could be due to various factors, including:

    *   **Image","user
You are an expert radiologist.





<image>
How many kinds of abnormalities are there in this image?
model
Based on the image provided, I can see a single abnormality. It appears to be a **brain lesion**.

It is difficult to determine the exact nature of the lesion without more information, such as the patient's clinical history, other imaging sequences, and the specific imaging modality used. However, the presence of a",0.000000,0.000000,0.000000
3830,white,"user
You are an expert radiologist.





<image>
Is brain tumor white or gray relative to other tissues?
model
Based on the image provided, the structure appears to be a brain tumor. It is **white** relative to the surrounding brain tissue. This is because brain tumors are typically composed of cells that are denser than the normal brain tissue, which appears gray.","user
You are an expert radiologist.





<image>
Is brain tumor white or gray relative to other tissues?
model
Based on the image, the brain tissue appears to be **gray** relative to other tissues. The image shows a high contrast between the brain tissue and the surrounding structures, with the brain tissue appearing as a darker gray.","user
You are an expert radiologist.





<image>
Is brain tumor white or gray relative to other tissues?
model
Based on the image provided, the brain tissue appears **white** relative to other tissues. This is typical of T2-weighted MRI images, which are commonly used to visualize brain structures. The white appearance is due to the high water content of the brain tissue.",0.000000,0.000000,0.000000
3831,2,"user
You are an expert radiologist.





<image>
How many kinds of abnormalities are there in this image?
model
Based on the image provided, there appears to be **one** primary abnormality.

The image shows a circular structure with a central dark area and a lighter ring around it. This pattern is highly suggestive of a **cystic lesion**, possibly a cyst or a fluid-filled structure.

While it's difficult to definitively","user
You are an expert radiologist.





<image>
How many kinds of abnormalities are there in this image?
model
Based on the image provided, I can identify **one** primary abnormality:

*   **Brain Tissue Abnormalities:** The image shows a distorted representation of brain tissue. The lack of clear anatomical structures and the presence of a chaotic pattern suggest a potential abnormality.

It's important to note that this is a very","user
You are an expert radiologist.





<image>
How many kinds of abnormalities are there in this image?
model
Based on the image provided, I can see a single abnormality. It appears to be a **brain lesion**.

It's difficult to provide a more specific diagnosis without additional information, such as the patient's history, clinical presentation, and other imaging sequences. However, the presence of a lesion in the brain is",0.000000,0.000000,0.000000
3837,left lobe,"user
You are an expert radiologist.





<image>
Where is the brain tumor located?
model
Based on the image provided, it is difficult to definitively determine the location of a brain tumor. The image is a single slice of a brain MRI, and without additional slices or information about the patient's clinical history, it is impossible to pinpoint the exact location of any potential abnormality.

However, I can make some","user
You are an expert radiologist.





<image>
Where is the brain tumor located?
model
Based on the image provided, it is difficult to definitively determine the location of a brain tumor. The image appears to be a highly processed representation of a brain scan, and without additional information such as the imaging modality (MRI, CT, etc.), the sequence of imaging, and the clinical context, it is impossible to pinpoint","user
You are an expert radiologist.





<image>
Where is the brain tumor located?
model
Based on the image provided, it is difficult to definitively determine the location of a brain tumor. The image is a single axial slice of a brain MRI. To accurately localize a tumor, I would need to see multiple slices in different planes (axial, coronal, sagittal) and potentially contrast-enhanced images.

However,",0.000000,0.000000,0.000000
3840,hyperdense,"user
You are an expert radiologist.





<image>
What density is the abnormality?
model
Based on the image provided, it is difficult to determine the exact density of the abnormality. However, I can provide some observations:

*   **Appearance:** The image shows a circular structure with a relatively uniform density.
*   **Contrast:** The contrast within the structure appears to be relatively homogeneous.
*","user
You are an expert radiologist.





<image>
What density is the abnormality?
model
Based on the image provided, it is difficult to determine the exact density of the abnormality. However, the image appears to show a brain scan with a high degree of signal intensity, which could indicate a number of possibilities.

Without more information, such as the imaging modality (MRI, CT, etc.), the specific sequence","user
You are an expert radiologist.





<image>
What density is the abnormality?
model
Based on the image provided, the abnormality appears to be a **hypodense** lesion. This means it appears darker than the surrounding brain tissue. Hypodense lesions can be caused by a variety of factors, including:

*   **Ischemic stroke:** Reduced blood flow to the area.
*   **",0.000000,0.000000,0.000000
3846,question where isare the abnormality located left lobe,"user
You are an expert radiologist.





<image>
Where is/are the abnormality located?
model
Based on the image provided, it is difficult to definitively identify any abnormalities. The image appears to be a single slice from a brain MRI, and without additional slices or clinical context, it is impossible to determine if there are any lesions, masses, or other concerning findings.

To provide a more accurate assessment, I would","user
You are an expert radiologist.





<image>
Where is/are the abnormality located?
model
Based on the image provided, it is difficult to definitively identify any specific abnormalities. The image appears to be a representation of a brain scan, likely a diffusion-weighted imaging (DWI) or similar technique.

However, I can offer some general observations:

*   **Brain Structure:** The image shows a clear","user
You are an expert radiologist.





<image>
Where is/are the abnormality located?
model
Based on the image provided, there appears to be a lesion in the right cerebral hemisphere. The lesion is located in the white matter.",0.050538,0.057572,0.095985
3849,white,"user
You are an expert radiologist.





<image>
What is the color of abnormality in this image?
model
Based on the image provided, it is difficult to definitively determine the color of any abnormality. The image appears to be a grayscale representation of a brain scan.

To accurately assess for abnormalities, I would need a color image, a contrast-enhanced image, or a specific type of MRI sequence (e.g., T","user
You are an expert radiologist.





<image>
What is the color of abnormality in this image?
model
Based on the image, the abnormality appears to be **white**.","user
You are an expert radiologist.





<image>
What is the color of abnormality in this image?
model
Based on the image, the abnormality appears to be **white**. This is a common finding in MRI scans, and could represent a variety of conditions, such as edema, inflammation, or a lesion. Further information about the patient's history and clinical presentation would be needed to determine the exact cause.",0.000000,0.000000,0.000000
3855,right frontal lobe,"user
You are an expert radiologist.





<image>
Where is the brain non-enhancing tumor?
model
Based on the image provided, it is difficult to definitively identify a brain non-enhancing tumor. The image is a highly processed, likely post-contrast MRI, and the lack of contrast enhancement makes it challenging to differentiate between various structures and potential lesions.

However, I can offer some observations:

*   **Possible","user
You are an expert radiologist.





<image>
Where is the brain non-enhancing tumor?
model
Based on the image provided, it is difficult to definitively identify a non-enhancing tumor. The image appears to be a highly processed or distorted representation of brain tissue. The lack of clear anatomical structures and the presence of noise and artifacts make it challenging to discern any potential lesions.

To accurately identify a non-enhancing tumor","user
You are an expert radiologist.





<image>
Where is the brain non-enhancing tumor?
model
Based on the image provided, the non-enhancing tumor appears to be located in the **right parietal lobe**.

It is difficult to provide a definitive diagnosis without more information, such as the patient's clinical history, the type of imaging (MRI, CT, etc.), and the specific sequence used. However, the",0.000000,0.000000,0.000000
3857,yes,"user
You are an expert radiologist.





<image>
Does the patient have brain tumor?
model
Based on the image provided, it is **impossible to determine if the patient has a brain tumor.**

Here's why:

*   **Image Quality:** The image is a single pixel, which is insufficient for any diagnostic interpretation. A radiologist needs a full image, ideally with contrast, to assess for abnormalities","user
You are an expert radiologist.





<image>
Does the patient have brain tumor?
model
Based on the image provided, it is difficult to definitively determine if the patient has a brain tumor. The image appears to be a highly processed or distorted representation of brain tissue.

Here's why it's hard to say:

*   **Lack of anatomical detail:** The image lacks the clear anatomical structures (","user
You are an expert radiologist.





<image>
Does the patient have brain tumor?
model
Based on the provided image, it is difficult to definitively determine if the patient has a brain tumor. However, there is a bright area in the brain that could potentially be a tumor. Further evaluation is needed to confirm this.",0.000000,0.000000,0.000000
3858,3,"user
You are an expert radiologist.





<image>
How many kinds of abnormalities are there in this image?
model
Based on the image provided, I can identify **one** potential abnormality.

The image appears to show a distorted or abnormal structure, possibly a lesion or mass. The exact nature of the abnormality cannot be determined without more information, such as the patient's history, clinical context, and comparison to previous images. However","user
You are an expert radiologist.





<image>
How many kinds of abnormalities are there in this image?
model
Based on the image provided, it is difficult to definitively determine the number and nature of abnormalities. The image appears to be a highly processed or distorted representation of brain tissue.

However, I can offer some observations:

*   **Lack of Clear Anatomy:** The image lacks the typical anatomical structures of the brain, such","user
You are an expert radiologist.





<image>
How many kinds of abnormalities are there in this image?
model
Based on the image provided, there appears to be **one** distinct abnormality.

The image shows a bright, well-defined lesion in the brain. This could represent a variety of things, including:

*   **Tumor:** A mass of abnormal cells.
*   **Abscess:** A collection of",0.000000,0.000000,0.000000
3864,right,"user
You are an expert radiologist.





<image>
Which lobe is abnormal,left or right?
model
Based on the image provided, it is difficult to definitively determine which lobe is abnormal. The image appears to be a single, highly magnified view of a structure, and without additional context or comparison to normal anatomy, it's impossible to make a conclusive diagnosis.

However, I can offer some observations:

*","user
You are an expert radiologist.





<image>
Which lobe is abnormal,left or right?
model
Based on the image, the abnormality appears to be in the **left** lobe.","user
You are an expert radiologist.





<image>
Which lobe is abnormal,left or right?
model
Based on the image provided, the **left lobe** appears to be abnormal. The abnormal signal intensity is present in the left lobe.",0.000000,0.000000,0.000000
3867,3,"user
You are an expert radiologist.





<image>
How many kinds of abnormalities are there in this image?
model
Based on the image provided, there appears to be one primary abnormality.

The image shows a bright, circular object with a distinct, possibly slightly irregular, border. This could represent a foreign body, a cyst, or another type of lesion.

Without further information about the context of the image (e.g.,","user
You are an expert radiologist.





<image>
How many kinds of abnormalities are there in this image?
model
Based on the image, there appears to be one primary abnormality:

*   **A large, amorphous, and somewhat irregular mass or lesion.** The image shows a significant area of increased density or opacity, which could be due to various factors like fluid, hemorrhage, or a solid mass.

It's difficult to","user
You are an expert radiologist.





<image>
How many kinds of abnormalities are there in this image?
model
Based on the image provided, I can identify at least two potential abnormalities:

1.  **A large, bright area in the center of the image.** This could represent a large fluid collection, a mass, or another abnormal structure.
2.  **A smaller, less defined area of increased density** near",0.000000,0.000000,0.000000
3873,right frontal lobe,"user
You are an expert radiologist.





<image>
Where are the abnormalities in this image?
model
Based on the image provided, it is difficult to definitively identify any abnormalities without more information about the patient's clinical history and the specific imaging protocol used. However, I can offer some general observations:

*   **Image Quality:** The image appears to be a diffusion-weighted imaging (DWI) sequence. DWI","user
You are an expert radiologist.





<image>
Where are the abnormalities in this image?
model
Based on the image provided, it is difficult to definitively identify any specific abnormalities. The image appears to be a highly compressed or distorted representation of a brain scan, likely from a diffusion tensor imaging (DTI) or similar technique.

Here's why it's hard to assess:

*   **Lack of","user
You are an expert radiologist.





<image>
Where are the abnormalities in this image?
model
Based on the provided image, I can see a T2-weighted MRI of the brain. There are no obvious abnormalities visible in this single slice. However, it's important to note that a complete assessment requires reviewing the entire MRI series, including other sequences (T1-weighted, FLAIR, DWI, etc",0.000000,0.000000,0.000000
3889,left lobe,"user
You are an expert radiologist.





<image>
Where are the abnormalities in this image?
model
Based on the image provided, I can see a bright, circular structure with a clear border. This could potentially represent a cyst, a fluid-filled lesion, or a similar finding. However, without additional information about the patient's history, clinical context, and other imaging modalities, it is impossible to definitively determine the","user
You are an expert radiologist.





<image>
Where are the abnormalities in this image?
model
Based on the image provided, it is difficult to definitively identify any abnormalities. The image appears to be a highly processed or distorted representation of something, possibly a medical image. The lack of clear anatomical structures and the presence of noise and artifacts make it challenging to discern any specific abnormalities.

However, I can offer some general","user
You are an expert radiologist.





<image>
Where are the abnormalities in this image?
model
Based on the image provided, it is difficult to definitively identify any abnormalities without more information about the context of the image. However, I can offer some general observations:

*   **Image Quality:** The image appears to be a single slice from a medical imaging study, likely an MRI or CT scan. The resolution and",0.000000,0.000000,0.000000
3924,yes the mri image shows an abnormal brain,"user
You are an expert radiologist.





<image>
Does the brain look abnormal?
model
Based on the image provided, it is difficult to definitively determine if the brain is abnormal. The image is a single, low-resolution slice, and without additional information (such as the patient's history, clinical context, and other imaging modalities), it is impossible to make a conclusive diagnosis.

However, I can","user
You are an expert radiologist.





<image>
Does the brain look abnormal?
model
Based on the image provided, it is difficult to determine if the brain is abnormal. The image is a highly compressed and distorted representation of a brain scan. It lacks the necessary anatomical detail to assess for any abnormalities.

To determine if the brain is abnormal, a full, uncompressed image of the brain scan is required","user
You are an expert radiologist.





<image>
Does the brain look abnormal?
model
Based on the single image provided, it is difficult to definitively determine if the brain is abnormal. However, I can offer some observations:

*   **Image Quality:** The image appears to be a T2-weighted MRI. The signal intensity is relatively uniform, and there are no obvious gross abnormalities like large masses or",0.000000,0.000000,0.000000
3925,right frontal lobe,"user
You are an expert radiologist.





<image>
Where is/are the abnormality located?
model
Based on the image provided, it is difficult to definitively determine the location of any abnormality. The image is a single, highly compressed pixel, making it impossible to discern any anatomical structures or potential lesions.

To provide a more accurate assessment, I would need a higher-resolution image, a series of images, or clinical","user
You are an expert radiologist.





<image>
Where is/are the abnormality located?
model
Based on the image provided, it is difficult to definitively identify any specific abnormality. The image appears to be a highly processed or distorted representation of a structure, possibly a hand or a similar object. The lack of clear anatomical landmarks and the overall chaotic appearance make it challenging to pinpoint any specific area of concern.

However,","user
You are an expert radiologist.





<image>
Where is/are the abnormality located?
model
Based on the image provided, there is a **hypointense signal** in the **left kidney**. This could represent a variety of things, including:

*   **Cyst:** A fluid-filled sac.
*   **Hematoma:** A collection of blood.
*   **Tumor:** A",0.000000,0.000000,0.000000
4069,yes,"user
You are an expert radiologist.





<image>
Does the brain look abnormal?
model
Based on the image provided, it is difficult to determine if the brain appears abnormal. The image is a highly complex pattern of colors, and without additional information such as the patient's history, clinical context, or comparison to previous imaging, it is impossible to make a definitive diagnosis.

However, I can offer some","user
You are an expert radiologist.





<image>
Does the brain look abnormal?
model
Based on the image provided, it is difficult to determine if the brain appears abnormal. The image is a highly complex pattern of colors and shapes, and without clinical context or comparison to normal brain imaging, it's impossible to make a definitive diagnosis.

Here's why:

*   **Lack of anatomical detail","user
You are an expert radiologist.





<image>
Does the brain look abnormal?
model
Based on the provided image, it is difficult to definitively determine if the brain is abnormal. The image is a grayscale representation of a structure, and without additional information such as the patient's age, clinical history, and the imaging modality used, it is impossible to make a conclusive diagnosis.

However, I can offer",0.000000,0.000000,0.000000
4070,right temporal lobe,"user
You are an expert radiologist.





<image>
Where is/are the abnormality located?
model
Based on the image provided, there are no obvious abnormalities. The image appears to be a uniform, homogenous field of color with no distinct structures or features that would suggest a pathological process.

Therefore, I cannot identify any abnormalities in this image.","user
You are an expert radiologist.





<image>
Where is/are the abnormality located?
model
Based on the image provided, there are no clear abnormalities that can be identified. The image appears to be a random collection of pixels with no discernible anatomical structures or features. Therefore, I cannot locate any abnormalities.","user
You are an expert radiologist.





<image>
Where is/are the abnormality located?
model
Based on the image provided, it is difficult to definitively determine the location of any abnormality. The image is a grayscale representation of a body part, and without additional information such as the modality used (e.g., X-ray, CT, MRI), the specific anatomical region, and the clinical context, it is impossible",0.000000,0.000000,0.000000
4144,upper right right pca,"user
You are an expert radiologist.





<image>
Where is/are the abnormality located?
model
Based on the image provided, it is difficult to definitively identify any specific abnormalities. The image appears to be a high-resolution MRI scan, and the lack of contrast and the overall low signal intensity make it challenging to discern fine details.

However, I can offer some general observations:

*   **Signal Intensity:**","user
You are an expert radiologist.





<image>
Where is/are the abnormality located?
model
Based on the image, it's difficult to pinpoint a specific abnormality with certainty. The image appears to be a highly processed or distorted representation of something. It's possible that the image is:

*   **A representation of a medical image:** It could be a visualization of a scan (CT, MRI,","user
You are an expert radiologist.





<image>
Where is/are the abnormality located?
model
Based on the image provided, it is difficult to definitively determine the location of any abnormality without more information, such as the patient's clinical history, the imaging protocol used, and the presence of other images in the series. However, I can offer some observations:

*   **The image appears to be a T",0.000000,0.000000,0.000000
4392,lower left,"user
You are an expert radiologist.





<image>
Where is/are the abnormality located?
model
Based on the image provided, it is difficult to definitively identify any abnormalities. The image appears to be a high-resolution MRI scan of the brain, likely a T2-weighted image.

However, I can make some observations:

*   **Brain Structures:** The image shows the typical structures of the brain,","user
You are an expert radiologist.





<image>
Where is/are the abnormality located?
model
Based on the image provided, it is difficult to definitively identify any specific abnormalities. The image appears to be a high-resolution MRI scan of the brain, likely a T2-weighted image.

However, I can make some general observations:

*   **Brain Structures:** The image shows the characteristic structures of the","user
You are an expert radiologist.





<image>
Where is/are the abnormality located?
model
Based on the image provided, it is difficult to definitively determine the location of any abnormality without more information, such as the sequence type (T1, T2, FLAIR, etc.), the clinical context, and potentially other images. However, I can make some observations:

*   **The image appears to be",0.000000,0.000000,0.000000
4549,upper right within the right frontal lobe,"user
You are an expert radiologist.





<image>
Where is/are the abnormality located?
model
Based on the image provided, there is a single, well-defined, circular structure with a central dark area and a lighter outer ring. This could potentially represent a **foreign body** or a **calcified lesion**.

However, without further clinical information or comparison to prior imaging, it is impossible to definitively determine the","user
You are an expert radiologist.





<image>
Where is/are the abnormality located?
model
Based on the image, the abnormality appears to be a **fragment of a broken object**, possibly a piece of glass or plastic. It is located in the center of the image.","user
You are an expert radiologist.





<image>
Where is/are the abnormality located?
model
Based on the image provided, the abnormality appears to be located in the **right lung**. The image shows a large, dense, white area, which could represent a mass, consolidation, or other pathology.

It is important to note that this is a preliminary assessment based on a single image. Further evaluation with additional imaging",0.000000,0.000000,0.000000
4591,right frontal lobe,"user
You are an expert radiologist.





<image>
Where is/are the abnormality located?
model
Based on the image provided, there are no obvious abnormalities. The image appears to be a uniform, homogenous pattern of colors. It's difficult to discern any distinct structures or features that would suggest a pathological process.

Therefore, I cannot identify any specific location of abnormality.","user
You are an expert radiologist.





<image>
Where is/are the abnormality located?
model
Based on the image provided, there are no clear abnormalities visible. The image appears to be a random collection of pixels with no discernible anatomical structures or features. Therefore, I cannot identify any abnormalities.","user
You are an expert radiologist.





<image>
Where is/are the abnormality located?
model
Based on the image provided, it is difficult to definitively determine the location of any abnormality. The image is a single, undifferentiated gray square. To provide a more accurate assessment, I would need more information, such as:

*   **The patient's clinical history:** What symptoms are they experiencing? What is",0.000000,0.000000,0.000000
4637,center,"user
You are an expert radiologist.





<image>
Where is/are the abnormality located?
model
Based on the image provided, I cannot definitively identify any abnormalities. The image appears to be a cross-sectional view of the brain, likely from an MRI or CT scan. However, without additional information such as the patient's clinical history, the specific imaging parameters used, and comparison to prior studies, it is impossible","user
You are an expert radiologist.





<image>
Where is/are the abnormality located?
model
Based on the image provided, it appears to be a representation of a brain scan. The image shows a circular structure with a central dark area and a lighter outer ring. This pattern is consistent with a representation of the brain's gyri and sulci.

Without further clinical information or comparison to a normal brain scan","user
You are an expert radiologist.





<image>
Where is/are the abnormality located?
model
Based on the image provided, it is difficult to definitively determine the location of any abnormality without additional information such as the imaging modality (MRI, CT, etc.), the sequence used (T1, T2, FLAIR, etc.), and the clinical context. However, I can make some general observations:

*",0.000000,0.000000,0.000000
4657,lower middle,"user
You are an expert radiologist.





<image>
Where is/are the abnormality located?
model
Based on the image provided, it is difficult to definitively identify any specific abnormalities. The image appears to be a diffusion-weighted imaging (DWI) sequence, which is sensitive to areas of restricted diffusion, often seen in acute ischemic stroke. However, without a comparison to a prior study or clinical context, it is impossible","user
You are an expert radiologist.





<image>
Where is/are the abnormality located?
model
Based on the image provided, it is difficult to definitively identify any specific abnormalities. The image appears to be a highly processed or distorted representation of a brain scan. The lack of clear anatomical structures and the overall chaotic appearance make it challenging to discern any pathological findings.

However, I can offer some general observations:

*","user
You are an expert radiologist.





<image>
Where is/are the abnormality located?
model
Based on the image provided, it is difficult to definitively identify any abnormalities without more information, such as the patient's clinical history, the imaging protocol used, and comparison to prior studies. However, I can offer some observations:

*   **General Appearance:** The image appears to be a T2-weighted MRI",0.000000,0.000000,0.000000
4666,lower left,"user
You are an expert radiologist.





<image>
Where is/are the abnormality located?
model
Based on the image provided, it is difficult to definitively identify any abnormalities. The image appears to be a single slice of a brain MRI, and the resolution is quite low.

However, I can make some general observations:

*   **Brain Tissue:** The image shows a clear representation of brain tissue, which is","user
You are an expert radiologist.





<image>
Where is/are the abnormality located?
model
Based on the image provided, it appears to be a representation of a brain scan. The image shows a highly distorted and fragmented pattern, with a central area that appears to be a circular shape.

Without further clinical context or comparison to a normal brain scan, it's impossible to definitively determine if there's an","user
You are an expert radiologist.





<image>
Where is/are the abnormality located?
model
Based on the image provided, it is difficult to definitively determine the location of any abnormality without more information, such as the imaging sequence (e.g., T1, T2, FLAIR), the clinical history, and the patient's age. However, I can make some general observations:

*   **",0.000000,0.000000,0.000000
4682,yes,"user
You are an expert radiologist.





<image>
Does the brain look abnormal?
model
Based on the image provided, it is difficult to definitively determine if the brain is abnormal. The image is a single slice of a brain scan, and without additional information such as the scan type (MRI, CT, etc.), the slice location, and the patient's clinical history, it is impossible to make a conclusive","user
You are an expert radiologist.





<image>
Does the brain look abnormal?
model
Based on the image provided, it is difficult to definitively determine if the brain is abnormal. The image is a highly processed, likely digital representation of a brain scan. Without knowing the specific imaging modality (MRI, CT, etc.), the sequence of images, and the clinical context, it's impossible to make a conclusive","user
You are an expert radiologist.





<image>
Does the brain look abnormal?
model
Based on the single image provided, it is difficult to definitively determine if the brain is abnormal. The image is a single slice of a brain MRI, and without a full series of images, it's impossible to assess the overall structure and function.

However, I can make some general observations:

*   **",0.000000,0.000000,0.000000
4683,right temporal lobe,"user
You are an expert radiologist.





<image>
Where is/are the abnormality located?
model
Based on the image provided, it is difficult to definitively identify any specific abnormalities. The image appears to be a complex pattern of light and dark areas, potentially representing a medical imaging scan. Without additional context, such as the modality of the scan (e.g., MRI, CT, ultrasound), the clinical indication, and","user
You are an expert radiologist.





<image>
Where is/are the abnormality located?
model
Based on the image, it is difficult to definitively identify any specific abnormality. The image appears to be a highly processed or distorted representation of a potential image. The lack of clear anatomical structures and the presence of noise and artifacts make it challenging to discern any abnormalities.

However, I can offer some general observations:

*","user
You are an expert radiologist.





<image>
Where is/are the abnormality located?
model
Based on the image provided, it is difficult to definitively identify any abnormalities without more information about the patient's clinical history, the imaging modality used (MRI, CT, etc.), and the specific sequence. However, I can offer some general observations:

*   **The image appears to be a cross-sectional view",0.000000,0.000000,0.000000
4692,right cerebral ventricle,"user
You are an expert radiologist.





<image>
Where is/are the abnormality located?
model
Based on the image provided, there appears to be a **foreign object** located in the **right upper quadrant of the abdomen**. The object is a white, irregular shape, and its location is consistent with the typical position of the liver and gallbladder.

It is difficult to determine the exact nature of the object without additional","user
You are an expert radiologist.





<image>
Where is/are the abnormality located?
model
Based on the image, the abnormality appears to be located in the **left ventricle** of the heart. The image shows a significant area of increased density, which could represent a mass, thrombus, or other pathological process within the left ventricle.

It is important to note that this is a preliminary assessment based on a","user
You are an expert radiologist.





<image>
Where is/are the abnormality located?
model
Based on the image provided, the abnormality appears to be located in the **left ventricle** of the heart. It appears as a bright, rounded area within the left ventricle.

It is difficult to determine the exact nature of the abnormality without more information, such as the patient's clinical history, other imaging sequences,",0.000000,0.000000,0.000000
4706,yes,"user
You are an expert radiologist.





<image>
Does the brain look abnormal?
model
Based on the image provided, it is difficult to determine if the brain appears abnormal. The image is a highly processed, abstract representation of data, likely from a medical imaging modality like MRI or CT. Without knowing the specific imaging parameters, the patient's clinical history, and the intended purpose of the image, it'","user
You are an expert radiologist.





<image>
Does the brain look abnormal?
model
Based on the image provided, it is difficult to determine if the brain appears abnormal. The image is a highly compressed and distorted representation of a brain scan. It lacks the necessary anatomical detail to assess for any potential abnormalities.

To determine if the brain is abnormal, a full, uncompressed image of the brain scan is","user
You are an expert radiologist.





<image>
Does the brain look abnormal?
model
Based on the single image provided, it is difficult to definitively determine if the brain is abnormal. However, I can offer some observations:

*   **Image Quality:** The image appears to be a single slice from a brain scan. The resolution and contrast are not ideal for a detailed assessment.
*   **Appearance",0.000000,0.000000,0.000000
4707,upper left,"user
You are an expert radiologist.





<image>
Where is/are the abnormality located?
model
Based on the image provided, there is a single, prominent, bright white area in the center of the image. This could be a reflection, a foreign object, or a technical artifact.

Without further clinical context, it's impossible to definitively determine the cause of this bright area. However, it's important","user
You are an expert radiologist.





<image>
Where is/are the abnormality located?
model
Based on the image provided, it is difficult to definitively identify any specific abnormality. The image appears to be a highly processed or distorted representation of data. It lacks the necessary anatomical context and resolution to discern any potential pathology.

Therefore, I cannot provide a specific location for any abnormality.","user
You are an expert radiologist.





<image>
Where is/are the abnormality located?
model
Based on the image provided, there is a large, round, white area in the center of the image. This could represent a large cyst, a large mass, or a large fluid collection.

To provide a more definitive diagnosis, additional information is needed, such as:

*   **Patient history:** Any relevant",0.000000,0.000000,0.000000
4715,yes the mri scan shows brain edema,"user
You are an expert radiologist.





<image>
Does the brain look abnormal?
model
Based on the image provided, the brain appears to be a normal axial T1-weighted MRI. The ventricles are clearly visible, and the gray and white matter have their expected appearance. There are no obvious signs of lesions, edema, or other abnormalities.

Therefore, based on this single image, the brain does","user
You are an expert radiologist.





<image>
Does the brain look abnormal?
model
Based on the image provided, it is difficult to definitively determine if the brain is abnormal without more information. However, I can offer some observations:

*   **Overall Structure:** The image appears to show a brain structure, with what could be interpreted as the cerebral hemispheres and ventricles.
*   **Contrast and","user
You are an expert radiologist.





<image>
Does the brain look abnormal?
model
Based on the image provided, the brain appears to be within normal limits. The structures, including the ventricles, appear to be in their expected locations and with normal morphology. There are no obvious signs of lesions, edema, or other abnormalities.

However, it's important to remember that this is a single image",0.000000,0.000000,0.000000
4716,lower right frontal lobe,"user
You are an expert radiologist.





<image>
Where is/are the abnormality located?
model
Based on the image provided, it is difficult to definitively identify any abnormalities without more information about the imaging protocol, patient history, and clinical context. However, I can offer some general observations:

*   **Brain Anatomy:** The image appears to be a T2-weighted MRI of the brain. I can identify the","user
You are an expert radiologist.





<image>
Where is/are the abnormality located?
model
Based on the image provided, it appears to be a representation of a brain scan. The image shows a highly processed and somewhat distorted view of the brain.

Without further clinical context or information about the imaging modality used (e.g., MRI, CT), it's difficult to pinpoint a specific abnormality. However,","user
You are an expert radiologist.





<image>
Where is/are the abnormality located?
model
Based on the image provided, there is a **ventricle** that appears to be **enlarged**. This could be due to various reasons, including hydrocephalus, cerebral atrophy, or other conditions affecting cerebrospinal fluid dynamics.

To provide a more definitive diagnosis, additional information is needed, such as:

*",0.000000,0.000000,0.000000
4725,right pca,"user
You are an expert radiologist.





<image>
Where is/are the abnormality located?
model
Based on the image provided, it is difficult to definitively determine the location of any abnormality. The image appears to be a high-resolution scan, and without additional clinical information or context, it is impossible to pinpoint a specific area of concern.

To provide a more accurate assessment, I would need more information, such as","user
You are an expert radiologist.





<image>
Where is/are the abnormality located?
model
Based on the image provided, it is difficult to definitively identify any specific abnormalities. The image appears to be a highly processed or distorted representation of a cat. The lack of clear anatomical structures and the overall chaotic appearance make it challenging to pinpoint any specific areas of concern.

However, I can offer some general observations:","user
You are an expert radiologist.





<image>
Where is/are the abnormality located?
model
Based on the image provided, it is difficult to definitively determine the location of any abnormality. The image appears to be a single slice from a scan, and without additional information such as the modality (e.g., CT, MRI, ultrasound), the clinical context, and the patient's history, it is impossible to",0.000000,0.000000,0.000000
4742,right pca,"user
You are an expert radiologist.





<image>
Where is/are the abnormality located?
model
Based on the image provided, there is a bright, circular structure present. It appears to be a single, well-defined, and relatively uniform area of increased density.

Without further clinical information or comparison to prior imaging, it is difficult to definitively determine the cause of this finding. However, possibilities include:

*","user
You are an expert radiologist.





<image>
Where is/are the abnormality located?
model
Based on the image provided, it is difficult to definitively identify any specific abnormalities. The image appears to be a highly processed or distorted representation of a brain structure.

However, I can offer some general observations:

*   **Lack of Clear Anatomy:** The image lacks the typical anatomical features of a brain, such as","user
You are an expert radiologist.





<image>
Where is/are the abnormality located?
model
Based on the image provided, it is difficult to definitively determine the location of any abnormality without more information, such as the patient's clinical history, the imaging modality used (MRI, CT, etc.), and the specific sequence performed. However, I can offer some general observations:

*   **Overall Appearance:** The",0.000000,0.000000,0.000000
4750,yes the mri scan shows brain edema indicating an abnormal brain appearance,"user
You are an expert radiologist.





<image>
Does the brain look abnormal?
model
Based on the image provided, it is difficult to definitively determine if the brain is abnormal. The image is a single slice of a brain scan, and without additional information such as the patient's clinical history, the imaging protocol used, and comparison to previous scans, it is impossible to make a conclusive diagnosis.

However","user
You are an expert radiologist.





<image>
Does the brain look abnormal?
model
Based on the image provided, it is difficult to definitively determine if the brain is abnormal without additional information such as the imaging modality (MRI, CT, etc.), the clinical context, and the patient's history. However, I can make some general observations:

*   **Overall Structure:** The image appears to show","user
You are an expert radiologist.





<image>
Does the brain look abnormal?
model
Based on the single image provided, it is difficult to definitively determine if the brain is abnormal. However, I can offer some observations:

*   **Image Quality:** The image appears to be a T2-weighted MRI. The signal intensity is typical for this type of imaging.
*   **Overall Appearance:**",0.000000,0.000000,0.000000
4751,right pca,"user
You are an expert radiologist.





<image>
Where is/are the abnormality located?
model
Based on the image provided, it is difficult to definitively identify any specific abnormalities. The image appears to be a highly processed or distorted representation of a brain scan. The lack of clear anatomical structures and the presence of noise make it challenging to assess for any potential pathology.

To provide a more accurate assessment, I would need","user
You are an expert radiologist.





<image>
Where is/are the abnormality located?
model
Based on the image provided, it is difficult to definitively identify any specific abnormalities. The image appears to be a representation of a brain scan, likely an MRI or CT scan. However, without more information about the context of the image (e.g., patient history, clinical symptoms, other imaging studies), it is impossible","user
You are an expert radiologist.





<image>
Where is/are the abnormality located?
model
Based on the provided image, I can see a T2-weighted MRI of the brain. There are no obvious abnormalities visible in this single slice. However, to provide a more comprehensive assessment, I would need to see the entire MRI sequence, including T1-weighted images, FLAIR images, and potentially diffusion-",0.000000,0.000000,0.000000
4783,right lower lobe,"user
You are an expert radiologist.





<image>
Where is/are the abnormality located?
model
Based on the image provided, there appears to be a nodule in the right lung. The nodule is located in the upper lobe of the right lung.","user
You are an expert radiologist.





<image>
Where is/are the abnormality located?
model
Based on the image provided, there is a nodule in the right lung.","user
You are an expert radiologist.





<image>
Where is/are the abnormality located?
model
Based on the image, there appears to be a nodule in the right upper lobe of the lung. It is located near the apex of the lung.",0.000000,0.000000,0.000000
4794,right lung left,"user
You are an expert radiologist.





<image>
Where is/are the abnormality located?
model
Based on the image provided, there appears to be a **small nodule** located in the **right lung**. It is difficult to determine the exact size and characteristics without more information, such as the patient's clinical history and comparison to prior imaging. However, it is present in the lung parenchyma.

It is","user
You are an expert radiologist.





<image>
Where is/are the abnormality located?
model
Based on the image provided, there is a nodule in the right lung.","user
You are an expert radiologist.





<image>
Where is/are the abnormality located?
model
Based on the image provided, there appears to be a small nodule in the right lung. It is located in the upper lobe.

It is important to note that this is a single image and a full assessment would require reviewing the entire CT scan series, including the lung windows, to confirm the nature of the nod",0.000000,0.000000,0.000000
4804,no,"user
You are an expert radiologist.





<image>
Does the lung look abnormal?
model
Based on the provided image, the lungs appear relatively normal. There are no obvious signs of consolidation, nodules, masses, or other significant abnormalities. The lung fields are clear, and the vascular markings are present and normal.

However, it's important to note that this is a single axial slice of a CT scan","user
You are an expert radiologist.





<image>
Does the lung look abnormal?
model
Based on the provided image, the lungs appear relatively normal. There are no obvious signs of consolidation, nodules, masses, or other significant abnormalities. The lung fields are clear, and the vascular markings are within normal limits.

However, it's important to note that this is a single image and a full assessment would","user
You are an expert radiologist.





<image>
Does the lung look abnormal?
model
Based on the provided image, the lungs appear relatively normal. There are no obvious signs of consolidation, nodules, masses, or other significant abnormalities. The lung fields are clear, and the vascular markings are present and normal.

However, it's important to note that this is a single slice of a CT scan,",0.000000,0.000000,0.000000
4824,the abnormality is located in the left lung and the right lower lobe,"user
You are an expert radiologist.





<image>
Where is/are the abnormality located?
model
Based on the provided image, there are no obvious abnormalities identified. The lungs appear clear, the heart size is within normal limits, and there are no obvious masses or lesions. The mediastinum appears unremarkable.

However, it's important to note that this is a single image and a full evaluation would require reviewing the","user
You are an expert radiologist.





<image>
Where is/are the abnormality located?
model
Based on the provided image, there are no obvious abnormalities detected. The lungs appear clear, the heart size is within normal limits, and there are no obvious masses or lesions. The mediastinum appears unremarkable.

However, it's important to note that this is a single image and a full interpretation requires reviewing the entire","user
You are an expert radiologist.





<image>
Where is/are the abnormality located?
model
Based on the image provided, there are no obvious abnormalities identified. The lungs appear clear, the heart size is within normal limits, and there are no obvious masses or lesions. The mediastinum appears unremarkable.

However, it's important to note that this is a single image from a CT scan. A full evaluation",0.000000,0.000000,0.000000
4889,right lung upper left,"user
You are an expert radiologist.





<image>
Where is/are the abnormality located?
model
Based on the image provided, there is a **left atrial enlargement**. The left atrium appears to be larger than the right atrium.

It's important to note that this is a single slice of a CT scan. A full evaluation would require reviewing the entire series of images to assess the extent of the enlargement and rule","user
You are an expert radiologist.





<image>
Where is/are the abnormality located?
model
Based on the image provided, there appears to be a **roundish, well-defined, and hypodense (darker than surrounding tissue) lesion** located in the **right atrium**.

It is difficult to definitively characterize this lesion without additional information such as the patient's clinical history, previous imaging studies,","user
You are an expert radiologist.





<image>
Where is/are the abnormality located?
model
Based on the provided image, there is a **right lower lobe consolidation**. This appears as a denser area within the right lower lobe of the lung, which is not the normal air-filled lung tissue.

It's important to note that this is a single image, and a full interpretation requires reviewing the entire CT",0.000000,0.000000,0.000000
